2025-04-25 13:17:10 [http-nio-8080-exec-1] ERROR o.a.c.c.C.[.[.[.[dispatcherServlet] - Servlet.service() for servlet [dispatcherServlet] in context with path [] threw exception
io.jsonwebtoken.ExpiredJwtException: JWT expired 142272631 milliseconds ago at 2025-04-23T17:45:58.000Z. Current time: 2025-04-25T09:17:10.631Z. Allowed clock skew: 0 milliseconds.
	at io.jsonwebtoken.impl.DefaultJwtParser.parse(DefaultJwtParser.java:691)
	at io.jsonwebtoken.impl.DefaultJwtParser.parse(DefaultJwtParser.java:364)
	at io.jsonwebtoken.impl.DefaultJwtParser.parse(DefaultJwtParser.java:94)
	at io.jsonwebtoken.impl.io.AbstractParser.parse(AbstractParser.java:36)
	at io.jsonwebtoken.impl.io.AbstractParser.parse(AbstractParser.java:29)
	at io.jsonwebtoken.impl.DefaultJwtParser.parse(DefaultJwtParser.java:94)
	at az.coders.cinemaplus.service.impl.JwtServiceImpl.parseToken(JwtServiceImpl.java:26)
	at az.coders.cinemaplus.config.JwtFilter.lambda$doFilterInternal$1(JwtFilter.java:36)
	at java.base/java.util.Optional.ifPresent(Optional.java:178)
	at az.coders.cinemaplus.config.JwtFilter.doFilterInternal(JwtFilter.java:34)
	at org.springframework.web.filter.OncePerRequestFilter.doFilter(OncePerRequestFilter.java:116)
	at org.springframework.security.web.FilterChainProxy$VirtualFilterChain.doFilter(FilterChainProxy.java:374)
	at org.springframework.security.web.authentication.logout.LogoutFilter.doFilter(LogoutFilter.java:107)
	at org.springframework.security.web.authentication.logout.LogoutFilter.doFilter(LogoutFilter.java:93)
	at org.springframework.security.web.FilterChainProxy$VirtualFilterChain.doFilter(FilterChainProxy.java:374)
	at org.springframework.security.web.header.HeaderWriterFilter.doHeadersAfter(HeaderWriterFilter.java:90)
	at org.springframework.security.web.header.HeaderWriterFilter.doFilterInternal(HeaderWriterFilter.java:75)
	at org.springframework.web.filter.OncePerRequestFilter.doFilter(OncePerRequestFilter.java:116)
	at org.springframework.security.web.FilterChainProxy$VirtualFilterChain.doFilter(FilterChainProxy.java:374)
	at org.springframework.security.web.context.SecurityContextHolderFilter.doFilter(SecurityContextHolderFilter.java:82)
	at org.springframework.security.web.context.SecurityContextHolderFilter.doFilter(SecurityContextHolderFilter.java:69)
	at org.springframework.security.web.FilterChainProxy$VirtualFilterChain.doFilter(FilterChainProxy.java:374)
	at org.springframework.security.web.context.request.async.WebAsyncManagerIntegrationFilter.doFilterInternal(WebAsyncManagerIntegrationFilter.java:62)
	at org.springframework.web.filter.OncePerRequestFilter.doFilter(OncePerRequestFilter.java:116)
	at org.springframework.security.web.FilterChainProxy$VirtualFilterChain.doFilter(FilterChainProxy.java:374)
	at org.springframework.security.web.session.DisableEncodeUrlFilter.doFilterInternal(DisableEncodeUrlFilter.java:42)
	at org.springframework.web.filter.OncePerRequestFilter.doFilter(OncePerRequestFilter.java:116)
	at org.springframework.security.web.FilterChainProxy$VirtualFilterChain.doFilter(FilterChainProxy.java:374)
	at org.springframework.security.web.FilterChainProxy.doFilterInternal(FilterChainProxy.java:233)
	at org.springframework.security.web.FilterChainProxy.doFilter(FilterChainProxy.java:191)
	at org.springframework.web.filter.CompositeFilter$VirtualFilterChain.doFilter(CompositeFilter.java:113)
	at org.springframework.web.servlet.handler.HandlerMappingIntrospector.lambda$createCacheFilter$3(HandlerMappingIntrospector.java:243)
	at org.springframework.web.filter.CompositeFilter$VirtualFilterChain.doFilter(CompositeFilter.java:113)
	at org.springframework.web.filter.CompositeFilter.doFilter(CompositeFilter.java:74)
	at org.springframework.security.config.annotation.web.configuration.WebMvcSecurityConfiguration$CompositeFilterChainProxy.doFilter(WebMvcSecurityConfiguration.java:238)
	at org.springframework.web.filter.DelegatingFilterProxy.invokeDelegate(DelegatingFilterProxy.java:362)
	at org.springframework.web.filter.DelegatingFilterProxy.doFilter(DelegatingFilterProxy.java:278)
	at org.apache.catalina.core.ApplicationFilterChain.internalDoFilter(ApplicationFilterChain.java:164)
	at org.apache.catalina.core.ApplicationFilterChain.doFilter(ApplicationFilterChain.java:140)
	at org.springframework.web.filter.RequestContextFilter.doFilterInternal(RequestContextFilter.java:100)
	at org.springframework.web.filter.OncePerRequestFilter.doFilter(OncePerRequestFilter.java:116)
	at org.apache.catalina.core.ApplicationFilterChain.internalDoFilter(ApplicationFilterChain.java:164)
	at org.apache.catalina.core.ApplicationFilterChain.doFilter(ApplicationFilterChain.java:140)
	at org.springframework.web.filter.FormContentFilter.doFilterInternal(FormContentFilter.java:93)
	at org.springframework.web.filter.OncePerRequestFilter.doFilter(OncePerRequestFilter.java:116)
	at org.apache.catalina.core.ApplicationFilterChain.internalDoFilter(ApplicationFilterChain.java:164)
	at org.apache.catalina.core.ApplicationFilterChain.doFilter(ApplicationFilterChain.java:140)
	at org.springframework.web.filter.CharacterEncodingFilter.doFilterInternal(CharacterEncodingFilter.java:201)
	at org.springframework.web.filter.OncePerRequestFilter.doFilter(OncePerRequestFilter.java:116)
	at org.apache.catalina.core.ApplicationFilterChain.internalDoFilter(ApplicationFilterChain.java:164)
	at org.apache.catalina.core.ApplicationFilterChain.doFilter(ApplicationFilterChain.java:140)
	at org.apache.catalina.core.StandardWrapperValve.invoke(StandardWrapperValve.java:167)
	at org.apache.catalina.core.StandardContextValve.invoke(StandardContextValve.java:90)
	at org.apache.catalina.authenticator.AuthenticatorBase.invoke(AuthenticatorBase.java:483)
	at org.apache.catalina.core.StandardHostValve.invoke(StandardHostValve.java:115)
	at org.apache.catalina.valves.ErrorReportValve.invoke(ErrorReportValve.java:93)
	at org.apache.catalina.core.StandardEngineValve.invoke(StandardEngineValve.java:74)
	at org.apache.catalina.connector.CoyoteAdapter.service(CoyoteAdapter.java:344)
	at org.apache.coyote.http11.Http11Processor.service(Http11Processor.java:397)
	at org.apache.coyote.AbstractProcessorLight.process(AbstractProcessorLight.java:63)
	at org.apache.coyote.AbstractProtocol$ConnectionHandler.process(AbstractProtocol.java:905)
	at org.apache.tomcat.util.net.NioEndpoint$SocketProcessor.doRun(NioEndpoint.java:1743)
	at org.apache.tomcat.util.net.SocketProcessorBase.run(SocketProcessorBase.java:52)
	at org.apache.tomcat.util.threads.ThreadPoolExecutor.runWorker(ThreadPoolExecutor.java:1190)
	at org.apache.tomcat.util.threads.ThreadPoolExecutor$Worker.run(ThreadPoolExecutor.java:659)
	at org.apache.tomcat.util.threads.TaskThread$WrappingRunnable.run(TaskThread.java:63)
	at java.base/java.lang.Thread.run(Thread.java:1570)
2025-04-25 13:17:17 [http-nio-8080-exec-2] ERROR o.a.c.c.C.[.[.[.[dispatcherServlet] - Servlet.service() for servlet [dispatcherServlet] in context with path [] threw exception
io.jsonwebtoken.ExpiredJwtException: JWT expired 142279159 milliseconds ago at 2025-04-23T17:45:58.000Z. Current time: 2025-04-25T09:17:17.159Z. Allowed clock skew: 0 milliseconds.
	at io.jsonwebtoken.impl.DefaultJwtParser.parse(DefaultJwtParser.java:691)
	at io.jsonwebtoken.impl.DefaultJwtParser.parse(DefaultJwtParser.java:364)
	at io.jsonwebtoken.impl.DefaultJwtParser.parse(DefaultJwtParser.java:94)
	at io.jsonwebtoken.impl.io.AbstractParser.parse(AbstractParser.java:36)
	at io.jsonwebtoken.impl.io.AbstractParser.parse(AbstractParser.java:29)
	at io.jsonwebtoken.impl.DefaultJwtParser.parse(DefaultJwtParser.java:94)
	at az.coders.cinemaplus.service.impl.JwtServiceImpl.parseToken(JwtServiceImpl.java:26)
	at az.coders.cinemaplus.config.JwtFilter.lambda$doFilterInternal$1(JwtFilter.java:36)
	at java.base/java.util.Optional.ifPresent(Optional.java:178)
	at az.coders.cinemaplus.config.JwtFilter.doFilterInternal(JwtFilter.java:34)
	at org.springframework.web.filter.OncePerRequestFilter.doFilter(OncePerRequestFilter.java:116)
	at org.springframework.security.web.FilterChainProxy$VirtualFilterChain.doFilter(FilterChainProxy.java:374)
	at org.springframework.security.web.authentication.logout.LogoutFilter.doFilter(LogoutFilter.java:107)
	at org.springframework.security.web.authentication.logout.LogoutFilter.doFilter(LogoutFilter.java:93)
	at org.springframework.security.web.FilterChainProxy$VirtualFilterChain.doFilter(FilterChainProxy.java:374)
	at org.springframework.security.web.header.HeaderWriterFilter.doHeadersAfter(HeaderWriterFilter.java:90)
	at org.springframework.security.web.header.HeaderWriterFilter.doFilterInternal(HeaderWriterFilter.java:75)
	at org.springframework.web.filter.OncePerRequestFilter.doFilter(OncePerRequestFilter.java:116)
	at org.springframework.security.web.FilterChainProxy$VirtualFilterChain.doFilter(FilterChainProxy.java:374)
	at org.springframework.security.web.context.SecurityContextHolderFilter.doFilter(SecurityContextHolderFilter.java:82)
	at org.springframework.security.web.context.SecurityContextHolderFilter.doFilter(SecurityContextHolderFilter.java:69)
	at org.springframework.security.web.FilterChainProxy$VirtualFilterChain.doFilter(FilterChainProxy.java:374)
	at org.springframework.security.web.context.request.async.WebAsyncManagerIntegrationFilter.doFilterInternal(WebAsyncManagerIntegrationFilter.java:62)
	at org.springframework.web.filter.OncePerRequestFilter.doFilter(OncePerRequestFilter.java:116)
	at org.springframework.security.web.FilterChainProxy$VirtualFilterChain.doFilter(FilterChainProxy.java:374)
	at org.springframework.security.web.session.DisableEncodeUrlFilter.doFilterInternal(DisableEncodeUrlFilter.java:42)
	at org.springframework.web.filter.OncePerRequestFilter.doFilter(OncePerRequestFilter.java:116)
	at org.springframework.security.web.FilterChainProxy$VirtualFilterChain.doFilter(FilterChainProxy.java:374)
	at org.springframework.security.web.FilterChainProxy.doFilterInternal(FilterChainProxy.java:233)
	at org.springframework.security.web.FilterChainProxy.doFilter(FilterChainProxy.java:191)
	at org.springframework.web.filter.CompositeFilter$VirtualFilterChain.doFilter(CompositeFilter.java:113)
	at org.springframework.web.servlet.handler.HandlerMappingIntrospector.lambda$createCacheFilter$3(HandlerMappingIntrospector.java:243)
	at org.springframework.web.filter.CompositeFilter$VirtualFilterChain.doFilter(CompositeFilter.java:113)
	at org.springframework.web.filter.CompositeFilter.doFilter(CompositeFilter.java:74)
	at org.springframework.security.config.annotation.web.configuration.WebMvcSecurityConfiguration$CompositeFilterChainProxy.doFilter(WebMvcSecurityConfiguration.java:238)
	at org.springframework.web.filter.DelegatingFilterProxy.invokeDelegate(DelegatingFilterProxy.java:362)
	at org.springframework.web.filter.DelegatingFilterProxy.doFilter(DelegatingFilterProxy.java:278)
	at org.apache.catalina.core.ApplicationFilterChain.internalDoFilter(ApplicationFilterChain.java:164)
	at org.apache.catalina.core.ApplicationFilterChain.doFilter(ApplicationFilterChain.java:140)
	at org.springframework.web.filter.RequestContextFilter.doFilterInternal(RequestContextFilter.java:100)
	at org.springframework.web.filter.OncePerRequestFilter.doFilter(OncePerRequestFilter.java:116)
	at org.apache.catalina.core.ApplicationFilterChain.internalDoFilter(ApplicationFilterChain.java:164)
	at org.apache.catalina.core.ApplicationFilterChain.doFilter(ApplicationFilterChain.java:140)
	at org.springframework.web.filter.FormContentFilter.doFilterInternal(FormContentFilter.java:93)
	at org.springframework.web.filter.OncePerRequestFilter.doFilter(OncePerRequestFilter.java:116)
	at org.apache.catalina.core.ApplicationFilterChain.internalDoFilter(ApplicationFilterChain.java:164)
	at org.apache.catalina.core.ApplicationFilterChain.doFilter(ApplicationFilterChain.java:140)
	at org.springframework.web.filter.CharacterEncodingFilter.doFilterInternal(CharacterEncodingFilter.java:201)
	at org.springframework.web.filter.OncePerRequestFilter.doFilter(OncePerRequestFilter.java:116)
	at org.apache.catalina.core.ApplicationFilterChain.internalDoFilter(ApplicationFilterChain.java:164)
	at org.apache.catalina.core.ApplicationFilterChain.doFilter(ApplicationFilterChain.java:140)
	at org.apache.catalina.core.StandardWrapperValve.invoke(StandardWrapperValve.java:167)
	at org.apache.catalina.core.StandardContextValve.invoke(StandardContextValve.java:90)
	at org.apache.catalina.authenticator.AuthenticatorBase.invoke(AuthenticatorBase.java:483)
	at org.apache.catalina.core.StandardHostValve.invoke(StandardHostValve.java:115)
	at org.apache.catalina.valves.ErrorReportValve.invoke(ErrorReportValve.java:93)
	at org.apache.catalina.core.StandardEngineValve.invoke(StandardEngineValve.java:74)
	at org.apache.catalina.connector.CoyoteAdapter.service(CoyoteAdapter.java:344)
	at org.apache.coyote.http11.Http11Processor.service(Http11Processor.java:397)
	at org.apache.coyote.AbstractProcessorLight.process(AbstractProcessorLight.java:63)
	at org.apache.coyote.AbstractProtocol$ConnectionHandler.process(AbstractProtocol.java:905)
	at org.apache.tomcat.util.net.NioEndpoint$SocketProcessor.doRun(NioEndpoint.java:1743)
	at org.apache.tomcat.util.net.SocketProcessorBase.run(SocketProcessorBase.java:52)
	at org.apache.tomcat.util.threads.ThreadPoolExecutor.runWorker(ThreadPoolExecutor.java:1190)
	at org.apache.tomcat.util.threads.ThreadPoolExecutor$Worker.run(ThreadPoolExecutor.java:659)
	at org.apache.tomcat.util.threads.TaskThread$WrappingRunnable.run(TaskThread.java:63)
	at java.base/java.lang.Thread.run(Thread.java:1570)
2025-04-25 15:37:23 [main] ERROR o.s.boot.SpringApplication - Application run failed
org.springframework.beans.factory.BeanDefinitionStoreException: Failed to parse configuration class [az.coders.cinemaplus.CinemaplusApplication]
	at org.springframework.context.annotation.ConfigurationClassParser.parse(ConfigurationClassParser.java:193)
	at org.springframework.context.annotation.ConfigurationClassPostProcessor.processConfigBeanDefinitions(ConfigurationClassPostProcessor.java:418)
	at org.springframework.context.annotation.ConfigurationClassPostProcessor.postProcessBeanDefinitionRegistry(ConfigurationClassPostProcessor.java:290)
	at org.springframework.context.support.PostProcessorRegistrationDelegate.invokeBeanDefinitionRegistryPostProcessors(PostProcessorRegistrationDelegate.java:349)
	at org.springframework.context.support.PostProcessorRegistrationDelegate.invokeBeanFactoryPostProcessors(PostProcessorRegistrationDelegate.java:118)
	at org.springframework.context.support.AbstractApplicationContext.invokeBeanFactoryPostProcessors(AbstractApplicationContext.java:791)
	at org.springframework.context.support.AbstractApplicationContext.refresh(AbstractApplicationContext.java:609)
	at org.springframework.boot.web.servlet.context.ServletWebServerApplicationContext.refresh(ServletWebServerApplicationContext.java:146)
	at org.springframework.boot.SpringApplication.refresh(SpringApplication.java:752)
	at org.springframework.boot.SpringApplication.refreshContext(SpringApplication.java:439)
	at org.springframework.boot.SpringApplication.run(SpringApplication.java:318)
	at org.springframework.boot.SpringApplication.run(SpringApplication.java:1361)
	at org.springframework.boot.SpringApplication.run(SpringApplication.java:1350)
	at az.coders.cinemaplus.CinemaplusApplication.main(CinemaplusApplication.java:22)
Caused by: org.springframework.context.annotation.ConflictingBeanDefinitionException: Annotation-specified bean name 'errorMessageController' for bean class [az.coders.cinemaplus.controller.user.ErrorMessageUserController] conflicts with existing, non-compatible bean definition of same name and class [az.coders.cinemaplus.controller.admin.ErrorMessageController]
	at org.springframework.context.annotation.ClassPathBeanDefinitionScanner.checkCandidate(ClassPathBeanDefinitionScanner.java:361)
	at org.springframework.context.annotation.ClassPathBeanDefinitionScanner.doScan(ClassPathBeanDefinitionScanner.java:288)
	at org.springframework.context.annotation.ComponentScanAnnotationParser.parse(ComponentScanAnnotationParser.java:128)
	at org.springframework.context.annotation.ConfigurationClassParser.doProcessConfigurationClass(ConfigurationClassParser.java:345)
	at org.springframework.context.annotation.ConfigurationClassParser.processConfigurationClass(ConfigurationClassParser.java:280)
	at org.springframework.context.annotation.ConfigurationClassParser.parse(ConfigurationClassParser.java:203)
	at org.springframework.context.annotation.ConfigurationClassParser.parse(ConfigurationClassParser.java:172)
	... 13 common frames omitted
2025-04-25 15:46:23 [http-nio-8080-exec-5] ERROR o.a.c.c.C.[.[.[.[dispatcherServlet] - Servlet.service() for servlet [dispatcherServlet] in context with path [] threw exception [Request processing failed: org.springframework.orm.ObjectOptimisticLockingFailureException: Row was updated or deleted by another transaction (or unsaved-value mapping was incorrect): [az.coders.cinemaplus.entity.ErrorMessage#1]] with root cause
org.hibernate.StaleObjectStateException: Row was updated or deleted by another transaction (or unsaved-value mapping was incorrect): [az.coders.cinemaplus.entity.ErrorMessage#1]
	at org.hibernate.event.internal.DefaultMergeEventListener.entityIsDetached(DefaultMergeEventListener.java:426)
	at org.hibernate.event.internal.DefaultMergeEventListener.merge(DefaultMergeEventListener.java:214)
	at org.hibernate.event.internal.DefaultMergeEventListener.doMerge(DefaultMergeEventListener.java:152)
	at org.hibernate.event.internal.DefaultMergeEventListener.onMerge(DefaultMergeEventListener.java:136)
	at org.hibernate.event.internal.DefaultMergeEventListener.onMerge(DefaultMergeEventListener.java:89)
	at org.hibernate.event.service.internal.EventListenerGroupImpl.fireEventOnEachListener(EventListenerGroupImpl.java:127)
	at org.hibernate.internal.SessionImpl.fireMerge(SessionImpl.java:854)
	at org.hibernate.internal.SessionImpl.merge(SessionImpl.java:840)
	at java.base/jdk.internal.reflect.DirectMethodHandleAccessor.invoke(DirectMethodHandleAccessor.java:103)
	at java.base/java.lang.reflect.Method.invoke(Method.java:580)
	at org.springframework.orm.jpa.ExtendedEntityManagerCreator$ExtendedEntityManagerInvocationHandler.invoke(ExtendedEntityManagerCreator.java:364)
	at jdk.proxy2/jdk.proxy2.$Proxy128.merge(Unknown Source)
	at java.base/jdk.internal.reflect.DirectMethodHandleAccessor.invoke(DirectMethodHandleAccessor.java:103)
	at java.base/java.lang.reflect.Method.invoke(Method.java:580)
	at org.springframework.orm.jpa.SharedEntityManagerCreator$SharedEntityManagerInvocationHandler.invoke(SharedEntityManagerCreator.java:320)
	at jdk.proxy2/jdk.proxy2.$Proxy128.merge(Unknown Source)
	at org.springframework.data.jpa.repository.support.SimpleJpaRepository.save(SimpleJpaRepository.java:639)
	at java.base/jdk.internal.reflect.DirectMethodHandleAccessor.invoke(DirectMethodHandleAccessor.java:103)
	at java.base/java.lang.reflect.Method.invoke(Method.java:580)
	at org.springframework.aop.support.AopUtils.invokeJoinpointUsingReflection(AopUtils.java:359)
	at org.springframework.data.repository.core.support.RepositoryMethodInvoker$RepositoryFragmentMethodInvoker.lambda$new$0(RepositoryMethodInvoker.java:277)
	at org.springframework.data.repository.core.support.RepositoryMethodInvoker.doInvoke(RepositoryMethodInvoker.java:170)
	at org.springframework.data.repository.core.support.RepositoryMethodInvoker.invoke(RepositoryMethodInvoker.java:158)
	at org.springframework.data.repository.core.support.RepositoryComposition$RepositoryFragments.invoke(RepositoryComposition.java:515)
	at org.springframework.data.repository.core.support.RepositoryComposition.invoke(RepositoryComposition.java:284)
	at org.springframework.data.repository.core.support.RepositoryFactorySupport$ImplementationMethodExecutionInterceptor.invoke(RepositoryFactorySupport.java:731)
	at org.springframework.aop.framework.ReflectiveMethodInvocation.proceed(ReflectiveMethodInvocation.java:184)
	at org.springframework.data.repository.core.support.QueryExecutorMethodInterceptor.doInvoke(QueryExecutorMethodInterceptor.java:174)
	at org.springframework.data.repository.core.support.QueryExecutorMethodInterceptor.invoke(QueryExecutorMethodInterceptor.java:149)
	at org.springframework.aop.framework.ReflectiveMethodInvocation.proceed(ReflectiveMethodInvocation.java:184)
	at org.springframework.data.projection.DefaultMethodInvokingMethodInterceptor.invoke(DefaultMethodInvokingMethodInterceptor.java:69)
	at org.springframework.aop.framework.ReflectiveMethodInvocation.proceed(ReflectiveMethodInvocation.java:184)
	at org.springframework.transaction.interceptor.TransactionAspectSupport.invokeWithinTransaction(TransactionAspectSupport.java:380)
	at org.springframework.transaction.interceptor.TransactionInterceptor.invoke(TransactionInterceptor.java:119)
	at org.springframework.aop.framework.ReflectiveMethodInvocation.proceed(ReflectiveMethodInvocation.java:184)
	at org.springframework.dao.support.PersistenceExceptionTranslationInterceptor.invoke(PersistenceExceptionTranslationInterceptor.java:138)
	at org.springframework.aop.framework.ReflectiveMethodInvocation.proceed(ReflectiveMethodInvocation.java:184)
	at org.springframework.data.jpa.repository.support.CrudMethodMetadataPostProcessor$CrudMethodMetadataPopulatingMethodInterceptor.invoke(CrudMethodMetadataPostProcessor.java:165)
	at org.springframework.aop.framework.ReflectiveMethodInvocation.proceed(ReflectiveMethodInvocation.java:184)
	at org.springframework.aop.framework.JdkDynamicAopProxy.invoke(JdkDynamicAopProxy.java:223)
	at jdk.proxy2/jdk.proxy2.$Proxy140.save(Unknown Source)
	at az.coders.cinemaplus.service.impl.ErrorMessageServiceImpl.createErrorMessage(ErrorMessageServiceImpl.java:52)
	at az.coders.cinemaplus.controller.admin.ErrorMessageController.createErrorMessage(ErrorMessageController.java:30)
	at java.base/jdk.internal.reflect.DirectMethodHandleAccessor.invoke(DirectMethodHandleAccessor.java:103)
	at java.base/java.lang.reflect.Method.invoke(Method.java:580)
	at org.springframework.web.method.support.InvocableHandlerMethod.doInvoke(InvocableHandlerMethod.java:258)
	at org.springframework.web.method.support.InvocableHandlerMethod.invokeForRequest(InvocableHandlerMethod.java:191)
	at org.springframework.web.servlet.mvc.method.annotation.ServletInvocableHandlerMethod.invokeAndHandle(ServletInvocableHandlerMethod.java:118)
	at org.springframework.web.servlet.mvc.method.annotation.RequestMappingHandlerAdapter.invokeHandlerMethod(RequestMappingHandlerAdapter.java:986)
	at org.springframework.web.servlet.mvc.method.annotation.RequestMappingHandlerAdapter.handleInternal(RequestMappingHandlerAdapter.java:891)
	at org.springframework.web.servlet.mvc.method.AbstractHandlerMethodAdapter.handle(AbstractHandlerMethodAdapter.java:87)
	at org.springframework.web.servlet.DispatcherServlet.doDispatch(DispatcherServlet.java:1089)
	at org.springframework.web.servlet.DispatcherServlet.doService(DispatcherServlet.java:979)
	at org.springframework.web.servlet.FrameworkServlet.processRequest(FrameworkServlet.java:1014)
	at org.springframework.web.servlet.FrameworkServlet.doPost(FrameworkServlet.java:914)
	at jakarta.servlet.http.HttpServlet.service(HttpServlet.java:590)
	at org.springframework.web.servlet.FrameworkServlet.service(FrameworkServlet.java:885)
	at jakarta.servlet.http.HttpServlet.service(HttpServlet.java:658)
	at org.apache.catalina.core.ApplicationFilterChain.internalDoFilter(ApplicationFilterChain.java:195)
	at org.apache.catalina.core.ApplicationFilterChain.doFilter(ApplicationFilterChain.java:140)
	at org.apache.tomcat.websocket.server.WsFilter.doFilter(WsFilter.java:51)
	at org.apache.catalina.core.ApplicationFilterChain.internalDoFilter(ApplicationFilterChain.java:164)
	at org.apache.catalina.core.ApplicationFilterChain.doFilter(ApplicationFilterChain.java:140)
	at az.coders.cinemaplus.config.LoggingFilter.doFilterInternal(LoggingFilter.java:28)
	at org.springframework.web.filter.OncePerRequestFilter.doFilter(OncePerRequestFilter.java:116)
	at org.apache.catalina.core.ApplicationFilterChain.internalDoFilter(ApplicationFilterChain.java:164)
	at org.apache.catalina.core.ApplicationFilterChain.doFilter(ApplicationFilterChain.java:140)
	at org.springframework.web.filter.OncePerRequestFilter.doFilter(OncePerRequestFilter.java:110)
	at org.apache.catalina.core.ApplicationFilterChain.internalDoFilter(ApplicationFilterChain.java:164)
	at org.apache.catalina.core.ApplicationFilterChain.doFilter(ApplicationFilterChain.java:140)
	at org.springframework.web.filter.CompositeFilter$VirtualFilterChain.doFilter(CompositeFilter.java:108)
	at org.springframework.security.web.FilterChainProxy.lambda$doFilterInternal$3(FilterChainProxy.java:231)
	at org.springframework.security.web.FilterChainProxy$VirtualFilterChain.doFilter(FilterChainProxy.java:365)
	at org.springframework.security.web.access.intercept.AuthorizationFilter.doFilter(AuthorizationFilter.java:101)
	at org.springframework.security.web.FilterChainProxy$VirtualFilterChain.doFilter(FilterChainProxy.java:374)
	at org.springframework.security.web.access.ExceptionTranslationFilter.doFilter(ExceptionTranslationFilter.java:126)
	at org.springframework.security.web.access.ExceptionTranslationFilter.doFilter(ExceptionTranslationFilter.java:120)
	at org.springframework.security.web.FilterChainProxy$VirtualFilterChain.doFilter(FilterChainProxy.java:374)
	at org.springframework.security.web.authentication.AnonymousAuthenticationFilter.doFilter(AnonymousAuthenticationFilter.java:100)
	at org.springframework.security.web.FilterChainProxy$VirtualFilterChain.doFilter(FilterChainProxy.java:374)
	at org.springframework.security.web.servletapi.SecurityContextHolderAwareRequestFilter.doFilter(SecurityContextHolderAwareRequestFilter.java:179)
	at org.springframework.security.web.FilterChainProxy$VirtualFilterChain.doFilter(FilterChainProxy.java:374)
	at org.springframework.security.web.savedrequest.RequestCacheAwareFilter.doFilter(RequestCacheAwareFilter.java:63)
	at org.springframework.security.web.FilterChainProxy$VirtualFilterChain.doFilter(FilterChainProxy.java:374)
	at az.coders.cinemaplus.config.JwtFilter.doFilterInternal(JwtFilter.java:42)
	at org.springframework.web.filter.OncePerRequestFilter.doFilter(OncePerRequestFilter.java:116)
	at org.springframework.security.web.FilterChainProxy$VirtualFilterChain.doFilter(FilterChainProxy.java:374)
	at org.springframework.security.web.authentication.logout.LogoutFilter.doFilter(LogoutFilter.java:107)
	at org.springframework.security.web.authentication.logout.LogoutFilter.doFilter(LogoutFilter.java:93)
	at org.springframework.security.web.FilterChainProxy$VirtualFilterChain.doFilter(FilterChainProxy.java:374)
	at org.springframework.security.web.header.HeaderWriterFilter.doHeadersAfter(HeaderWriterFilter.java:90)
	at org.springframework.security.web.header.HeaderWriterFilter.doFilterInternal(HeaderWriterFilter.java:75)
	at org.springframework.web.filter.OncePerRequestFilter.doFilter(OncePerRequestFilter.java:116)
	at org.springframework.security.web.FilterChainProxy$VirtualFilterChain.doFilter(FilterChainProxy.java:374)
	at org.springframework.security.web.context.SecurityContextHolderFilter.doFilter(SecurityContextHolderFilter.java:82)
	at org.springframework.security.web.context.SecurityContextHolderFilter.doFilter(SecurityContextHolderFilter.java:69)
	at org.springframework.security.web.FilterChainProxy$VirtualFilterChain.doFilter(FilterChainProxy.java:374)
	at org.springframework.security.web.context.request.async.WebAsyncManagerIntegrationFilter.doFilterInternal(WebAsyncManagerIntegrationFilter.java:62)
	at org.springframework.web.filter.OncePerRequestFilter.doFilter(OncePerRequestFilter.java:116)
	at org.springframework.security.web.FilterChainProxy$VirtualFilterChain.doFilter(FilterChainProxy.java:374)
	at org.springframework.security.web.session.DisableEncodeUrlFilter.doFilterInternal(DisableEncodeUrlFilter.java:42)
	at org.springframework.web.filter.OncePerRequestFilter.doFilter(OncePerRequestFilter.java:116)
	at org.springframework.security.web.FilterChainProxy$VirtualFilterChain.doFilter(FilterChainProxy.java:374)
	at org.springframework.security.web.FilterChainProxy.doFilterInternal(FilterChainProxy.java:233)
	at org.springframework.security.web.FilterChainProxy.doFilter(FilterChainProxy.java:191)
	at org.springframework.web.filter.CompositeFilter$VirtualFilterChain.doFilter(CompositeFilter.java:113)
	at org.springframework.web.servlet.handler.HandlerMappingIntrospector.lambda$createCacheFilter$3(HandlerMappingIntrospector.java:243)
	at org.springframework.web.filter.CompositeFilter$VirtualFilterChain.doFilter(CompositeFilter.java:113)
	at org.springframework.web.filter.CompositeFilter.doFilter(CompositeFilter.java:74)
	at org.springframework.security.config.annotation.web.configuration.WebMvcSecurityConfiguration$CompositeFilterChainProxy.doFilter(WebMvcSecurityConfiguration.java:238)
	at org.springframework.web.filter.DelegatingFilterProxy.invokeDelegate(DelegatingFilterProxy.java:362)
	at org.springframework.web.filter.DelegatingFilterProxy.doFilter(DelegatingFilterProxy.java:278)
	at org.apache.catalina.core.ApplicationFilterChain.internalDoFilter(ApplicationFilterChain.java:164)
	at org.apache.catalina.core.ApplicationFilterChain.doFilter(ApplicationFilterChain.java:140)
	at org.springframework.web.filter.RequestContextFilter.doFilterInternal(RequestContextFilter.java:100)
	at org.springframework.web.filter.OncePerRequestFilter.doFilter(OncePerRequestFilter.java:116)
	at org.apache.catalina.core.ApplicationFilterChain.internalDoFilter(ApplicationFilterChain.java:164)
	at org.apache.catalina.core.ApplicationFilterChain.doFilter(ApplicationFilterChain.java:140)
	at org.springframework.web.filter.FormContentFilter.doFilterInternal(FormContentFilter.java:93)
	at org.springframework.web.filter.OncePerRequestFilter.doFilter(OncePerRequestFilter.java:116)
	at org.apache.catalina.core.ApplicationFilterChain.internalDoFilter(ApplicationFilterChain.java:164)
	at org.apache.catalina.core.ApplicationFilterChain.doFilter(ApplicationFilterChain.java:140)
	at org.springframework.web.filter.CharacterEncodingFilter.doFilterInternal(CharacterEncodingFilter.java:201)
	at org.springframework.web.filter.OncePerRequestFilter.doFilter(OncePerRequestFilter.java:116)
	at org.apache.catalina.core.ApplicationFilterChain.internalDoFilter(ApplicationFilterChain.java:164)
	at org.apache.catalina.core.ApplicationFilterChain.doFilter(ApplicationFilterChain.java:140)
	at org.apache.catalina.core.StandardWrapperValve.invoke(StandardWrapperValve.java:167)
	at org.apache.catalina.core.StandardContextValve.invoke(StandardContextValve.java:90)
	at org.apache.catalina.authenticator.AuthenticatorBase.invoke(AuthenticatorBase.java:483)
	at org.apache.catalina.core.StandardHostValve.invoke(StandardHostValve.java:115)
	at org.apache.catalina.valves.ErrorReportValve.invoke(ErrorReportValve.java:93)
	at org.apache.catalina.core.StandardEngineValve.invoke(StandardEngineValve.java:74)
	at org.apache.catalina.connector.CoyoteAdapter.service(CoyoteAdapter.java:344)
	at org.apache.coyote.http11.Http11Processor.service(Http11Processor.java:397)
	at org.apache.coyote.AbstractProcessorLight.process(AbstractProcessorLight.java:63)
	at org.apache.coyote.AbstractProtocol$ConnectionHandler.process(AbstractProtocol.java:905)
	at org.apache.tomcat.util.net.NioEndpoint$SocketProcessor.doRun(NioEndpoint.java:1743)
	at org.apache.tomcat.util.net.SocketProcessorBase.run(SocketProcessorBase.java:52)
	at org.apache.tomcat.util.threads.ThreadPoolExecutor.runWorker(ThreadPoolExecutor.java:1190)
	at org.apache.tomcat.util.threads.ThreadPoolExecutor$Worker.run(ThreadPoolExecutor.java:659)
	at org.apache.tomcat.util.threads.TaskThread$WrappingRunnable.run(TaskThread.java:63)
	at java.base/java.lang.Thread.run(Thread.java:1570)
2025-04-25 15:46:50 [http-nio-8080-exec-9] ERROR o.a.c.c.C.[.[.[.[dispatcherServlet] - Servlet.service() for servlet [dispatcherServlet] in context with path [] threw exception [Request processing failed: org.springframework.orm.ObjectOptimisticLockingFailureException: Row was updated or deleted by another transaction (or unsaved-value mapping was incorrect): [az.coders.cinemaplus.entity.ErrorMessage#1]] with root cause
org.hibernate.StaleObjectStateException: Row was updated or deleted by another transaction (or unsaved-value mapping was incorrect): [az.coders.cinemaplus.entity.ErrorMessage#1]
	at org.hibernate.event.internal.DefaultMergeEventListener.entityIsDetached(DefaultMergeEventListener.java:426)
	at org.hibernate.event.internal.DefaultMergeEventListener.merge(DefaultMergeEventListener.java:214)
	at org.hibernate.event.internal.DefaultMergeEventListener.doMerge(DefaultMergeEventListener.java:152)
	at org.hibernate.event.internal.DefaultMergeEventListener.onMerge(DefaultMergeEventListener.java:136)
	at org.hibernate.event.internal.DefaultMergeEventListener.onMerge(DefaultMergeEventListener.java:89)
	at org.hibernate.event.service.internal.EventListenerGroupImpl.fireEventOnEachListener(EventListenerGroupImpl.java:127)
	at org.hibernate.internal.SessionImpl.fireMerge(SessionImpl.java:854)
	at org.hibernate.internal.SessionImpl.merge(SessionImpl.java:840)
	at java.base/jdk.internal.reflect.DirectMethodHandleAccessor.invoke(DirectMethodHandleAccessor.java:103)
	at java.base/java.lang.reflect.Method.invoke(Method.java:580)
	at org.springframework.orm.jpa.ExtendedEntityManagerCreator$ExtendedEntityManagerInvocationHandler.invoke(ExtendedEntityManagerCreator.java:364)
	at jdk.proxy2/jdk.proxy2.$Proxy128.merge(Unknown Source)
	at java.base/jdk.internal.reflect.DirectMethodHandleAccessor.invoke(DirectMethodHandleAccessor.java:103)
	at java.base/java.lang.reflect.Method.invoke(Method.java:580)
	at org.springframework.orm.jpa.SharedEntityManagerCreator$SharedEntityManagerInvocationHandler.invoke(SharedEntityManagerCreator.java:320)
	at jdk.proxy2/jdk.proxy2.$Proxy128.merge(Unknown Source)
	at org.springframework.data.jpa.repository.support.SimpleJpaRepository.save(SimpleJpaRepository.java:639)
	at java.base/jdk.internal.reflect.DirectMethodHandleAccessor.invoke(DirectMethodHandleAccessor.java:103)
	at java.base/java.lang.reflect.Method.invoke(Method.java:580)
	at org.springframework.aop.support.AopUtils.invokeJoinpointUsingReflection(AopUtils.java:359)
	at org.springframework.data.repository.core.support.RepositoryMethodInvoker$RepositoryFragmentMethodInvoker.lambda$new$0(RepositoryMethodInvoker.java:277)
	at org.springframework.data.repository.core.support.RepositoryMethodInvoker.doInvoke(RepositoryMethodInvoker.java:170)
	at org.springframework.data.repository.core.support.RepositoryMethodInvoker.invoke(RepositoryMethodInvoker.java:158)
	at org.springframework.data.repository.core.support.RepositoryComposition$RepositoryFragments.invoke(RepositoryComposition.java:515)
	at org.springframework.data.repository.core.support.RepositoryComposition.invoke(RepositoryComposition.java:284)
	at org.springframework.data.repository.core.support.RepositoryFactorySupport$ImplementationMethodExecutionInterceptor.invoke(RepositoryFactorySupport.java:731)
	at org.springframework.aop.framework.ReflectiveMethodInvocation.proceed(ReflectiveMethodInvocation.java:184)
	at org.springframework.data.repository.core.support.QueryExecutorMethodInterceptor.doInvoke(QueryExecutorMethodInterceptor.java:174)
	at org.springframework.data.repository.core.support.QueryExecutorMethodInterceptor.invoke(QueryExecutorMethodInterceptor.java:149)
	at org.springframework.aop.framework.ReflectiveMethodInvocation.proceed(ReflectiveMethodInvocation.java:184)
	at org.springframework.data.projection.DefaultMethodInvokingMethodInterceptor.invoke(DefaultMethodInvokingMethodInterceptor.java:69)
	at org.springframework.aop.framework.ReflectiveMethodInvocation.proceed(ReflectiveMethodInvocation.java:184)
	at org.springframework.transaction.interceptor.TransactionAspectSupport.invokeWithinTransaction(TransactionAspectSupport.java:380)
	at org.springframework.transaction.interceptor.TransactionInterceptor.invoke(TransactionInterceptor.java:119)
	at org.springframework.aop.framework.ReflectiveMethodInvocation.proceed(ReflectiveMethodInvocation.java:184)
	at org.springframework.dao.support.PersistenceExceptionTranslationInterceptor.invoke(PersistenceExceptionTranslationInterceptor.java:138)
	at org.springframework.aop.framework.ReflectiveMethodInvocation.proceed(ReflectiveMethodInvocation.java:184)
	at org.springframework.data.jpa.repository.support.CrudMethodMetadataPostProcessor$CrudMethodMetadataPopulatingMethodInterceptor.invoke(CrudMethodMetadataPostProcessor.java:165)
	at org.springframework.aop.framework.ReflectiveMethodInvocation.proceed(ReflectiveMethodInvocation.java:184)
	at org.springframework.aop.framework.JdkDynamicAopProxy.invoke(JdkDynamicAopProxy.java:223)
	at jdk.proxy2/jdk.proxy2.$Proxy140.save(Unknown Source)
	at az.coders.cinemaplus.service.impl.ErrorMessageServiceImpl.createErrorMessage(ErrorMessageServiceImpl.java:52)
	at az.coders.cinemaplus.controller.admin.ErrorMessageController.createErrorMessage(ErrorMessageController.java:30)
	at java.base/jdk.internal.reflect.DirectMethodHandleAccessor.invoke(DirectMethodHandleAccessor.java:103)
	at java.base/java.lang.reflect.Method.invoke(Method.java:580)
	at org.springframework.web.method.support.InvocableHandlerMethod.doInvoke(InvocableHandlerMethod.java:258)
	at org.springframework.web.method.support.InvocableHandlerMethod.invokeForRequest(InvocableHandlerMethod.java:191)
	at org.springframework.web.servlet.mvc.method.annotation.ServletInvocableHandlerMethod.invokeAndHandle(ServletInvocableHandlerMethod.java:118)
	at org.springframework.web.servlet.mvc.method.annotation.RequestMappingHandlerAdapter.invokeHandlerMethod(RequestMappingHandlerAdapter.java:986)
	at org.springframework.web.servlet.mvc.method.annotation.RequestMappingHandlerAdapter.handleInternal(RequestMappingHandlerAdapter.java:891)
	at org.springframework.web.servlet.mvc.method.AbstractHandlerMethodAdapter.handle(AbstractHandlerMethodAdapter.java:87)
	at org.springframework.web.servlet.DispatcherServlet.doDispatch(DispatcherServlet.java:1089)
	at org.springframework.web.servlet.DispatcherServlet.doService(DispatcherServlet.java:979)
	at org.springframework.web.servlet.FrameworkServlet.processRequest(FrameworkServlet.java:1014)
	at org.springframework.web.servlet.FrameworkServlet.doPost(FrameworkServlet.java:914)
	at jakarta.servlet.http.HttpServlet.service(HttpServlet.java:590)
	at org.springframework.web.servlet.FrameworkServlet.service(FrameworkServlet.java:885)
	at jakarta.servlet.http.HttpServlet.service(HttpServlet.java:658)
	at org.apache.catalina.core.ApplicationFilterChain.internalDoFilter(ApplicationFilterChain.java:195)
	at org.apache.catalina.core.ApplicationFilterChain.doFilter(ApplicationFilterChain.java:140)
	at org.apache.tomcat.websocket.server.WsFilter.doFilter(WsFilter.java:51)
	at org.apache.catalina.core.ApplicationFilterChain.internalDoFilter(ApplicationFilterChain.java:164)
	at org.apache.catalina.core.ApplicationFilterChain.doFilter(ApplicationFilterChain.java:140)
	at az.coders.cinemaplus.config.LoggingFilter.doFilterInternal(LoggingFilter.java:28)
	at org.springframework.web.filter.OncePerRequestFilter.doFilter(OncePerRequestFilter.java:116)
	at org.apache.catalina.core.ApplicationFilterChain.internalDoFilter(ApplicationFilterChain.java:164)
	at org.apache.catalina.core.ApplicationFilterChain.doFilter(ApplicationFilterChain.java:140)
	at org.springframework.web.filter.OncePerRequestFilter.doFilter(OncePerRequestFilter.java:110)
	at org.apache.catalina.core.ApplicationFilterChain.internalDoFilter(ApplicationFilterChain.java:164)
	at org.apache.catalina.core.ApplicationFilterChain.doFilter(ApplicationFilterChain.java:140)
	at org.springframework.web.filter.CompositeFilter$VirtualFilterChain.doFilter(CompositeFilter.java:108)
	at org.springframework.security.web.FilterChainProxy.lambda$doFilterInternal$3(FilterChainProxy.java:231)
	at org.springframework.security.web.FilterChainProxy$VirtualFilterChain.doFilter(FilterChainProxy.java:365)
	at org.springframework.security.web.access.intercept.AuthorizationFilter.doFilter(AuthorizationFilter.java:101)
	at org.springframework.security.web.FilterChainProxy$VirtualFilterChain.doFilter(FilterChainProxy.java:374)
	at org.springframework.security.web.access.ExceptionTranslationFilter.doFilter(ExceptionTranslationFilter.java:126)
	at org.springframework.security.web.access.ExceptionTranslationFilter.doFilter(ExceptionTranslationFilter.java:120)
	at org.springframework.security.web.FilterChainProxy$VirtualFilterChain.doFilter(FilterChainProxy.java:374)
	at org.springframework.security.web.authentication.AnonymousAuthenticationFilter.doFilter(AnonymousAuthenticationFilter.java:100)
	at org.springframework.security.web.FilterChainProxy$VirtualFilterChain.doFilter(FilterChainProxy.java:374)
	at org.springframework.security.web.servletapi.SecurityContextHolderAwareRequestFilter.doFilter(SecurityContextHolderAwareRequestFilter.java:179)
	at org.springframework.security.web.FilterChainProxy$VirtualFilterChain.doFilter(FilterChainProxy.java:374)
	at org.springframework.security.web.savedrequest.RequestCacheAwareFilter.doFilter(RequestCacheAwareFilter.java:63)
	at org.springframework.security.web.FilterChainProxy$VirtualFilterChain.doFilter(FilterChainProxy.java:374)
	at az.coders.cinemaplus.config.JwtFilter.doFilterInternal(JwtFilter.java:42)
	at org.springframework.web.filter.OncePerRequestFilter.doFilter(OncePerRequestFilter.java:116)
	at org.springframework.security.web.FilterChainProxy$VirtualFilterChain.doFilter(FilterChainProxy.java:374)
	at org.springframework.security.web.authentication.logout.LogoutFilter.doFilter(LogoutFilter.java:107)
	at org.springframework.security.web.authentication.logout.LogoutFilter.doFilter(LogoutFilter.java:93)
	at org.springframework.security.web.FilterChainProxy$VirtualFilterChain.doFilter(FilterChainProxy.java:374)
	at org.springframework.security.web.header.HeaderWriterFilter.doHeadersAfter(HeaderWriterFilter.java:90)
	at org.springframework.security.web.header.HeaderWriterFilter.doFilterInternal(HeaderWriterFilter.java:75)
	at org.springframework.web.filter.OncePerRequestFilter.doFilter(OncePerRequestFilter.java:116)
	at org.springframework.security.web.FilterChainProxy$VirtualFilterChain.doFilter(FilterChainProxy.java:374)
	at org.springframework.security.web.context.SecurityContextHolderFilter.doFilter(SecurityContextHolderFilter.java:82)
	at org.springframework.security.web.context.SecurityContextHolderFilter.doFilter(SecurityContextHolderFilter.java:69)
	at org.springframework.security.web.FilterChainProxy$VirtualFilterChain.doFilter(FilterChainProxy.java:374)
	at org.springframework.security.web.context.request.async.WebAsyncManagerIntegrationFilter.doFilterInternal(WebAsyncManagerIntegrationFilter.java:62)
	at org.springframework.web.filter.OncePerRequestFilter.doFilter(OncePerRequestFilter.java:116)
	at org.springframework.security.web.FilterChainProxy$VirtualFilterChain.doFilter(FilterChainProxy.java:374)
	at org.springframework.security.web.session.DisableEncodeUrlFilter.doFilterInternal(DisableEncodeUrlFilter.java:42)
	at org.springframework.web.filter.OncePerRequestFilter.doFilter(OncePerRequestFilter.java:116)
	at org.springframework.security.web.FilterChainProxy$VirtualFilterChain.doFilter(FilterChainProxy.java:374)
	at org.springframework.security.web.FilterChainProxy.doFilterInternal(FilterChainProxy.java:233)
	at org.springframework.security.web.FilterChainProxy.doFilter(FilterChainProxy.java:191)
	at org.springframework.web.filter.CompositeFilter$VirtualFilterChain.doFilter(CompositeFilter.java:113)
	at org.springframework.web.servlet.handler.HandlerMappingIntrospector.lambda$createCacheFilter$3(HandlerMappingIntrospector.java:243)
	at org.springframework.web.filter.CompositeFilter$VirtualFilterChain.doFilter(CompositeFilter.java:113)
	at org.springframework.web.filter.CompositeFilter.doFilter(CompositeFilter.java:74)
	at org.springframework.security.config.annotation.web.configuration.WebMvcSecurityConfiguration$CompositeFilterChainProxy.doFilter(WebMvcSecurityConfiguration.java:238)
	at org.springframework.web.filter.DelegatingFilterProxy.invokeDelegate(DelegatingFilterProxy.java:362)
	at org.springframework.web.filter.DelegatingFilterProxy.doFilter(DelegatingFilterProxy.java:278)
	at org.apache.catalina.core.ApplicationFilterChain.internalDoFilter(ApplicationFilterChain.java:164)
	at org.apache.catalina.core.ApplicationFilterChain.doFilter(ApplicationFilterChain.java:140)
	at org.springframework.web.filter.RequestContextFilter.doFilterInternal(RequestContextFilter.java:100)
	at org.springframework.web.filter.OncePerRequestFilter.doFilter(OncePerRequestFilter.java:116)
	at org.apache.catalina.core.ApplicationFilterChain.internalDoFilter(ApplicationFilterChain.java:164)
	at org.apache.catalina.core.ApplicationFilterChain.doFilter(ApplicationFilterChain.java:140)
	at org.springframework.web.filter.FormContentFilter.doFilterInternal(FormContentFilter.java:93)
	at org.springframework.web.filter.OncePerRequestFilter.doFilter(OncePerRequestFilter.java:116)
	at org.apache.catalina.core.ApplicationFilterChain.internalDoFilter(ApplicationFilterChain.java:164)
	at org.apache.catalina.core.ApplicationFilterChain.doFilter(ApplicationFilterChain.java:140)
	at org.springframework.web.filter.CharacterEncodingFilter.doFilterInternal(CharacterEncodingFilter.java:201)
	at org.springframework.web.filter.OncePerRequestFilter.doFilter(OncePerRequestFilter.java:116)
	at org.apache.catalina.core.ApplicationFilterChain.internalDoFilter(ApplicationFilterChain.java:164)
	at org.apache.catalina.core.ApplicationFilterChain.doFilter(ApplicationFilterChain.java:140)
	at org.apache.catalina.core.StandardWrapperValve.invoke(StandardWrapperValve.java:167)
	at org.apache.catalina.core.StandardContextValve.invoke(StandardContextValve.java:90)
	at org.apache.catalina.authenticator.AuthenticatorBase.invoke(AuthenticatorBase.java:483)
	at org.apache.catalina.core.StandardHostValve.invoke(StandardHostValve.java:115)
	at org.apache.catalina.valves.ErrorReportValve.invoke(ErrorReportValve.java:93)
	at org.apache.catalina.core.StandardEngineValve.invoke(StandardEngineValve.java:74)
	at org.apache.catalina.connector.CoyoteAdapter.service(CoyoteAdapter.java:344)
	at org.apache.coyote.http11.Http11Processor.service(Http11Processor.java:397)
	at org.apache.coyote.AbstractProcessorLight.process(AbstractProcessorLight.java:63)
	at org.apache.coyote.AbstractProtocol$ConnectionHandler.process(AbstractProtocol.java:905)
	at org.apache.tomcat.util.net.NioEndpoint$SocketProcessor.doRun(NioEndpoint.java:1743)
	at org.apache.tomcat.util.net.SocketProcessorBase.run(SocketProcessorBase.java:52)
	at org.apache.tomcat.util.threads.ThreadPoolExecutor.runWorker(ThreadPoolExecutor.java:1190)
	at org.apache.tomcat.util.threads.ThreadPoolExecutor$Worker.run(ThreadPoolExecutor.java:659)
	at org.apache.tomcat.util.threads.TaskThread$WrappingRunnable.run(TaskThread.java:63)
	at java.base/java.lang.Thread.run(Thread.java:1570)
2025-04-25 15:46:53 [http-nio-8080-exec-8] ERROR o.a.c.c.C.[.[.[.[dispatcherServlet] - Servlet.service() for servlet [dispatcherServlet] in context with path [] threw exception [Request processing failed: org.springframework.orm.ObjectOptimisticLockingFailureException: Row was updated or deleted by another transaction (or unsaved-value mapping was incorrect): [az.coders.cinemaplus.entity.ErrorMessage#1]] with root cause
org.hibernate.StaleObjectStateException: Row was updated or deleted by another transaction (or unsaved-value mapping was incorrect): [az.coders.cinemaplus.entity.ErrorMessage#1]
	at org.hibernate.event.internal.DefaultMergeEventListener.entityIsDetached(DefaultMergeEventListener.java:426)
	at org.hibernate.event.internal.DefaultMergeEventListener.merge(DefaultMergeEventListener.java:214)
	at org.hibernate.event.internal.DefaultMergeEventListener.doMerge(DefaultMergeEventListener.java:152)
	at org.hibernate.event.internal.DefaultMergeEventListener.onMerge(DefaultMergeEventListener.java:136)
	at org.hibernate.event.internal.DefaultMergeEventListener.onMerge(DefaultMergeEventListener.java:89)
	at org.hibernate.event.service.internal.EventListenerGroupImpl.fireEventOnEachListener(EventListenerGroupImpl.java:127)
	at org.hibernate.internal.SessionImpl.fireMerge(SessionImpl.java:854)
	at org.hibernate.internal.SessionImpl.merge(SessionImpl.java:840)
	at java.base/jdk.internal.reflect.DirectMethodHandleAccessor.invoke(DirectMethodHandleAccessor.java:103)
	at java.base/java.lang.reflect.Method.invoke(Method.java:580)
	at org.springframework.orm.jpa.ExtendedEntityManagerCreator$ExtendedEntityManagerInvocationHandler.invoke(ExtendedEntityManagerCreator.java:364)
	at jdk.proxy2/jdk.proxy2.$Proxy128.merge(Unknown Source)
	at java.base/jdk.internal.reflect.DirectMethodHandleAccessor.invoke(DirectMethodHandleAccessor.java:103)
	at java.base/java.lang.reflect.Method.invoke(Method.java:580)
	at org.springframework.orm.jpa.SharedEntityManagerCreator$SharedEntityManagerInvocationHandler.invoke(SharedEntityManagerCreator.java:320)
	at jdk.proxy2/jdk.proxy2.$Proxy128.merge(Unknown Source)
	at org.springframework.data.jpa.repository.support.SimpleJpaRepository.save(SimpleJpaRepository.java:639)
	at java.base/jdk.internal.reflect.DirectMethodHandleAccessor.invoke(DirectMethodHandleAccessor.java:103)
	at java.base/java.lang.reflect.Method.invoke(Method.java:580)
	at org.springframework.aop.support.AopUtils.invokeJoinpointUsingReflection(AopUtils.java:359)
	at org.springframework.data.repository.core.support.RepositoryMethodInvoker$RepositoryFragmentMethodInvoker.lambda$new$0(RepositoryMethodInvoker.java:277)
	at org.springframework.data.repository.core.support.RepositoryMethodInvoker.doInvoke(RepositoryMethodInvoker.java:170)
	at org.springframework.data.repository.core.support.RepositoryMethodInvoker.invoke(RepositoryMethodInvoker.java:158)
	at org.springframework.data.repository.core.support.RepositoryComposition$RepositoryFragments.invoke(RepositoryComposition.java:515)
	at org.springframework.data.repository.core.support.RepositoryComposition.invoke(RepositoryComposition.java:284)
	at org.springframework.data.repository.core.support.RepositoryFactorySupport$ImplementationMethodExecutionInterceptor.invoke(RepositoryFactorySupport.java:731)
	at org.springframework.aop.framework.ReflectiveMethodInvocation.proceed(ReflectiveMethodInvocation.java:184)
	at org.springframework.data.repository.core.support.QueryExecutorMethodInterceptor.doInvoke(QueryExecutorMethodInterceptor.java:174)
	at org.springframework.data.repository.core.support.QueryExecutorMethodInterceptor.invoke(QueryExecutorMethodInterceptor.java:149)
	at org.springframework.aop.framework.ReflectiveMethodInvocation.proceed(ReflectiveMethodInvocation.java:184)
	at org.springframework.data.projection.DefaultMethodInvokingMethodInterceptor.invoke(DefaultMethodInvokingMethodInterceptor.java:69)
	at org.springframework.aop.framework.ReflectiveMethodInvocation.proceed(ReflectiveMethodInvocation.java:184)
	at org.springframework.transaction.interceptor.TransactionAspectSupport.invokeWithinTransaction(TransactionAspectSupport.java:380)
	at org.springframework.transaction.interceptor.TransactionInterceptor.invoke(TransactionInterceptor.java:119)
	at org.springframework.aop.framework.ReflectiveMethodInvocation.proceed(ReflectiveMethodInvocation.java:184)
	at org.springframework.dao.support.PersistenceExceptionTranslationInterceptor.invoke(PersistenceExceptionTranslationInterceptor.java:138)
	at org.springframework.aop.framework.ReflectiveMethodInvocation.proceed(ReflectiveMethodInvocation.java:184)
	at org.springframework.data.jpa.repository.support.CrudMethodMetadataPostProcessor$CrudMethodMetadataPopulatingMethodInterceptor.invoke(CrudMethodMetadataPostProcessor.java:165)
	at org.springframework.aop.framework.ReflectiveMethodInvocation.proceed(ReflectiveMethodInvocation.java:184)
	at org.springframework.aop.framework.JdkDynamicAopProxy.invoke(JdkDynamicAopProxy.java:223)
	at jdk.proxy2/jdk.proxy2.$Proxy140.save(Unknown Source)
	at az.coders.cinemaplus.service.impl.ErrorMessageServiceImpl.createErrorMessage(ErrorMessageServiceImpl.java:52)
	at az.coders.cinemaplus.controller.admin.ErrorMessageController.createErrorMessage(ErrorMessageController.java:30)
	at java.base/jdk.internal.reflect.DirectMethodHandleAccessor.invoke(DirectMethodHandleAccessor.java:103)
	at java.base/java.lang.reflect.Method.invoke(Method.java:580)
	at org.springframework.web.method.support.InvocableHandlerMethod.doInvoke(InvocableHandlerMethod.java:258)
	at org.springframework.web.method.support.InvocableHandlerMethod.invokeForRequest(InvocableHandlerMethod.java:191)
	at org.springframework.web.servlet.mvc.method.annotation.ServletInvocableHandlerMethod.invokeAndHandle(ServletInvocableHandlerMethod.java:118)
	at org.springframework.web.servlet.mvc.method.annotation.RequestMappingHandlerAdapter.invokeHandlerMethod(RequestMappingHandlerAdapter.java:986)
	at org.springframework.web.servlet.mvc.method.annotation.RequestMappingHandlerAdapter.handleInternal(RequestMappingHandlerAdapter.java:891)
	at org.springframework.web.servlet.mvc.method.AbstractHandlerMethodAdapter.handle(AbstractHandlerMethodAdapter.java:87)
	at org.springframework.web.servlet.DispatcherServlet.doDispatch(DispatcherServlet.java:1089)
	at org.springframework.web.servlet.DispatcherServlet.doService(DispatcherServlet.java:979)
	at org.springframework.web.servlet.FrameworkServlet.processRequest(FrameworkServlet.java:1014)
	at org.springframework.web.servlet.FrameworkServlet.doPost(FrameworkServlet.java:914)
	at jakarta.servlet.http.HttpServlet.service(HttpServlet.java:590)
	at org.springframework.web.servlet.FrameworkServlet.service(FrameworkServlet.java:885)
	at jakarta.servlet.http.HttpServlet.service(HttpServlet.java:658)
	at org.apache.catalina.core.ApplicationFilterChain.internalDoFilter(ApplicationFilterChain.java:195)
	at org.apache.catalina.core.ApplicationFilterChain.doFilter(ApplicationFilterChain.java:140)
	at org.apache.tomcat.websocket.server.WsFilter.doFilter(WsFilter.java:51)
	at org.apache.catalina.core.ApplicationFilterChain.internalDoFilter(ApplicationFilterChain.java:164)
	at org.apache.catalina.core.ApplicationFilterChain.doFilter(ApplicationFilterChain.java:140)
	at az.coders.cinemaplus.config.LoggingFilter.doFilterInternal(LoggingFilter.java:28)
	at org.springframework.web.filter.OncePerRequestFilter.doFilter(OncePerRequestFilter.java:116)
	at org.apache.catalina.core.ApplicationFilterChain.internalDoFilter(ApplicationFilterChain.java:164)
	at org.apache.catalina.core.ApplicationFilterChain.doFilter(ApplicationFilterChain.java:140)
	at org.springframework.web.filter.OncePerRequestFilter.doFilter(OncePerRequestFilter.java:110)
	at org.apache.catalina.core.ApplicationFilterChain.internalDoFilter(ApplicationFilterChain.java:164)
	at org.apache.catalina.core.ApplicationFilterChain.doFilter(ApplicationFilterChain.java:140)
	at org.springframework.web.filter.CompositeFilter$VirtualFilterChain.doFilter(CompositeFilter.java:108)
	at org.springframework.security.web.FilterChainProxy.lambda$doFilterInternal$3(FilterChainProxy.java:231)
	at org.springframework.security.web.FilterChainProxy$VirtualFilterChain.doFilter(FilterChainProxy.java:365)
	at org.springframework.security.web.access.intercept.AuthorizationFilter.doFilter(AuthorizationFilter.java:101)
	at org.springframework.security.web.FilterChainProxy$VirtualFilterChain.doFilter(FilterChainProxy.java:374)
	at org.springframework.security.web.access.ExceptionTranslationFilter.doFilter(ExceptionTranslationFilter.java:126)
	at org.springframework.security.web.access.ExceptionTranslationFilter.doFilter(ExceptionTranslationFilter.java:120)
	at org.springframework.security.web.FilterChainProxy$VirtualFilterChain.doFilter(FilterChainProxy.java:374)
	at org.springframework.security.web.authentication.AnonymousAuthenticationFilter.doFilter(AnonymousAuthenticationFilter.java:100)
	at org.springframework.security.web.FilterChainProxy$VirtualFilterChain.doFilter(FilterChainProxy.java:374)
	at org.springframework.security.web.servletapi.SecurityContextHolderAwareRequestFilter.doFilter(SecurityContextHolderAwareRequestFilter.java:179)
	at org.springframework.security.web.FilterChainProxy$VirtualFilterChain.doFilter(FilterChainProxy.java:374)
	at org.springframework.security.web.savedrequest.RequestCacheAwareFilter.doFilter(RequestCacheAwareFilter.java:63)
	at org.springframework.security.web.FilterChainProxy$VirtualFilterChain.doFilter(FilterChainProxy.java:374)
	at az.coders.cinemaplus.config.JwtFilter.doFilterInternal(JwtFilter.java:42)
	at org.springframework.web.filter.OncePerRequestFilter.doFilter(OncePerRequestFilter.java:116)
	at org.springframework.security.web.FilterChainProxy$VirtualFilterChain.doFilter(FilterChainProxy.java:374)
	at org.springframework.security.web.authentication.logout.LogoutFilter.doFilter(LogoutFilter.java:107)
	at org.springframework.security.web.authentication.logout.LogoutFilter.doFilter(LogoutFilter.java:93)
	at org.springframework.security.web.FilterChainProxy$VirtualFilterChain.doFilter(FilterChainProxy.java:374)
	at org.springframework.security.web.header.HeaderWriterFilter.doHeadersAfter(HeaderWriterFilter.java:90)
	at org.springframework.security.web.header.HeaderWriterFilter.doFilterInternal(HeaderWriterFilter.java:75)
	at org.springframework.web.filter.OncePerRequestFilter.doFilter(OncePerRequestFilter.java:116)
	at org.springframework.security.web.FilterChainProxy$VirtualFilterChain.doFilter(FilterChainProxy.java:374)
	at org.springframework.security.web.context.SecurityContextHolderFilter.doFilter(SecurityContextHolderFilter.java:82)
	at org.springframework.security.web.context.SecurityContextHolderFilter.doFilter(SecurityContextHolderFilter.java:69)
	at org.springframework.security.web.FilterChainProxy$VirtualFilterChain.doFilter(FilterChainProxy.java:374)
	at org.springframework.security.web.context.request.async.WebAsyncManagerIntegrationFilter.doFilterInternal(WebAsyncManagerIntegrationFilter.java:62)
	at org.springframework.web.filter.OncePerRequestFilter.doFilter(OncePerRequestFilter.java:116)
	at org.springframework.security.web.FilterChainProxy$VirtualFilterChain.doFilter(FilterChainProxy.java:374)
	at org.springframework.security.web.session.DisableEncodeUrlFilter.doFilterInternal(DisableEncodeUrlFilter.java:42)
	at org.springframework.web.filter.OncePerRequestFilter.doFilter(OncePerRequestFilter.java:116)
	at org.springframework.security.web.FilterChainProxy$VirtualFilterChain.doFilter(FilterChainProxy.java:374)
	at org.springframework.security.web.FilterChainProxy.doFilterInternal(FilterChainProxy.java:233)
	at org.springframework.security.web.FilterChainProxy.doFilter(FilterChainProxy.java:191)
	at org.springframework.web.filter.CompositeFilter$VirtualFilterChain.doFilter(CompositeFilter.java:113)
	at org.springframework.web.servlet.handler.HandlerMappingIntrospector.lambda$createCacheFilter$3(HandlerMappingIntrospector.java:243)
	at org.springframework.web.filter.CompositeFilter$VirtualFilterChain.doFilter(CompositeFilter.java:113)
	at org.springframework.web.filter.CompositeFilter.doFilter(CompositeFilter.java:74)
	at org.springframework.security.config.annotation.web.configuration.WebMvcSecurityConfiguration$CompositeFilterChainProxy.doFilter(WebMvcSecurityConfiguration.java:238)
	at org.springframework.web.filter.DelegatingFilterProxy.invokeDelegate(DelegatingFilterProxy.java:362)
	at org.springframework.web.filter.DelegatingFilterProxy.doFilter(DelegatingFilterProxy.java:278)
	at org.apache.catalina.core.ApplicationFilterChain.internalDoFilter(ApplicationFilterChain.java:164)
	at org.apache.catalina.core.ApplicationFilterChain.doFilter(ApplicationFilterChain.java:140)
	at org.springframework.web.filter.RequestContextFilter.doFilterInternal(RequestContextFilter.java:100)
	at org.springframework.web.filter.OncePerRequestFilter.doFilter(OncePerRequestFilter.java:116)
	at org.apache.catalina.core.ApplicationFilterChain.internalDoFilter(ApplicationFilterChain.java:164)
	at org.apache.catalina.core.ApplicationFilterChain.doFilter(ApplicationFilterChain.java:140)
	at org.springframework.web.filter.FormContentFilter.doFilterInternal(FormContentFilter.java:93)
	at org.springframework.web.filter.OncePerRequestFilter.doFilter(OncePerRequestFilter.java:116)
	at org.apache.catalina.core.ApplicationFilterChain.internalDoFilter(ApplicationFilterChain.java:164)
	at org.apache.catalina.core.ApplicationFilterChain.doFilter(ApplicationFilterChain.java:140)
	at org.springframework.web.filter.CharacterEncodingFilter.doFilterInternal(CharacterEncodingFilter.java:201)
	at org.springframework.web.filter.OncePerRequestFilter.doFilter(OncePerRequestFilter.java:116)
	at org.apache.catalina.core.ApplicationFilterChain.internalDoFilter(ApplicationFilterChain.java:164)
	at org.apache.catalina.core.ApplicationFilterChain.doFilter(ApplicationFilterChain.java:140)
	at org.apache.catalina.core.StandardWrapperValve.invoke(StandardWrapperValve.java:167)
	at org.apache.catalina.core.StandardContextValve.invoke(StandardContextValve.java:90)
	at org.apache.catalina.authenticator.AuthenticatorBase.invoke(AuthenticatorBase.java:483)
	at org.apache.catalina.core.StandardHostValve.invoke(StandardHostValve.java:115)
	at org.apache.catalina.valves.ErrorReportValve.invoke(ErrorReportValve.java:93)
	at org.apache.catalina.core.StandardEngineValve.invoke(StandardEngineValve.java:74)
	at org.apache.catalina.connector.CoyoteAdapter.service(CoyoteAdapter.java:344)
	at org.apache.coyote.http11.Http11Processor.service(Http11Processor.java:397)
	at org.apache.coyote.AbstractProcessorLight.process(AbstractProcessorLight.java:63)
	at org.apache.coyote.AbstractProtocol$ConnectionHandler.process(AbstractProtocol.java:905)
	at org.apache.tomcat.util.net.NioEndpoint$SocketProcessor.doRun(NioEndpoint.java:1743)
	at org.apache.tomcat.util.net.SocketProcessorBase.run(SocketProcessorBase.java:52)
	at org.apache.tomcat.util.threads.ThreadPoolExecutor.runWorker(ThreadPoolExecutor.java:1190)
	at org.apache.tomcat.util.threads.ThreadPoolExecutor$Worker.run(ThreadPoolExecutor.java:659)
	at org.apache.tomcat.util.threads.TaskThread$WrappingRunnable.run(TaskThread.java:63)
	at java.base/java.lang.Thread.run(Thread.java:1570)
2025-04-25 15:48:30 [http-nio-8080-exec-2] ERROR o.a.c.c.C.[.[.[.[dispatcherServlet] - Servlet.service() for servlet [dispatcherServlet] in context with path [] threw exception [Request processing failed: org.springframework.orm.ObjectOptimisticLockingFailureException: Row was updated or deleted by another transaction (or unsaved-value mapping was incorrect): [az.coders.cinemaplus.entity.ErrorMessage#1]] with root cause
org.hibernate.StaleObjectStateException: Row was updated or deleted by another transaction (or unsaved-value mapping was incorrect): [az.coders.cinemaplus.entity.ErrorMessage#1]
	at org.hibernate.event.internal.DefaultMergeEventListener.entityIsDetached(DefaultMergeEventListener.java:426)
	at org.hibernate.event.internal.DefaultMergeEventListener.merge(DefaultMergeEventListener.java:214)
	at org.hibernate.event.internal.DefaultMergeEventListener.doMerge(DefaultMergeEventListener.java:152)
	at org.hibernate.event.internal.DefaultMergeEventListener.onMerge(DefaultMergeEventListener.java:136)
	at org.hibernate.event.internal.DefaultMergeEventListener.onMerge(DefaultMergeEventListener.java:89)
	at org.hibernate.event.service.internal.EventListenerGroupImpl.fireEventOnEachListener(EventListenerGroupImpl.java:127)
	at org.hibernate.internal.SessionImpl.fireMerge(SessionImpl.java:854)
	at org.hibernate.internal.SessionImpl.merge(SessionImpl.java:840)
	at java.base/jdk.internal.reflect.DirectMethodHandleAccessor.invoke(DirectMethodHandleAccessor.java:103)
	at java.base/java.lang.reflect.Method.invoke(Method.java:580)
	at org.springframework.orm.jpa.ExtendedEntityManagerCreator$ExtendedEntityManagerInvocationHandler.invoke(ExtendedEntityManagerCreator.java:364)
	at jdk.proxy2/jdk.proxy2.$Proxy128.merge(Unknown Source)
	at java.base/jdk.internal.reflect.DirectMethodHandleAccessor.invoke(DirectMethodHandleAccessor.java:103)
	at java.base/java.lang.reflect.Method.invoke(Method.java:580)
	at org.springframework.orm.jpa.SharedEntityManagerCreator$SharedEntityManagerInvocationHandler.invoke(SharedEntityManagerCreator.java:320)
	at jdk.proxy2/jdk.proxy2.$Proxy128.merge(Unknown Source)
	at org.springframework.data.jpa.repository.support.SimpleJpaRepository.save(SimpleJpaRepository.java:639)
	at java.base/jdk.internal.reflect.DirectMethodHandleAccessor.invoke(DirectMethodHandleAccessor.java:103)
	at java.base/java.lang.reflect.Method.invoke(Method.java:580)
	at org.springframework.aop.support.AopUtils.invokeJoinpointUsingReflection(AopUtils.java:359)
	at org.springframework.data.repository.core.support.RepositoryMethodInvoker$RepositoryFragmentMethodInvoker.lambda$new$0(RepositoryMethodInvoker.java:277)
	at org.springframework.data.repository.core.support.RepositoryMethodInvoker.doInvoke(RepositoryMethodInvoker.java:170)
	at org.springframework.data.repository.core.support.RepositoryMethodInvoker.invoke(RepositoryMethodInvoker.java:158)
	at org.springframework.data.repository.core.support.RepositoryComposition$RepositoryFragments.invoke(RepositoryComposition.java:515)
	at org.springframework.data.repository.core.support.RepositoryComposition.invoke(RepositoryComposition.java:284)
	at org.springframework.data.repository.core.support.RepositoryFactorySupport$ImplementationMethodExecutionInterceptor.invoke(RepositoryFactorySupport.java:731)
	at org.springframework.aop.framework.ReflectiveMethodInvocation.proceed(ReflectiveMethodInvocation.java:184)
	at org.springframework.data.repository.core.support.QueryExecutorMethodInterceptor.doInvoke(QueryExecutorMethodInterceptor.java:174)
	at org.springframework.data.repository.core.support.QueryExecutorMethodInterceptor.invoke(QueryExecutorMethodInterceptor.java:149)
	at org.springframework.aop.framework.ReflectiveMethodInvocation.proceed(ReflectiveMethodInvocation.java:184)
	at org.springframework.data.projection.DefaultMethodInvokingMethodInterceptor.invoke(DefaultMethodInvokingMethodInterceptor.java:69)
	at org.springframework.aop.framework.ReflectiveMethodInvocation.proceed(ReflectiveMethodInvocation.java:184)
	at org.springframework.transaction.interceptor.TransactionAspectSupport.invokeWithinTransaction(TransactionAspectSupport.java:380)
	at org.springframework.transaction.interceptor.TransactionInterceptor.invoke(TransactionInterceptor.java:119)
	at org.springframework.aop.framework.ReflectiveMethodInvocation.proceed(ReflectiveMethodInvocation.java:184)
	at org.springframework.dao.support.PersistenceExceptionTranslationInterceptor.invoke(PersistenceExceptionTranslationInterceptor.java:138)
	at org.springframework.aop.framework.ReflectiveMethodInvocation.proceed(ReflectiveMethodInvocation.java:184)
	at org.springframework.data.jpa.repository.support.CrudMethodMetadataPostProcessor$CrudMethodMetadataPopulatingMethodInterceptor.invoke(CrudMethodMetadataPostProcessor.java:165)
	at org.springframework.aop.framework.ReflectiveMethodInvocation.proceed(ReflectiveMethodInvocation.java:184)
	at org.springframework.aop.framework.JdkDynamicAopProxy.invoke(JdkDynamicAopProxy.java:223)
	at jdk.proxy2/jdk.proxy2.$Proxy140.save(Unknown Source)
	at az.coders.cinemaplus.service.impl.ErrorMessageServiceImpl.createErrorMessage(ErrorMessageServiceImpl.java:52)
	at az.coders.cinemaplus.controller.admin.ErrorMessageController.createErrorMessage(ErrorMessageController.java:30)
	at java.base/jdk.internal.reflect.DirectMethodHandleAccessor.invoke(DirectMethodHandleAccessor.java:103)
	at java.base/java.lang.reflect.Method.invoke(Method.java:580)
	at org.springframework.web.method.support.InvocableHandlerMethod.doInvoke(InvocableHandlerMethod.java:258)
	at org.springframework.web.method.support.InvocableHandlerMethod.invokeForRequest(InvocableHandlerMethod.java:191)
	at org.springframework.web.servlet.mvc.method.annotation.ServletInvocableHandlerMethod.invokeAndHandle(ServletInvocableHandlerMethod.java:118)
	at org.springframework.web.servlet.mvc.method.annotation.RequestMappingHandlerAdapter.invokeHandlerMethod(RequestMappingHandlerAdapter.java:986)
	at org.springframework.web.servlet.mvc.method.annotation.RequestMappingHandlerAdapter.handleInternal(RequestMappingHandlerAdapter.java:891)
	at org.springframework.web.servlet.mvc.method.AbstractHandlerMethodAdapter.handle(AbstractHandlerMethodAdapter.java:87)
	at org.springframework.web.servlet.DispatcherServlet.doDispatch(DispatcherServlet.java:1089)
	at org.springframework.web.servlet.DispatcherServlet.doService(DispatcherServlet.java:979)
	at org.springframework.web.servlet.FrameworkServlet.processRequest(FrameworkServlet.java:1014)
	at org.springframework.web.servlet.FrameworkServlet.doPost(FrameworkServlet.java:914)
	at jakarta.servlet.http.HttpServlet.service(HttpServlet.java:590)
	at org.springframework.web.servlet.FrameworkServlet.service(FrameworkServlet.java:885)
	at jakarta.servlet.http.HttpServlet.service(HttpServlet.java:658)
	at org.apache.catalina.core.ApplicationFilterChain.internalDoFilter(ApplicationFilterChain.java:195)
	at org.apache.catalina.core.ApplicationFilterChain.doFilter(ApplicationFilterChain.java:140)
	at org.apache.tomcat.websocket.server.WsFilter.doFilter(WsFilter.java:51)
	at org.apache.catalina.core.ApplicationFilterChain.internalDoFilter(ApplicationFilterChain.java:164)
	at org.apache.catalina.core.ApplicationFilterChain.doFilter(ApplicationFilterChain.java:140)
	at az.coders.cinemaplus.config.LoggingFilter.doFilterInternal(LoggingFilter.java:28)
	at org.springframework.web.filter.OncePerRequestFilter.doFilter(OncePerRequestFilter.java:116)
	at org.apache.catalina.core.ApplicationFilterChain.internalDoFilter(ApplicationFilterChain.java:164)
	at org.apache.catalina.core.ApplicationFilterChain.doFilter(ApplicationFilterChain.java:140)
	at org.springframework.web.filter.OncePerRequestFilter.doFilter(OncePerRequestFilter.java:110)
	at org.apache.catalina.core.ApplicationFilterChain.internalDoFilter(ApplicationFilterChain.java:164)
	at org.apache.catalina.core.ApplicationFilterChain.doFilter(ApplicationFilterChain.java:140)
	at org.springframework.web.filter.CompositeFilter$VirtualFilterChain.doFilter(CompositeFilter.java:108)
	at org.springframework.security.web.FilterChainProxy.lambda$doFilterInternal$3(FilterChainProxy.java:231)
	at org.springframework.security.web.FilterChainProxy$VirtualFilterChain.doFilter(FilterChainProxy.java:365)
	at org.springframework.security.web.access.intercept.AuthorizationFilter.doFilter(AuthorizationFilter.java:101)
	at org.springframework.security.web.FilterChainProxy$VirtualFilterChain.doFilter(FilterChainProxy.java:374)
	at org.springframework.security.web.access.ExceptionTranslationFilter.doFilter(ExceptionTranslationFilter.java:126)
	at org.springframework.security.web.access.ExceptionTranslationFilter.doFilter(ExceptionTranslationFilter.java:120)
	at org.springframework.security.web.FilterChainProxy$VirtualFilterChain.doFilter(FilterChainProxy.java:374)
	at org.springframework.security.web.authentication.AnonymousAuthenticationFilter.doFilter(AnonymousAuthenticationFilter.java:100)
	at org.springframework.security.web.FilterChainProxy$VirtualFilterChain.doFilter(FilterChainProxy.java:374)
	at org.springframework.security.web.servletapi.SecurityContextHolderAwareRequestFilter.doFilter(SecurityContextHolderAwareRequestFilter.java:179)
	at org.springframework.security.web.FilterChainProxy$VirtualFilterChain.doFilter(FilterChainProxy.java:374)
	at org.springframework.security.web.savedrequest.RequestCacheAwareFilter.doFilter(RequestCacheAwareFilter.java:63)
	at org.springframework.security.web.FilterChainProxy$VirtualFilterChain.doFilter(FilterChainProxy.java:374)
	at az.coders.cinemaplus.config.JwtFilter.doFilterInternal(JwtFilter.java:42)
	at org.springframework.web.filter.OncePerRequestFilter.doFilter(OncePerRequestFilter.java:116)
	at org.springframework.security.web.FilterChainProxy$VirtualFilterChain.doFilter(FilterChainProxy.java:374)
	at org.springframework.security.web.authentication.logout.LogoutFilter.doFilter(LogoutFilter.java:107)
	at org.springframework.security.web.authentication.logout.LogoutFilter.doFilter(LogoutFilter.java:93)
	at org.springframework.security.web.FilterChainProxy$VirtualFilterChain.doFilter(FilterChainProxy.java:374)
	at org.springframework.security.web.header.HeaderWriterFilter.doHeadersAfter(HeaderWriterFilter.java:90)
	at org.springframework.security.web.header.HeaderWriterFilter.doFilterInternal(HeaderWriterFilter.java:75)
	at org.springframework.web.filter.OncePerRequestFilter.doFilter(OncePerRequestFilter.java:116)
	at org.springframework.security.web.FilterChainProxy$VirtualFilterChain.doFilter(FilterChainProxy.java:374)
	at org.springframework.security.web.context.SecurityContextHolderFilter.doFilter(SecurityContextHolderFilter.java:82)
	at org.springframework.security.web.context.SecurityContextHolderFilter.doFilter(SecurityContextHolderFilter.java:69)
	at org.springframework.security.web.FilterChainProxy$VirtualFilterChain.doFilter(FilterChainProxy.java:374)
	at org.springframework.security.web.context.request.async.WebAsyncManagerIntegrationFilter.doFilterInternal(WebAsyncManagerIntegrationFilter.java:62)
	at org.springframework.web.filter.OncePerRequestFilter.doFilter(OncePerRequestFilter.java:116)
	at org.springframework.security.web.FilterChainProxy$VirtualFilterChain.doFilter(FilterChainProxy.java:374)
	at org.springframework.security.web.session.DisableEncodeUrlFilter.doFilterInternal(DisableEncodeUrlFilter.java:42)
	at org.springframework.web.filter.OncePerRequestFilter.doFilter(OncePerRequestFilter.java:116)
	at org.springframework.security.web.FilterChainProxy$VirtualFilterChain.doFilter(FilterChainProxy.java:374)
	at org.springframework.security.web.FilterChainProxy.doFilterInternal(FilterChainProxy.java:233)
	at org.springframework.security.web.FilterChainProxy.doFilter(FilterChainProxy.java:191)
	at org.springframework.web.filter.CompositeFilter$VirtualFilterChain.doFilter(CompositeFilter.java:113)
	at org.springframework.web.servlet.handler.HandlerMappingIntrospector.lambda$createCacheFilter$3(HandlerMappingIntrospector.java:243)
	at org.springframework.web.filter.CompositeFilter$VirtualFilterChain.doFilter(CompositeFilter.java:113)
	at org.springframework.web.filter.CompositeFilter.doFilter(CompositeFilter.java:74)
	at org.springframework.security.config.annotation.web.configuration.WebMvcSecurityConfiguration$CompositeFilterChainProxy.doFilter(WebMvcSecurityConfiguration.java:238)
	at org.springframework.web.filter.DelegatingFilterProxy.invokeDelegate(DelegatingFilterProxy.java:362)
	at org.springframework.web.filter.DelegatingFilterProxy.doFilter(DelegatingFilterProxy.java:278)
	at org.apache.catalina.core.ApplicationFilterChain.internalDoFilter(ApplicationFilterChain.java:164)
	at org.apache.catalina.core.ApplicationFilterChain.doFilter(ApplicationFilterChain.java:140)
	at org.springframework.web.filter.RequestContextFilter.doFilterInternal(RequestContextFilter.java:100)
	at org.springframework.web.filter.OncePerRequestFilter.doFilter(OncePerRequestFilter.java:116)
	at org.apache.catalina.core.ApplicationFilterChain.internalDoFilter(ApplicationFilterChain.java:164)
	at org.apache.catalina.core.ApplicationFilterChain.doFilter(ApplicationFilterChain.java:140)
	at org.springframework.web.filter.FormContentFilter.doFilterInternal(FormContentFilter.java:93)
	at org.springframework.web.filter.OncePerRequestFilter.doFilter(OncePerRequestFilter.java:116)
	at org.apache.catalina.core.ApplicationFilterChain.internalDoFilter(ApplicationFilterChain.java:164)
	at org.apache.catalina.core.ApplicationFilterChain.doFilter(ApplicationFilterChain.java:140)
	at org.springframework.web.filter.CharacterEncodingFilter.doFilterInternal(CharacterEncodingFilter.java:201)
	at org.springframework.web.filter.OncePerRequestFilter.doFilter(OncePerRequestFilter.java:116)
	at org.apache.catalina.core.ApplicationFilterChain.internalDoFilter(ApplicationFilterChain.java:164)
	at org.apache.catalina.core.ApplicationFilterChain.doFilter(ApplicationFilterChain.java:140)
	at org.apache.catalina.core.StandardWrapperValve.invoke(StandardWrapperValve.java:167)
	at org.apache.catalina.core.StandardContextValve.invoke(StandardContextValve.java:90)
	at org.apache.catalina.authenticator.AuthenticatorBase.invoke(AuthenticatorBase.java:483)
	at org.apache.catalina.core.StandardHostValve.invoke(StandardHostValve.java:115)
	at org.apache.catalina.valves.ErrorReportValve.invoke(ErrorReportValve.java:93)
	at org.apache.catalina.core.StandardEngineValve.invoke(StandardEngineValve.java:74)
	at org.apache.catalina.connector.CoyoteAdapter.service(CoyoteAdapter.java:344)
	at org.apache.coyote.http11.Http11Processor.service(Http11Processor.java:397)
	at org.apache.coyote.AbstractProcessorLight.process(AbstractProcessorLight.java:63)
	at org.apache.coyote.AbstractProtocol$ConnectionHandler.process(AbstractProtocol.java:905)
	at org.apache.tomcat.util.net.NioEndpoint$SocketProcessor.doRun(NioEndpoint.java:1743)
	at org.apache.tomcat.util.net.SocketProcessorBase.run(SocketProcessorBase.java:52)
	at org.apache.tomcat.util.threads.ThreadPoolExecutor.runWorker(ThreadPoolExecutor.java:1190)
	at org.apache.tomcat.util.threads.ThreadPoolExecutor$Worker.run(ThreadPoolExecutor.java:659)
	at org.apache.tomcat.util.threads.TaskThread$WrappingRunnable.run(TaskThread.java:63)
	at java.base/java.lang.Thread.run(Thread.java:1570)
2025-04-25 16:18:33 [http-nio-8080-exec-1] ERROR o.h.e.jdbc.spi.SqlExceptionHelper - ERROR: insert or update on table "error_message_translations" violates foreign key constraint "fkc1pht0bug774fl95cxpr3j1ig"
  Detail: Key (language_id)=(1073741824) is not present in table "languages".
2025-04-25 16:18:33 [http-nio-8080-exec-1] ERROR o.a.c.c.C.[.[.[.[dispatcherServlet] - Servlet.service() for servlet [dispatcherServlet] in context with path [] threw exception [Request processing failed: org.springframework.dao.DataIntegrityViolationException: could not execute statement [ERROR: insert or update on table "error_message_translations" violates foreign key constraint "fkc1pht0bug774fl95cxpr3j1ig"
  Detail: Key (language_id)=(1073741824) is not present in table "languages".] [insert into error_message_translations (error_message_id,language_id,message) values (?,?,?)]; SQL [insert into error_message_translations (error_message_id,language_id,message) values (?,?,?)]; constraint [fkc1pht0bug774fl95cxpr3j1ig]] with root cause
org.postgresql.util.PSQLException: ERROR: insert or update on table "error_message_translations" violates foreign key constraint "fkc1pht0bug774fl95cxpr3j1ig"
  Detail: Key (language_id)=(1073741824) is not present in table "languages".
	at org.postgresql.core.v3.QueryExecutorImpl.receiveErrorResponse(QueryExecutorImpl.java:2733)
	at org.postgresql.core.v3.QueryExecutorImpl.processResults(QueryExecutorImpl.java:2420)
	at org.postgresql.core.v3.QueryExecutorImpl.execute(QueryExecutorImpl.java:372)
	at org.postgresql.jdbc.PgStatement.executeInternal(PgStatement.java:517)
	at org.postgresql.jdbc.PgStatement.execute(PgStatement.java:434)
	at org.postgresql.jdbc.PgPreparedStatement.executeWithFlags(PgPreparedStatement.java:194)
	at org.postgresql.jdbc.PgPreparedStatement.executeUpdate(PgPreparedStatement.java:155)
	at com.zaxxer.hikari.pool.ProxyPreparedStatement.executeUpdate(ProxyPreparedStatement.java:61)
	at com.zaxxer.hikari.pool.HikariProxyPreparedStatement.executeUpdate(HikariProxyPreparedStatement.java)
	at org.hibernate.engine.jdbc.internal.ResultSetReturnImpl.executeUpdate(ResultSetReturnImpl.java:194)
	at org.hibernate.id.insert.GetGeneratedKeysDelegate.performMutation(GetGeneratedKeysDelegate.java:116)
	at org.hibernate.engine.jdbc.mutation.internal.MutationExecutorSingleNonBatched.performNonBatchedOperations(MutationExecutorSingleNonBatched.java:47)
	at org.hibernate.engine.jdbc.mutation.internal.AbstractMutationExecutor.execute(AbstractMutationExecutor.java:55)
	at org.hibernate.persister.entity.mutation.InsertCoordinatorStandard.doStaticInserts(InsertCoordinatorStandard.java:194)
	at org.hibernate.persister.entity.mutation.InsertCoordinatorStandard.coordinateInsert(InsertCoordinatorStandard.java:132)
	at org.hibernate.persister.entity.mutation.InsertCoordinatorStandard.insert(InsertCoordinatorStandard.java:95)
	at org.hibernate.action.internal.EntityIdentityInsertAction.execute(EntityIdentityInsertAction.java:85)
	at org.hibernate.engine.spi.ActionQueue.execute(ActionQueue.java:682)
	at org.hibernate.engine.spi.ActionQueue.addResolvedEntityInsertAction(ActionQueue.java:293)
	at org.hibernate.engine.spi.ActionQueue.addInsertAction(ActionQueue.java:274)
	at org.hibernate.engine.spi.ActionQueue.addAction(ActionQueue.java:324)
	at org.hibernate.event.internal.AbstractSaveEventListener.addInsertAction(AbstractSaveEventListener.java:393)
	at org.hibernate.event.internal.AbstractSaveEventListener.performSaveOrReplicate(AbstractSaveEventListener.java:307)
	at org.hibernate.event.internal.AbstractSaveEventListener.performSave(AbstractSaveEventListener.java:223)
	at org.hibernate.event.internal.AbstractSaveEventListener.saveWithGeneratedId(AbstractSaveEventListener.java:136)
	at org.hibernate.event.internal.DefaultPersistEventListener.entityIsTransient(DefaultPersistEventListener.java:177)
	at org.hibernate.event.internal.DefaultPersistEventListener.persist(DefaultPersistEventListener.java:95)
	at org.hibernate.event.internal.DefaultPersistEventListener.onPersist(DefaultPersistEventListener.java:79)
	at org.hibernate.event.service.internal.EventListenerGroupImpl.fireEventOnEachListener(EventListenerGroupImpl.java:138)
	at org.hibernate.internal.SessionImpl.firePersist(SessionImpl.java:803)
	at org.hibernate.internal.SessionImpl.persist(SessionImpl.java:751)
	at org.hibernate.engine.spi.CascadingActions$7.cascade(CascadingActions.java:295)
	at org.hibernate.engine.spi.CascadingActions$7.cascade(CascadingActions.java:285)
	at org.hibernate.engine.internal.Cascade.cascadeToOne(Cascade.java:570)
	at org.hibernate.engine.internal.Cascade.cascadeAssociation(Cascade.java:492)
	at org.hibernate.engine.internal.Cascade.cascadeProperty(Cascade.java:253)
	at org.hibernate.engine.internal.Cascade.cascadeCollectionElements(Cascade.java:604)
	at org.hibernate.engine.internal.Cascade.cascadeCollection(Cascade.java:534)
	at org.hibernate.engine.internal.Cascade.cascadeAssociation(Cascade.java:495)
	at org.hibernate.engine.internal.Cascade.cascadeProperty(Cascade.java:253)
	at org.hibernate.engine.internal.Cascade.cascade(Cascade.java:192)
	at org.hibernate.event.internal.AbstractSaveEventListener.cascadeAfterSave(AbstractSaveEventListener.java:520)
	at org.hibernate.event.internal.AbstractSaveEventListener.performSaveOrReplicate(AbstractSaveEventListener.java:319)
	at org.hibernate.event.internal.AbstractSaveEventListener.performSave(AbstractSaveEventListener.java:223)
	at org.hibernate.event.internal.AbstractSaveEventListener.saveWithGeneratedId(AbstractSaveEventListener.java:136)
	at org.hibernate.event.internal.DefaultPersistEventListener.entityIsTransient(DefaultPersistEventListener.java:177)
	at org.hibernate.event.internal.DefaultPersistEventListener.persist(DefaultPersistEventListener.java:95)
	at org.hibernate.event.internal.DefaultPersistEventListener.onPersist(DefaultPersistEventListener.java:79)
	at org.hibernate.event.internal.DefaultPersistEventListener.onPersist(DefaultPersistEventListener.java:55)
	at org.hibernate.event.service.internal.EventListenerGroupImpl.fireEventOnEachListener(EventListenerGroupImpl.java:127)
	at org.hibernate.internal.SessionImpl.firePersist(SessionImpl.java:761)
	at org.hibernate.internal.SessionImpl.persist(SessionImpl.java:745)
	at java.base/jdk.internal.reflect.DirectMethodHandleAccessor.invoke(DirectMethodHandleAccessor.java:103)
	at java.base/java.lang.reflect.Method.invoke(Method.java:580)
	at org.springframework.orm.jpa.ExtendedEntityManagerCreator$ExtendedEntityManagerInvocationHandler.invoke(ExtendedEntityManagerCreator.java:364)
	at jdk.proxy2/jdk.proxy2.$Proxy128.persist(Unknown Source)
	at java.base/jdk.internal.reflect.DirectMethodHandleAccessor.invoke(DirectMethodHandleAccessor.java:103)
	at java.base/java.lang.reflect.Method.invoke(Method.java:580)
	at org.springframework.orm.jpa.SharedEntityManagerCreator$SharedEntityManagerInvocationHandler.invoke(SharedEntityManagerCreator.java:320)
	at jdk.proxy2/jdk.proxy2.$Proxy128.persist(Unknown Source)
	at org.springframework.data.jpa.repository.support.SimpleJpaRepository.save(SimpleJpaRepository.java:636)
	at java.base/jdk.internal.reflect.DirectMethodHandleAccessor.invoke(DirectMethodHandleAccessor.java:103)
	at java.base/java.lang.reflect.Method.invoke(Method.java:580)
	at org.springframework.aop.support.AopUtils.invokeJoinpointUsingReflection(AopUtils.java:359)
	at org.springframework.data.repository.core.support.RepositoryMethodInvoker$RepositoryFragmentMethodInvoker.lambda$new$0(RepositoryMethodInvoker.java:277)
	at org.springframework.data.repository.core.support.RepositoryMethodInvoker.doInvoke(RepositoryMethodInvoker.java:170)
	at org.springframework.data.repository.core.support.RepositoryMethodInvoker.invoke(RepositoryMethodInvoker.java:158)
	at org.springframework.data.repository.core.support.RepositoryComposition$RepositoryFragments.invoke(RepositoryComposition.java:515)
	at org.springframework.data.repository.core.support.RepositoryComposition.invoke(RepositoryComposition.java:284)
	at org.springframework.data.repository.core.support.RepositoryFactorySupport$ImplementationMethodExecutionInterceptor.invoke(RepositoryFactorySupport.java:731)
	at org.springframework.aop.framework.ReflectiveMethodInvocation.proceed(ReflectiveMethodInvocation.java:184)
	at org.springframework.data.repository.core.support.QueryExecutorMethodInterceptor.doInvoke(QueryExecutorMethodInterceptor.java:174)
	at org.springframework.data.repository.core.support.QueryExecutorMethodInterceptor.invoke(QueryExecutorMethodInterceptor.java:149)
	at org.springframework.aop.framework.ReflectiveMethodInvocation.proceed(ReflectiveMethodInvocation.java:184)
	at org.springframework.data.projection.DefaultMethodInvokingMethodInterceptor.invoke(DefaultMethodInvokingMethodInterceptor.java:69)
	at org.springframework.aop.framework.ReflectiveMethodInvocation.proceed(ReflectiveMethodInvocation.java:184)
	at org.springframework.transaction.interceptor.TransactionAspectSupport.invokeWithinTransaction(TransactionAspectSupport.java:380)
	at org.springframework.transaction.interceptor.TransactionInterceptor.invoke(TransactionInterceptor.java:119)
	at org.springframework.aop.framework.ReflectiveMethodInvocation.proceed(ReflectiveMethodInvocation.java:184)
	at org.springframework.dao.support.PersistenceExceptionTranslationInterceptor.invoke(PersistenceExceptionTranslationInterceptor.java:138)
	at org.springframework.aop.framework.ReflectiveMethodInvocation.proceed(ReflectiveMethodInvocation.java:184)
	at org.springframework.data.jpa.repository.support.CrudMethodMetadataPostProcessor$CrudMethodMetadataPopulatingMethodInterceptor.invoke(CrudMethodMetadataPostProcessor.java:165)
	at org.springframework.aop.framework.ReflectiveMethodInvocation.proceed(ReflectiveMethodInvocation.java:184)
	at org.springframework.aop.framework.JdkDynamicAopProxy.invoke(JdkDynamicAopProxy.java:223)
	at jdk.proxy2/jdk.proxy2.$Proxy140.save(Unknown Source)
	at az.coders.cinemaplus.service.impl.ErrorMessageServiceImpl.createErrorMessage(ErrorMessageServiceImpl.java:52)
	at az.coders.cinemaplus.controller.admin.ErrorMessageController.createErrorMessage(ErrorMessageController.java:31)
	at java.base/jdk.internal.reflect.DirectMethodHandleAccessor.invoke(DirectMethodHandleAccessor.java:103)
	at java.base/java.lang.reflect.Method.invoke(Method.java:580)
	at org.springframework.web.method.support.InvocableHandlerMethod.doInvoke(InvocableHandlerMethod.java:258)
	at org.springframework.web.method.support.InvocableHandlerMethod.invokeForRequest(InvocableHandlerMethod.java:191)
	at org.springframework.web.servlet.mvc.method.annotation.ServletInvocableHandlerMethod.invokeAndHandle(ServletInvocableHandlerMethod.java:118)
	at org.springframework.web.servlet.mvc.method.annotation.RequestMappingHandlerAdapter.invokeHandlerMethod(RequestMappingHandlerAdapter.java:986)
	at org.springframework.web.servlet.mvc.method.annotation.RequestMappingHandlerAdapter.handleInternal(RequestMappingHandlerAdapter.java:891)
	at org.springframework.web.servlet.mvc.method.AbstractHandlerMethodAdapter.handle(AbstractHandlerMethodAdapter.java:87)
	at org.springframework.web.servlet.DispatcherServlet.doDispatch(DispatcherServlet.java:1089)
	at org.springframework.web.servlet.DispatcherServlet.doService(DispatcherServlet.java:979)
	at org.springframework.web.servlet.FrameworkServlet.processRequest(FrameworkServlet.java:1014)
	at org.springframework.web.servlet.FrameworkServlet.doPost(FrameworkServlet.java:914)
	at jakarta.servlet.http.HttpServlet.service(HttpServlet.java:590)
	at org.springframework.web.servlet.FrameworkServlet.service(FrameworkServlet.java:885)
	at jakarta.servlet.http.HttpServlet.service(HttpServlet.java:658)
	at org.apache.catalina.core.ApplicationFilterChain.internalDoFilter(ApplicationFilterChain.java:195)
	at org.apache.catalina.core.ApplicationFilterChain.doFilter(ApplicationFilterChain.java:140)
	at org.apache.tomcat.websocket.server.WsFilter.doFilter(WsFilter.java:51)
	at org.apache.catalina.core.ApplicationFilterChain.internalDoFilter(ApplicationFilterChain.java:164)
	at org.apache.catalina.core.ApplicationFilterChain.doFilter(ApplicationFilterChain.java:140)
	at az.coders.cinemaplus.config.LoggingFilter.doFilterInternal(LoggingFilter.java:28)
	at org.springframework.web.filter.OncePerRequestFilter.doFilter(OncePerRequestFilter.java:116)
	at org.apache.catalina.core.ApplicationFilterChain.internalDoFilter(ApplicationFilterChain.java:164)
	at org.apache.catalina.core.ApplicationFilterChain.doFilter(ApplicationFilterChain.java:140)
	at org.springframework.web.filter.OncePerRequestFilter.doFilter(OncePerRequestFilter.java:110)
	at org.apache.catalina.core.ApplicationFilterChain.internalDoFilter(ApplicationFilterChain.java:164)
	at org.apache.catalina.core.ApplicationFilterChain.doFilter(ApplicationFilterChain.java:140)
	at org.springframework.web.filter.CompositeFilter$VirtualFilterChain.doFilter(CompositeFilter.java:108)
	at org.springframework.security.web.FilterChainProxy.lambda$doFilterInternal$3(FilterChainProxy.java:231)
	at org.springframework.security.web.FilterChainProxy$VirtualFilterChain.doFilter(FilterChainProxy.java:365)
	at org.springframework.security.web.access.intercept.AuthorizationFilter.doFilter(AuthorizationFilter.java:101)
	at org.springframework.security.web.FilterChainProxy$VirtualFilterChain.doFilter(FilterChainProxy.java:374)
	at org.springframework.security.web.access.ExceptionTranslationFilter.doFilter(ExceptionTranslationFilter.java:126)
	at org.springframework.security.web.access.ExceptionTranslationFilter.doFilter(ExceptionTranslationFilter.java:120)
	at org.springframework.security.web.FilterChainProxy$VirtualFilterChain.doFilter(FilterChainProxy.java:374)
	at org.springframework.security.web.authentication.AnonymousAuthenticationFilter.doFilter(AnonymousAuthenticationFilter.java:100)
	at org.springframework.security.web.FilterChainProxy$VirtualFilterChain.doFilter(FilterChainProxy.java:374)
	at org.springframework.security.web.servletapi.SecurityContextHolderAwareRequestFilter.doFilter(SecurityContextHolderAwareRequestFilter.java:179)
	at org.springframework.security.web.FilterChainProxy$VirtualFilterChain.doFilter(FilterChainProxy.java:374)
	at org.springframework.security.web.savedrequest.RequestCacheAwareFilter.doFilter(RequestCacheAwareFilter.java:63)
	at org.springframework.security.web.FilterChainProxy$VirtualFilterChain.doFilter(FilterChainProxy.java:374)
	at az.coders.cinemaplus.config.JwtFilter.doFilterInternal(JwtFilter.java:42)
	at org.springframework.web.filter.OncePerRequestFilter.doFilter(OncePerRequestFilter.java:116)
	at org.springframework.security.web.FilterChainProxy$VirtualFilterChain.doFilter(FilterChainProxy.java:374)
	at org.springframework.security.web.authentication.logout.LogoutFilter.doFilter(LogoutFilter.java:107)
	at org.springframework.security.web.authentication.logout.LogoutFilter.doFilter(LogoutFilter.java:93)
	at org.springframework.security.web.FilterChainProxy$VirtualFilterChain.doFilter(FilterChainProxy.java:374)
	at org.springframework.security.web.header.HeaderWriterFilter.doHeadersAfter(HeaderWriterFilter.java:90)
	at org.springframework.security.web.header.HeaderWriterFilter.doFilterInternal(HeaderWriterFilter.java:75)
	at org.springframework.web.filter.OncePerRequestFilter.doFilter(OncePerRequestFilter.java:116)
	at org.springframework.security.web.FilterChainProxy$VirtualFilterChain.doFilter(FilterChainProxy.java:374)
	at org.springframework.security.web.context.SecurityContextHolderFilter.doFilter(SecurityContextHolderFilter.java:82)
	at org.springframework.security.web.context.SecurityContextHolderFilter.doFilter(SecurityContextHolderFilter.java:69)
	at org.springframework.security.web.FilterChainProxy$VirtualFilterChain.doFilter(FilterChainProxy.java:374)
	at org.springframework.security.web.context.request.async.WebAsyncManagerIntegrationFilter.doFilterInternal(WebAsyncManagerIntegrationFilter.java:62)
	at org.springframework.web.filter.OncePerRequestFilter.doFilter(OncePerRequestFilter.java:116)
	at org.springframework.security.web.FilterChainProxy$VirtualFilterChain.doFilter(FilterChainProxy.java:374)
	at org.springframework.security.web.session.DisableEncodeUrlFilter.doFilterInternal(DisableEncodeUrlFilter.java:42)
	at org.springframework.web.filter.OncePerRequestFilter.doFilter(OncePerRequestFilter.java:116)
	at org.springframework.security.web.FilterChainProxy$VirtualFilterChain.doFilter(FilterChainProxy.java:374)
	at org.springframework.security.web.FilterChainProxy.doFilterInternal(FilterChainProxy.java:233)
	at org.springframework.security.web.FilterChainProxy.doFilter(FilterChainProxy.java:191)
	at org.springframework.web.filter.CompositeFilter$VirtualFilterChain.doFilter(CompositeFilter.java:113)
	at org.springframework.web.servlet.handler.HandlerMappingIntrospector.lambda$createCacheFilter$3(HandlerMappingIntrospector.java:243)
	at org.springframework.web.filter.CompositeFilter$VirtualFilterChain.doFilter(CompositeFilter.java:113)
	at org.springframework.web.filter.CompositeFilter.doFilter(CompositeFilter.java:74)
	at org.springframework.security.config.annotation.web.configuration.WebMvcSecurityConfiguration$CompositeFilterChainProxy.doFilter(WebMvcSecurityConfiguration.java:238)
	at org.springframework.web.filter.DelegatingFilterProxy.invokeDelegate(DelegatingFilterProxy.java:362)
	at org.springframework.web.filter.DelegatingFilterProxy.doFilter(DelegatingFilterProxy.java:278)
	at org.apache.catalina.core.ApplicationFilterChain.internalDoFilter(ApplicationFilterChain.java:164)
	at org.apache.catalina.core.ApplicationFilterChain.doFilter(ApplicationFilterChain.java:140)
	at org.springframework.web.filter.RequestContextFilter.doFilterInternal(RequestContextFilter.java:100)
	at org.springframework.web.filter.OncePerRequestFilter.doFilter(OncePerRequestFilter.java:116)
	at org.apache.catalina.core.ApplicationFilterChain.internalDoFilter(ApplicationFilterChain.java:164)
	at org.apache.catalina.core.ApplicationFilterChain.doFilter(ApplicationFilterChain.java:140)
	at org.springframework.web.filter.FormContentFilter.doFilterInternal(FormContentFilter.java:93)
	at org.springframework.web.filter.OncePerRequestFilter.doFilter(OncePerRequestFilter.java:116)
	at org.apache.catalina.core.ApplicationFilterChain.internalDoFilter(ApplicationFilterChain.java:164)
	at org.apache.catalina.core.ApplicationFilterChain.doFilter(ApplicationFilterChain.java:140)
	at org.springframework.web.filter.CharacterEncodingFilter.doFilterInternal(CharacterEncodingFilter.java:201)
	at org.springframework.web.filter.OncePerRequestFilter.doFilter(OncePerRequestFilter.java:116)
	at org.apache.catalina.core.ApplicationFilterChain.internalDoFilter(ApplicationFilterChain.java:164)
	at org.apache.catalina.core.ApplicationFilterChain.doFilter(ApplicationFilterChain.java:140)
	at org.apache.catalina.core.StandardWrapperValve.invoke(StandardWrapperValve.java:167)
	at org.apache.catalina.core.StandardContextValve.invoke(StandardContextValve.java:90)
	at org.apache.catalina.authenticator.AuthenticatorBase.invoke(AuthenticatorBase.java:483)
	at org.apache.catalina.core.StandardHostValve.invoke(StandardHostValve.java:115)
	at org.apache.catalina.valves.ErrorReportValve.invoke(ErrorReportValve.java:93)
	at org.apache.catalina.core.StandardEngineValve.invoke(StandardEngineValve.java:74)
	at org.apache.catalina.connector.CoyoteAdapter.service(CoyoteAdapter.java:344)
	at org.apache.coyote.http11.Http11Processor.service(Http11Processor.java:397)
	at org.apache.coyote.AbstractProcessorLight.process(AbstractProcessorLight.java:63)
	at org.apache.coyote.AbstractProtocol$ConnectionHandler.process(AbstractProtocol.java:905)
	at org.apache.tomcat.util.net.NioEndpoint$SocketProcessor.doRun(NioEndpoint.java:1743)
	at org.apache.tomcat.util.net.SocketProcessorBase.run(SocketProcessorBase.java:52)
	at org.apache.tomcat.util.threads.ThreadPoolExecutor.runWorker(ThreadPoolExecutor.java:1190)
	at org.apache.tomcat.util.threads.ThreadPoolExecutor$Worker.run(ThreadPoolExecutor.java:659)
	at org.apache.tomcat.util.threads.TaskThread$WrappingRunnable.run(TaskThread.java:63)
	at java.base/java.lang.Thread.run(Thread.java:1570)
2025-04-25 19:20:04 [http-nio-8080-exec-2] ERROR o.a.c.c.C.[.[.[.[dispatcherServlet] - Servlet.service() for servlet [dispatcherServlet] in context with path [] threw exception [Request processing failed: java.lang.IllegalArgumentException: Infinite recursion (StackOverflowError) (through reference chain: az.coders.cinemaplus.entity.ErrorMessageTranslation["errorMessage"]->az.coders.cinemaplus.entity.ErrorMessage["translations"]->org.hibernate.collection.spi.PersistentBag[0]->az.coders.cinemaplus.entity.ErrorMessageTranslation["errorMessage"]->az.coders.cinemaplus.entity.ErrorMessage["translations"]->org.hibernate.collection.spi.PersistentBag[0]->az.coders.cinemaplus.entity.ErrorMessageTranslation["errorMessage"]->az.coders.cinemaplus.entity.ErrorMessage["translations"]->org.hibernate.collection.spi.PersistentBag[0]->az.coders.cinemaplus.entity.ErrorMessageTranslation["errorMessage"]->az.coders.cinemaplus.entity.ErrorMessage["translations"]->org.hibernate.collection.spi.PersistentBag[0]->az.coders.cinemaplus.entity.ErrorMessageTranslation["errorMessage"]->az.coders.cinemaplus.entity.ErrorMessage["translations"]->org.hibernate.collection.spi.PersistentBag[0]->az.coders.cinemaplus.entity.ErrorMessageTranslation["errorMessage"]->az.coders.cinemaplus.entity.ErrorMessage["translations"]->org.hibernate.collection.spi.PersistentBag[0]->az.coders.cinemaplus.entity.ErrorMessageTranslation["errorMessage"]->az.coders.cinemaplus.entity.ErrorMessage["translations"]->org.hibernate.collection.spi.PersistentBag[0]->az.coders.cinemaplus.entity.ErrorMessageTranslation["errorMessage"]->az.coders.cinemaplus.entity.ErrorMessage["translations"]->org.hibernate.collection.spi.PersistentBag[0]->az.coders.cinemaplus.entity.ErrorMessageTranslation["errorMessage"]->az.coders.cinemaplus.entity.ErrorMessage["translations"]->org.hibernate.collection.spi.PersistentBag[0]->az.coders.cinemaplus.entity.ErrorMessageTranslation["errorMessage"]->az.coders.cinemaplus.entity.ErrorMessage["translations"]->org.hibernate.collection.spi.PersistentBag[0]->az.coders.cinemaplus.entity.ErrorMessageTranslation["errorMessage"]->az.coders.cinemaplus.entity.ErrorMessage["translations"]->org.hibernate.collection.spi.PersistentBag[0]->az.coders.cinemaplus.entity.ErrorMessageTranslation["errorMessage"]->az.coders.cinemaplus.entity.ErrorMessage["translations"]->org.hibernate.collection.spi.PersistentBag[0]->az.coders.cinemaplus.entity.ErrorMessageTranslation["errorMessage"]->az.coders.cinemaplus.entity.ErrorMessage["translations"]->org.hibernate.collection.spi.PersistentBag[0]->az.coders.cinemaplus.entity.ErrorMessageTranslation["errorMessage"]->az.coders.cinemaplus.entity.ErrorMessage["translations"]->org.hibernate.collection.spi.PersistentBag[0]->az.coders.cinemaplus.entity.ErrorMessageTranslation["errorMessage"]->az.coders.cinemaplus.entity.ErrorMessage["translations"]->org.hibernate.collection.spi.PersistentBag[0]->az.coders.cinemaplus.entity.ErrorMessageTranslation["errorMessage"]->az.coders.cinemaplus.entity.ErrorMessage["translations"]->org.hibernate.collection.spi.PersistentBag[0]->az.coders.cinemaplus.entity.ErrorMessageTranslation["errorMessage"]->az.coders.cinemaplus.entity.ErrorMessage["translations"]->org.hibernate.collection.spi.PersistentBag[0]->az.coders.cinemaplus.entity.ErrorMessageTranslation["errorMessage"]->az.coders.cinemaplus.entity.ErrorMessage["translations"]->org.hibernate.collection.spi.PersistentBag[0]->az.coders.cinemaplus.entity.ErrorMessageTranslation["errorMessage"]->az.coders.cinemaplus.entity.ErrorMessage["translations"]->org.hibernate.collection.spi.PersistentBag[0]->az.coders.cinemaplus.entity.ErrorMessageTranslation["errorMessage"]->az.coders.cinemaplus.entity.ErrorMessage["translations"]->org.hibernate.collection.spi.PersistentBag[0]->az.coders.cinemaplus.entity.ErrorMessageTranslation["errorMessage"]->az.coders.cinemaplus.entity.ErrorMessage["translations"]->org.hibernate.collection.spi.PersistentBag[0]->az.coders.cinemaplus.entity.ErrorMessageTranslation["errorMessage"]->az.coders.cinemaplus.entity.ErrorMessage["translations"]->org.hibernate.collection.spi.PersistentBag[0]->az.coders.cinemaplus.entity.ErrorMessageTranslation["errorMessage"]->az.coders.cinemaplus.entity.ErrorMessage["translations"]->org.hibernate.collection.spi.PersistentBag[0]->az.coders.cinemaplus.entity.ErrorMessageTranslation["errorMessage"]->az.coders.cinemaplus.entity.ErrorMessage["translations"]->org.hibernate.collection.spi.PersistentBag[0]->az.coders.cinemaplus.entity.ErrorMessageTranslation["errorMessage"]->az.coders.cinemaplus.entity.ErrorMessage["translations"]->org.hibernate.collection.spi.PersistentBag[0]->az.coders.cinemaplus.entity.ErrorMessageTranslation["errorMessage"]->az.coders.cinemaplus.entity.ErrorMessage["translations"]->org.hibernate.collection.spi.PersistentBag[0]->az.coders.cinemaplus.entity.ErrorMessageTranslation["errorMessage"]->az.coders.cinemaplus.entity.ErrorMessage["translations"]->org.hibernate.collection.spi.PersistentBag[0]->az.coders.cinemaplus.entity.ErrorMessageTranslation["errorMessage"]->az.coders.cinemaplus.entity.ErrorMessage["translations"]->org.hibernate.collection.spi.PersistentBag[0]->az.coders.cinemaplus.entity.ErrorMessageTranslation["errorMessage"]->az.coders.cinemaplus.entity.ErrorMessage["translations"]->org.hibernate.collection.spi.PersistentBag[0]->az.coders.cinemaplus.entity.ErrorMessageTranslation["errorMessage"]->az.coders.cinemaplus.entity.ErrorMessage["translations"]->org.hibernate.collection.spi.PersistentBag[0]->az.coders.cinemaplus.entity.ErrorMessageTranslation["errorMessage"]->az.coders.cinemaplus.entity.ErrorMessage["translations"]->org.hibernate.collection.spi.PersistentBag[0]->az.coders.cinemaplus.entity.ErrorMessageTranslation["errorMessage"]->az.coders.cinemaplus.entity.ErrorMessage["translations"]->org.hibernate.collection.spi.PersistentBag[0]->az.coders.cinemaplus.entity.ErrorMessageTranslation["errorMessage"]->az.coders.cinemaplus.entity.ErrorMessage["translations"]->org.hibernate.collection.spi.PersistentBag[0]->az.coders.cinemaplus.entity.ErrorMessageTranslation["errorMessage"]->az.coders.cinemaplus.entity.ErrorMessage["translations"]->org.hibernate.collection.spi.PersistentBag[0]->az.coders.cinemaplus.entity.ErrorMessageTranslation["errorMessage"]->az.coders.cinemaplus.entity.ErrorMessage["translations"]->org.hibernate.collection.spi.PersistentBag[0]->az.coders.cinemaplus.entity.ErrorMessageTranslation["errorMessage"]->az.coders.cinemaplus.entity.ErrorMessage["translations"]->org.hibernate.collection.spi.PersistentBag[0]->az.coders.cinemaplus.entity.ErrorMessageTranslation["errorMessage"]->az.coders.cinemaplus.entity.ErrorMessage["translations"]->org.hibernate.collection.spi.PersistentBag[0]->az.coders.cinemaplus.entity.ErrorMessageTranslation["errorMessage"]->az.coders.cinemaplus.entity.ErrorMessage["translations"]->org.hibernate.collection.spi.PersistentBag[0]->az.coders.cinemaplus.entity.ErrorMessageTranslation["errorMessage"]->az.coders.cinemaplus.entity.ErrorMessage["translations"]->org.hibernate.collection.spi.PersistentBag[0]->az.coders.cinemaplus.entity.ErrorMessageTranslation["errorMessage"]->az.coders.cinemaplus.entity.ErrorMessage["translations"]->org.hibernate.collection.spi.PersistentBag[0]->az.coders.cinemaplus.entity.ErrorMessageTranslation["errorMessage"]->az.coders.cinemaplus.entity.ErrorMessage["translations"]->org.hibernate.collection.spi.PersistentBag[0]->az.coders.cinemaplus.entity.ErrorMessageTranslation["errorMessage"]->az.coders.cinemaplus.entity.ErrorMessage["translations"]->org.hibernate.collection.spi.PersistentBag[0]->az.coders.cinemaplus.entity.ErrorMessageTranslation["errorMessage"]->az.coders.cinemaplus.entity.ErrorMessage["translations"]->org.hibernate.collection.spi.PersistentBag[0]->az.coders.cinemaplus.entity.ErrorMessageTranslation["errorMessage"]->az.coders.cinemaplus.entity.ErrorMessage["translations"]->org.hibernate.collection.spi.PersistentBag[0]->az.coders.cinemaplus.entity.ErrorMessageTranslation["errorMessage"]->az.coders.cinemaplus.entity.ErrorMessage["translations"]->org.hibernate.collection.spi.PersistentBag[0]->az.coders.cinemaplus.entity.ErrorMessageTranslation["errorMessage"]->az.coders.cinemaplus.entity.ErrorMessage["translations"]->org.hibernate.collection.spi.PersistentBag[0]->az.coders.cinemaplus.entity.ErrorMessageTranslation["errorMessage"]->az.coders.cinemaplus.entity.ErrorMessage["translations"]->org.hibernate.collection.spi.PersistentBag[0]->az.coders.cinemaplus.entity.ErrorMessageTranslation["errorMessage"]->az.coders.cinemaplus.entity.ErrorMessage["translations"]->org.hibernate.collection.spi.PersistentBag[0]->az.coders.cinemaplus.entity.ErrorMessageTranslation["errorMessage"]->az.coders.cinemaplus.entity.ErrorMessage["translations"]->org.hibernate.collection.spi.PersistentBag[0]->az.coders.cinemaplus.entity.ErrorMessageTranslation["errorMessage"]->az.coders.cinemaplus.entity.ErrorMessage["translations"]->org.hibernate.collection.spi.PersistentBag[0]->az.coders.cinemaplus.entity.ErrorMessageTranslation["errorMessage"]->az.coders.cinemaplus.entity.ErrorMessage["translations"]->org.hibernate.collection.spi.PersistentBag[0]->az.coders.cinemaplus.entity.ErrorMessageTranslation["errorMessage"]->az.coders.cinemaplus.entity.ErrorMessage["translations"]->org.hibernate.collection.spi.PersistentBag[0]->az.coders.cinemaplus.entity.ErrorMessageTranslation["errorMessage"]->az.coders.cinemaplus.entity.ErrorMessage["translations"]->org.hibernate.collection.spi.PersistentBag[0]->az.coders.cinemaplus.entity.ErrorMessageTranslation["errorMessage"]->az.coders.cinemaplus.entity.ErrorMessage["translations"]->org.hibernate.collection.spi.PersistentBag[0]->az.coders.cinemaplus.entity.ErrorMessageTranslation["errorMessage"]->az.coders.cinemaplus.entity.ErrorMessage["translations"]->org.hibernate.collection.spi.PersistentBag[0]->az.coders.cinemaplus.entity.ErrorMessageTranslation["errorMessage"]->az.coders.cinemaplus.entity.ErrorMessage["translations"]->org.hibernate.collection.spi.PersistentBag[0]->az.coders.cinemaplus.entity.ErrorMessageTranslation["errorMessage"]->az.coders.cinemaplus.entity.ErrorMessage["translations"]->org.hibernate.collection.spi.PersistentBag[0]->az.coders.cinemaplus.entity.ErrorMessageTranslation["errorMessage"]->az.coders.cinemaplus.entity.ErrorMessage["translations"]->org.hibernate.collection.spi.PersistentBag[0]->az.coders.cinemaplus.entity.ErrorMessageTranslation["errorMessage"]->az.coders.cinemaplus.entity.ErrorMessage["translations"]->org.hibernate.collection.spi.PersistentBag[0]->az.coders.cinemaplus.entity.ErrorMessageTranslation["errorMessage"]->az.coders.cinemaplus.entity.ErrorMessage["translations"]->org.hibernate.collection.spi.PersistentBag[0]->az.coders.cinemaplus.entity.ErrorMessageTranslation["errorMessage"]->az.coders.cinemaplus.entity.ErrorMessage["translations"]->org.hibernate.collection.spi.PersistentBag[0]->az.coders.cinemaplus.entity.ErrorMessageTranslation["errorMessage"]->az.coders.cinemaplus.entity.ErrorMessage["translations"]->org.hibernate.collection.spi.PersistentBag[0]->az.coders.cinemaplus.entity.ErrorMessageTranslation["errorMessage"]->az.coders.cinemaplus.entity.ErrorMessage["translations"]->org.hibernate.collection.spi.PersistentBag[0]->az.coders.cinemaplus.entity.ErrorMessageTranslation["errorMessage"]->az.coders.cinemaplus.entity.ErrorMessage["translations"]->org.hibernate.collection.spi.PersistentBag[0]->az.coders.cinemaplus.entity.ErrorMessageTranslation["errorMessage"]->az.coders.cinemaplus.entity.ErrorMessage["translations"]->org.hibernate.collection.spi.PersistentBag[0]->az.coders.cinemaplus.entity.ErrorMessageTranslation["errorMessage"]->az.coders.cinemaplus.entity.ErrorMessage["translations"]->org.hibernate.collection.spi.PersistentBag[0]->az.coders.cinemaplus.entity.ErrorMessageTranslation["errorMessage"]->az.coders.cinemaplus.entity.ErrorMessage["translations"]->org.hibernate.collection.spi.PersistentBag[0]->az.coders.cinemaplus.entity.ErrorMessageTranslation["errorMessage"]->az.coders.cinemaplus.entity.ErrorMessage["translations"]->org.hibernate.collection.spi.PersistentBag[0]->az.coders.cinemaplus.entity.ErrorMessageTranslation["errorMessage"]->az.coders.cinemaplus.entity.ErrorMessage["translations"]->org.hibernate.collection.spi.PersistentBag[0]->az.coders.cinemaplus.entity.ErrorMessageTranslation["errorMessage"]->az.coders.cinemaplus.entity.ErrorMessage["translations"]->org.hibernate.collection.spi.PersistentBag[0]->az.coders.cinemaplus.entity.ErrorMessageTranslation["errorMessage"]->az.coders.cinemaplus.entity.ErrorMessage["translations"]->org.hibernate.collection.spi.PersistentBag[0]->az.coders.cinemaplus.entity.ErrorMessageTranslation["errorMessage"]->az.coders.cinemaplus.entity.ErrorMessage["translations"]->org.hibernate.collection.spi.PersistentBag[0]->az.coders.cinemaplus.entity.ErrorMessageTranslation["errorMessage"]->az.coders.cinemaplus.entity.ErrorMessage["translations"]->org.hibernate.collection.spi.PersistentBag[0]->az.coders.cinemaplus.entity.ErrorMessageTranslation["errorMessage"]->az.coders.cinemaplus.entity.ErrorMessage["translations"]->org.hibernate.collection.spi.PersistentBag[0]->az.coders.cinemaplus.entity.ErrorMessageTranslation["errorMessage"]->az.coders.cinemaplus.entity.ErrorMessage["translations"]->org.hibernate.collection.spi.PersistentBag[0]->az.coders.cinemaplus.entity.ErrorMessageTranslation["errorMessage"]->az.coders.cinemaplus.entity.ErrorMessage["translations"]->org.hibernate.collection.spi.PersistentBag[0]->az.coders.cinemaplus.entity.ErrorMessageTranslation["errorMessage"]->az.coders.cinemaplus.entity.ErrorMessage["translations"]->org.hibernate.collection.spi.PersistentBag[0]->az.coders.cinemaplus.entity.ErrorMessageTranslation["errorMessage"]->az.coders.cinemaplus.entity.ErrorMessage["translations"]->org.hibernate.collection.spi.PersistentBag[0]->az.coders.cinemaplus.entity.ErrorMessageTranslation["errorMessage"]->az.coders.cinemaplus.entity.ErrorMessage["translations"]->org.hibernate.collection.spi.PersistentBag[0]->az.coders.cinemaplus.entity.ErrorMessageTranslation["errorMessage"]->az.coders.cinemaplus.entity.ErrorMessage["translations"]->org.hibernate.collection.spi.PersistentBag[0]->az.coders.cinemaplus.entity.ErrorMessageTranslation["errorMessage"]->az.coders.cinemaplus.entity.ErrorMessage["translations"]->org.hibernate.collection.spi.PersistentBag[0]->az.coders.cinemaplus.entity.ErrorMessageTranslation["errorMessage"]->az.coders.cinemaplus.entity.ErrorMessage["translations"]->org.hibernate.collection.spi.PersistentBag[0]->az.coders.cinemaplus.entity.ErrorMessageTranslation["errorMessage"]->az.coders.cinemaplus.entity.ErrorMessage["translations"]->org.hibernate.collection.spi.PersistentBag[0]->az.coders.cinemaplus.entity.ErrorMessageTranslation["errorMessage"]->az.coders.cinemaplus.entity.ErrorMessage["translations"]->org.hibernate.collection.spi.PersistentBag[0]->az.coders.cinemaplus.entity.ErrorMessageTranslation["errorMessage"]->az.coders.cinemaplus.entity.ErrorMessage["translations"]->org.hibernate.collection.spi.PersistentBag[0]->az.coders.cinemaplus.entity.ErrorMessageTranslation["errorMessage"]->az.coders.cinemaplus.entity.ErrorMessage["translations"]->org.hibernate.collection.spi.PersistentBag[0]->az.coders.cinemaplus.entity.ErrorMessageTranslation["errorMessage"]->az.coders.cinemaplus.entity.ErrorMessage["translations"]->org.hibernate.collection.spi.PersistentBag[0]->az.coders.cinemaplus.entity.ErrorMessageTranslation["errorMessage"]->az.coders.cinemaplus.entity.ErrorMessage["translations"]->org.hibernate.collection.spi.PersistentBag[0]->az.coders.cinemaplus.entity.ErrorMessageTranslation["errorMessage"]->az.coders.cinemaplus.entity.ErrorMessage["translations"]->org.hibernate.collection.spi.PersistentBag[0]->az.coders.cinemaplus.entity.ErrorMessageTranslation["errorMessage"]->az.coders.cinemaplus.entity.ErrorMessage["translations"]->org.hibernate.collection.spi.PersistentBag[0]->az.coders.cinemaplus.entity.ErrorMessageTranslation["errorMessage"]->az.coders.cinemaplus.entity.ErrorMessage["translations"]->org.hibernate.collection.spi.PersistentBag[0]->az.coders.cinemaplus.entity.ErrorMessageTranslation["errorMessage"]->az.coders.cinemaplus.entity.ErrorMessage["translations"]->org.hibernate.collection.spi.PersistentBag[0]->az.coders.cinemaplus.entity.ErrorMessageTranslation["errorMessage"]->az.coders.cinemaplus.entity.ErrorMessage["translations"]->org.hibernate.collection.spi.PersistentBag[0]->az.coders.cinemaplus.entity.ErrorMessageTranslation["errorMessage"]->az.coders.cinemaplus.entity.ErrorMessage["translations"]->org.hibernate.collection.spi.PersistentBag[0]->az.coders.cinemaplus.entity.ErrorMessageTranslation["errorMessage"]->az.coders.cinemaplus.entity.ErrorMessage["translations"]->org.hibernate.collection.spi.PersistentBag[0]->az.coders.cinemaplus.entity.ErrorMessageTranslation["errorMessage"]->az.coders.cinemaplus.entity.ErrorMessage["translations"]->org.hibernate.collection.spi.PersistentBag[0]->az.coders.cinemaplus.entity.ErrorMessageTranslation["errorMessage"]->az.coders.cinemaplus.entity.ErrorMessage["translations"]->org.hibernate.collection.spi.PersistentBag[0]->az.coders.cinemaplus.entity.ErrorMessageTranslation["errorMessage"]->az.coders.cinemaplus.entity.ErrorMessage["translations"]->org.hibernate.collection.spi.PersistentBag[0]->az.coders.cinemaplus.entity.ErrorMessageTranslation["errorMessage"]->az.coders.cinemaplus.entity.ErrorMessage["translations"]->org.hibernate.collection.spi.PersistentBag[0]->az.coders.cinemaplus.entity.ErrorMessageTranslation["errorMessage"]->az.coders.cinemaplus.entity.ErrorMessage["translations"]->org.hibernate.collection.spi.PersistentBag[0]->az.coders.cinemaplus.entity.ErrorMessageTranslation["errorMessage"]->az.coders.cinemaplus.entity.ErrorMessage["translations"]->org.hibernate.collection.spi.PersistentBag[0]->az.coders.cinemaplus.entity.ErrorMessageTranslation["errorMessage"]->az.coders.cinemaplus.entity.ErrorMessage["translations"]->org.hibernate.collection.spi.PersistentBag[0]->az.coders.cinemaplus.entity.ErrorMessageTranslation["errorMessage"]->az.coders.cinemaplus.entity.ErrorMessage["translations"]->org.hibernate.collection.spi.PersistentBag[0]->az.coders.cinemaplus.entity.ErrorMessageTranslation["errorMessage"]->az.coders.cinemaplus.entity.ErrorMessage["translations"]->org.hibernate.collection.spi.PersistentBag[0]->az.coders.cinemaplus.entity.ErrorMessageTranslation["errorMessage"]->az.coders.cinemaplus.entity.ErrorMessage["translations"]->org.hibernate.collection.spi.PersistentBag[0]->az.coders.cinemaplus.entity.ErrorMessageTranslation["errorMessage"]->az.coders.cinemaplus.entity.ErrorMessage["translations"]->org.hibernate.collection.spi.PersistentBag[0]->az.coders.cinemaplus.entity.ErrorMessageTranslation["errorMessage"]->az.coders.cinemaplus.entity.ErrorMessage["translations"]->org.hibernate.collection.spi.PersistentBag[0]->az.coders.cinemaplus.entity.ErrorMessageTranslation["errorMessage"]->az.coders.cinemaplus.entity.ErrorMessage["translations"]->org.hibernate.collection.spi.PersistentBag[0]->az.coders.cinemaplus.entity.ErrorMessageTranslation["errorMessage"]->az.coders.cinemaplus.entity.ErrorMessage["translations"]->org.hibernate.collection.spi.PersistentBag[0]->az.coders.cinemaplus.entity.ErrorMessageTranslation["errorMessage"]->az.coders.cinemaplus.entity.ErrorMessage["translations"]->org.hibernate.collection.spi.PersistentBag[0]->az.coders.cinemaplus.entity.ErrorMessageTranslation["errorMessage"]->az.coders.cinemaplus.entity.ErrorMessage["translations"]->org.hibernate.collection.spi.PersistentBag[0]->az.coders.cinemaplus.entity.ErrorMessageTranslation["errorMessage"]->az.coders.cinemaplus.entity.ErrorMessage["translations"]->org.hibernate.collection.spi.PersistentBag[0]->az.coders.cinemaplus.entity.ErrorMessageTranslation["errorMessage"]->az.coders.cinemaplus.entity.ErrorMessage["translations"]->org.hibernate.collection.spi.PersistentBag[0]->az.coders.cinemaplus.entity.ErrorMessageTranslation["errorMessage"]->az.coders.cinemaplus.entity.ErrorMessage["translations"]->org.hibernate.collection.spi.PersistentBag[0]->az.coders.cinemaplus.entity.ErrorMessageTranslation["errorMessage"]->az.coders.cinemaplus.entity.ErrorMessage["translations"]->org.hibernate.collection.spi.PersistentBag[0]->az.coders.cinemaplus.entity.ErrorMessageTranslation["errorMessage"]->az.coders.cinemaplus.entity.ErrorMessage["translations"]->org.hibernate.collection.spi.PersistentBag[0]->az.coders.cinemaplus.entity.ErrorMessageTranslation["errorMessage"]->az.coders.cinemaplus.entity.ErrorMessage["translations"]->org.hibernate.collection.spi.PersistentBag[0]->az.coders.cinemaplus.entity.ErrorMessageTranslation["errorMessage"]->az.coders.cinemaplus.entity.ErrorMessage["translations"]->org.hibernate.collection.spi.PersistentBag[0]->az.coders.cinemaplus.entity.ErrorMessageTranslation["errorMessage"]->az.coders.cinemaplus.entity.ErrorMessage["translations"]->org.hibernate.collection.spi.PersistentBag[0]->az.coders.cinemaplus.entity.ErrorMessageTranslation["errorMessage"]->az.coders.cinemaplus.entity.ErrorMessage["translations"]->org.hibernate.collection.spi.PersistentBag[0]->az.coders.cinemaplus.entity.ErrorMessageTranslation["errorMessage"]->az.coders.cinemaplus.entity.ErrorMessage["translations"]->org.hibernate.collection.spi.PersistentBag[0]->az.coders.cinemaplus.entity.ErrorMessageTranslation["errorMessage"]->az.coders.cinemaplus.entity.ErrorMessage["translations"]->org.hibernate.collection.spi.PersistentBag[0]->az.coders.cinemaplus.entity.ErrorMessageTranslation["errorMessage"]->az.coders.cinemaplus.entity.ErrorMessage["translations"]->org.hibernate.collection.spi.PersistentBag[0]->az.coders.cinemaplus.entity.ErrorMessageTranslation["errorMessage"]->az.coders.cinemaplus.entity.ErrorMessage["translations"]->org.hibernate.collection.spi.PersistentBag[0]->az.coders.cinemaplus.entity.ErrorMessageTranslation["errorMessage"]->az.coders.cinemaplus.entity.ErrorMessage["translations"]->org.hibernate.collection.spi.PersistentBag[0]->az.coders.cinemaplus.entity.ErrorMessageTranslation["errorMessage"]->az.coders.cinemaplus.entity.ErrorMessage["translations"]->org.hibernate.collection.spi.PersistentBag[0]->az.coders.cinemaplus.entity.ErrorMessageTranslation["errorMessage"]->az.coders.cinemaplus.entity.ErrorMessage["translations"]->org.hibernate.collection.spi.PersistentBag[0]->az.coders.cinemaplus.entity.ErrorMessageTranslation["errorMessage"]->az.coders.cinemaplus.entity.ErrorMessage["translations"]->org.hibernate.collection.spi.PersistentBag[0]->az.coders.cinemaplus.entity.ErrorMessageTranslation["errorMessage"]->az.coders.cinemaplus.entity.ErrorMessage["translations"]->org.hibernate.collection.spi.PersistentBag[0]->az.coders.cinemaplus.entity.ErrorMessageTranslation["errorMessage"]->az.coders.cinemaplus.entity.ErrorMessage["translations"]->org.hibernate.collection.spi.PersistentBag[0]->az.coders.cinemaplus.entity.ErrorMessageTranslation["errorMessage"]->az.coders.cinemaplus.entity.ErrorMessage["translations"]->org.hibernate.collection.spi.PersistentBag[0]->az.coders.cinemaplus.entity.ErrorMessageTranslation["errorMessage"]->az.coders.cinemaplus.entity.ErrorMessage["translations"]->org.hibernate.collection.spi.PersistentBag[0]->az.coders.cinemaplus.entity.ErrorMessageTranslation["errorMessage"]->az.coders.cinemaplus.entity.ErrorMessage["translations"]->org.hibernate.collection.spi.PersistentBag[0]->az.coders.cinemaplus.entity.ErrorMessageTranslation["errorMessage"]->az.coders.cinemaplus.entity.ErrorMessage["translations"]->org.hibernate.collection.spi.PersistentBag[0]->az.coders.cinemaplus.entity.ErrorMessageTranslation["errorMessage"]->az.coders.cinemaplus.entity.ErrorMessage["translations"]->org.hibernate.collection.spi.PersistentBag[0]->az.coders.cinemaplus.entity.ErrorMessageTranslation["errorMessage"]->az.coders.cinemaplus.entity.ErrorMessage["translations"]->org.hibernate.collection.spi.PersistentBag[0]->az.coders.cinemaplus.entity.ErrorMessageTranslation["errorMessage"]->az.coders.cinemaplus.entity.ErrorMessage["translations"]->org.hibernate.collection.spi.PersistentBag[0]->az.coders.cinemaplus.entity.ErrorMessageTranslation["errorMessage"]->az.coders.cinemaplus.entity.ErrorMessage["translations"]->org.hibernate.collection.spi.PersistentBag[0]->az.coders.cinemaplus.entity.ErrorMessageTranslation["errorMessage"]->az.coders.cinemaplus.entity.ErrorMessage["translations"]->org.hibernate.collection.spi.PersistentBag[0]->az.coders.cinemaplus.entity.ErrorMessageTranslation["errorMessage"]->az.coders.cinemaplus.entity.ErrorMessage["translations"]->org.hibernate.collection.spi.PersistentBag[0]->az.coders.cinemaplus.entity.ErrorMessageTranslation["errorMessage"]->az.coders.cinemaplus.entity.ErrorMessage["translations"]->org.hibernate.collection.spi.PersistentBag[0]->az.coders.cinemaplus.entity.ErrorMessageTranslation["errorMessage"]->az.coders.cinemaplus.entity.ErrorMessage["translations"]->org.hibernate.collection.spi.PersistentBag[0]->az.coders.cinemaplus.entity.ErrorMessageTranslation["errorMessage"]->az.coders.cinemaplus.entity.ErrorMessage["translations"]->org.hibernate.collection.spi.PersistentBag[0]->az.coders.cinemaplus.entity.ErrorMessageTranslation["errorMessage"]->az.coders.cinemaplus.entity.ErrorMessage["translations"]->org.hibernate.collection.spi.PersistentBag[0]->az.coders.cinemaplus.entity.ErrorMessageTranslation["errorMessage"]->az.coders.cinemaplus.entity.ErrorMessage["translations"]->org.hibernate.collection.spi.PersistentBag[0]->az.coders.cinemaplus.entity.ErrorMessageTranslation["errorMessage"]->az.coders.cinemaplus.entity.ErrorMessage["translations"]->org.hibernate.collection.spi.PersistentBag[0]->az.coders.cinemaplus.entity.ErrorMessageTranslation["errorMessage"]->az.coders.cinemaplus.entity.ErrorMessage["translations"]->org.hibernate.collection.spi.PersistentBag[0]->az.coders.cinemaplus.entity.ErrorMessageTranslation["errorMessage"]->az.coders.cinemaplus.entity.ErrorMessage["translations"]->org.hibernate.collection.spi.PersistentBag[0]->az.coders.cinemaplus.entity.ErrorMessageTranslation["errorMessage"]->az.coders.cinemaplus.entity.ErrorMessage["translations"]->org.hibernate.collection.spi.PersistentBag[0]->az.coders.cinemaplus.entity.ErrorMessageTranslation["errorMessage"]->az.coders.cinemaplus.entity.ErrorMessage["translations"]->org.hibernate.collection.spi.PersistentBag[0]->az.coders.cinemaplus.entity.ErrorMessageTranslation["errorMessage"]->az.coders.cinemaplus.entity.ErrorMessage["translations"]->org.hibernate.collection.spi.PersistentBag[0]->az.coders.cinemaplus.entity.ErrorMessageTranslation["errorMessage"]->az.coders.cinemaplus.entity.ErrorMessage["translations"]->org.hibernate.collection.spi.PersistentBag[0]->az.coders.cinemaplus.entity.ErrorMessageTranslation["errorMessage"]->az.coders.cinemaplus.entity.ErrorMessage["translations"]->org.hibernate.collection.spi.PersistentBag[0]->az.coders.cinemaplus.entity.ErrorMessageTranslation["errorMessage"]->az.coders.cinemaplus.entity.ErrorMessage["translations"]->org.hibernate.collection.spi.PersistentBag[0]->az.coders.cinemaplus.entity.ErrorMessageTranslation["errorMessage"]->az.coders.cinemaplus.entity.ErrorMessage["translations"]->org.hibernate.collection.spi.PersistentBag[0]->az.coders.cinemaplus.entity.ErrorMessageTranslation["errorMessage"]->az.coders.cinemaplus.entity.ErrorMessage["translations"]->org.hibernate.collection.spi.PersistentBag[0]->az.coders.cinemaplus.entity.ErrorMessageTranslation["errorMessage"]->az.coders.cinemaplus.entity.ErrorMessage["translations"]->org.hibernate.collection.spi.PersistentBag[0]->az.coders.cinemaplus.entity.ErrorMessageTranslation["errorMessage"]->az.coders.cinemaplus.entity.ErrorMessage["translations"]->org.hibernate.collection.spi.PersistentBag[0]->az.coders.cinemaplus.entity.ErrorMessageTranslation["errorMessage"]->az.coders.cinemaplus.entity.ErrorMessage["translations"]->org.hibernate.collection.spi.PersistentBag[0]->az.coders.cinemaplus.entity.ErrorMessageTranslation["errorMessage"]->az.coders.cinemaplus.entity.ErrorMessage["translations"]->org.hibernate.collection.spi.PersistentBag[0]->az.coders.cinemaplus.entity.ErrorMessageTranslation["errorMessage"]->az.coders.cinemaplus.entity.ErrorMessage["translations"]->org.hibernate.collection.spi.PersistentBag[0]->az.coders.cinemaplus.entity.ErrorMessageTranslation["errorMessage"]->az.coders.cinemaplus.entity.ErrorMessage["translations"]->org.hibernate.collection.spi.PersistentBag[0]->az.coders.cinemaplus.entity.ErrorMessageTranslation["errorMessage"]->az.coders.cinemaplus.entity.ErrorMessage["translations"]->org.hibernate.collection.spi.PersistentBag[0]->az.coders.cinemaplus.entity.ErrorMessageTranslation["errorMessage"]->az.coders.cinemaplus.entity.ErrorMessage["translations"]->org.hibernate.collection.spi.PersistentBag[0]->az.coders.cinemaplus.entity.ErrorMessageTranslation["errorMessage"]->az.coders.cinemaplus.entity.ErrorMessage["translations"]->org.hibernate.collection.spi.PersistentBag[0]->az.coders.cinemaplus.entity.ErrorMessageTranslation["errorMessage"]->az.coders.cinemaplus.entity.ErrorMessage["translations"]->org.hibernate.collection.spi.PersistentBag[0]->az.coders.cinemaplus.entity.ErrorMessageTranslation["errorMessage"]->az.coders.cinemaplus.entity.ErrorMessage["translations"]->org.hibernate.collection.spi.PersistentBag[0]->az.coders.cinemaplus.entity.ErrorMessageTranslation["errorMessage"]->az.coders.cinemaplus.entity.ErrorMessage["translations"]->org.hibernate.collection.spi.PersistentBag[0]->az.coders.cinemaplus.entity.ErrorMessageTranslation["errorMessage"]->az.coders.cinemaplus.entity.ErrorMessage["translations"]->org.hibernate.collection.spi.PersistentBag[0]->az.coders.cinemaplus.entity.ErrorMessageTranslation["errorMessage"]->az.coders.cinemaplus.entity.ErrorMessage["translations"]->org.hibernate.collection.spi.PersistentBag[0]->az.coders.cinemaplus.entity.ErrorMessageTranslation["errorMessage"]->az.coders.cinemaplus.entity.ErrorMessage["translations"]->org.hibernate.collection.spi.PersistentBag[0]->az.coders.cinemaplus.entity.ErrorMessageTranslation["errorMessage"]->az.coders.cinemaplus.entity.ErrorMessage["translations"]->org.hibernate.collection.spi.PersistentBag[0]->az.coders.cinemaplus.entity.ErrorMessageTranslation["errorMessage"]->az.coders.cinemaplus.entity.ErrorMessage["translations"]->org.hibernate.collection.spi.PersistentBag[0]->az.coders.cinemaplus.entity.ErrorMessageTranslation["errorMessage"]->az.coders.cinemaplus.entity.ErrorMessage["translations"]->org.hibernate.collection.spi.PersistentBag[0]->az.coders.cinemaplus.entity.ErrorMessageTranslation["errorMessage"]->az.coders.cinemaplus.entity.ErrorMessage["translations"]->org.hibernate.collection.spi.PersistentBag[0]->az.coders.cinemaplus.entity.ErrorMessageTranslation["errorMessage"]->az.coders.cinemaplus.entity.ErrorMessage["translations"]->org.hibernate.collection.spi.PersistentBag[0]->az.coders.cinemaplus.entity.ErrorMessageTranslation["errorMessage"]->az.coders.cinemaplus.entity.ErrorMessage["translations"]->org.hibernate.collection.spi.PersistentBag[0]->az.coders.cinemaplus.entity.ErrorMessageTranslation["errorMessage"]->az.coders.cinemaplus.entity.ErrorMessage["translations"]->org.hibernate.collection.spi.PersistentBag[0]->az.coders.cinemaplus.entity.ErrorMessageTranslation["errorMessage"]->az.coders.cinemaplus.entity.ErrorMessage["translations"]->org.hibernate.collection.spi.PersistentBag[0]->az.coders.cinemaplus.entity.ErrorMessageTranslation["errorMessage"]->az.coders.cinemaplus.entity.ErrorMessage["translations"]->org.hibernate.collection.spi.PersistentBag[0]->az.coders.cinemaplus.entity.ErrorMessageTranslation["errorMessage"]->az.coders.cinemaplus.entity.ErrorMessage["translations"]->org.hibernate.collection.spi.PersistentBag[0]->az.coders.cinemaplus.entity.ErrorMessageTranslation["errorMessage"]->az.coders.cinemaplus.entity.ErrorMessage["translations"]->org.hibernate.collection.spi.PersistentBag[0]->az.coders.cinemaplus.entity.ErrorMessageTranslation["errorMessage"]->az.coders.cinemaplus.entity.ErrorMessage["translations"]->org.hibernate.collection.spi.PersistentBag[0]->az.coders.cinemaplus.entity.ErrorMessageTranslation["errorMessage"]->az.coders.cinemaplus.entity.ErrorMessage["translations"]->org.hibernate.collection.spi.PersistentBag[0]->az.coders.cinemaplus.entity.ErrorMessageTranslation["errorMessage"]->az.coders.cinemaplus.entity.ErrorMessage["translations"]->org.hibernate.collection.spi.PersistentBag[0]->az.coders.cinemaplus.entity.ErrorMessageTranslation["errorMessage"]->az.coders.cinemaplus.entity.ErrorMessage["translations"]->org.hibernate.collection.spi.PersistentBag[0]->az.coders.cinemaplus.entity.ErrorMessageTranslation["errorMessage"]->az.coders.cinemaplus.entity.ErrorMessage["translations"]->org.hibernate.collection.spi.PersistentBag[0]->az.coders.cinemaplus.entity.ErrorMessageTranslation["errorMessage"]->az.coders.cinemaplus.entity.ErrorMessage["translations"]->org.hibernate.collection.spi.PersistentBag[0]->az.coders.cinemaplus.entity.ErrorMessageTranslation["errorMessage"]->az.coders.cinemaplus.entity.ErrorMessage["translations"]->org.hibernate.collection.spi.PersistentBag[0]->az.coders.cinemaplus.entity.ErrorMessageTranslation["errorMessage"]->az.coders.cinemaplus.entity.ErrorMessage["translations"]->org.hibernate.collection.spi.PersistentBag[0]->az.coders.cinemaplus.entity.ErrorMessageTranslation["errorMessage"]->az.coders.cinemaplus.entity.ErrorMessage["translations"]->org.hibernate.collection.spi.PersistentBag[0]->az.coders.cinemaplus.entity.ErrorMessageTranslation["errorMessage"]->az.coders.cinemaplus.entity.ErrorMessage["translations"]->org.hibernate.collection.spi.PersistentBag[0]->az.coders.cinemaplus.entity.ErrorMessageTranslation["errorMessage"]->az.coders.cinemaplus.entity.ErrorMessage["translations"]->org.hibernate.collection.spi.PersistentBag[0]->az.coders.cinemaplus.entity.ErrorMessageTranslation["errorMessage"]->az.coders.cinemaplus.entity.ErrorMessage["translations"]->org.hibernate.collection.spi.PersistentBag[0]->az.coders.cinemaplus.entity.ErrorMessageTranslation["errorMessage"]->az.coders.cinemaplus.entity.ErrorMessage["translations"]->org.hibernate.collection.spi.PersistentBag[0]->az.coders.cinemaplus.entity.ErrorMessageTranslation["errorMessage"]->az.coders.cinemaplus.entity.ErrorMessage["translations"]->org.hibernate.collection.spi.PersistentBag[0]->az.coders.cinemaplus.entity.ErrorMessageTranslation["errorMessage"]->az.coders.cinemaplus.entity.ErrorMessage["translations"]->org.hibernate.collection.spi.PersistentBag[0]->az.coders.cinemaplus.entity.ErrorMessageTranslation["errorMessage"]->az.coders.cinemaplus.entity.ErrorMessage["translations"]->org.hibernate.collection.spi.PersistentBag[0]->az.coders.cinemaplus.entity.ErrorMessageTranslation["errorMessage"]->az.coders.cinemaplus.entity.ErrorMessage["translations"]->org.hibernate.collection.spi.PersistentBag[0]->az.coders.cinemaplus.entity.ErrorMessageTranslation["errorMessage"]->az.coders.cinemaplus.entity.ErrorMessage["translations"]->org.hibernate.collection.spi.PersistentBag[0]->az.coders.cinemaplus.entity.ErrorMessageTranslation["errorMessage"]->az.coders.cinemaplus.entity.ErrorMessage["translations"]->org.hibernate.collection.spi.PersistentBag[0]->az.coders.cinemaplus.entity.ErrorMessageTranslation["errorMessage"]->az.coders.cinemaplus.entity.ErrorMessage["translations"]->org.hibernate.collection.spi.PersistentBag[0]->az.coders.cinemaplus.entity.ErrorMessageTranslation["errorMessage"]->az.coders.cinemaplus.entity.ErrorMessage["translations"]->org.hibernate.collection.spi.PersistentBag[0]->az.coders.cinemaplus.entity.ErrorMessageTranslation["errorMessage"]->az.coders.cinemaplus.entity.ErrorMessage["translations"]->org.hibernate.collection.spi.PersistentBag[0]->az.coders.cinemaplus.entity.ErrorMessageTranslation["errorMessage"]->az.coders.cinemaplus.entity.ErrorMessage["translations"]->org.hibernate.collection.spi.PersistentBag[0]->az.coders.cinemaplus.entity.ErrorMessageTranslation["errorMessage"]->az.coders.cinemaplus.entity.ErrorMessage["translations"]->org.hibernate.collection.spi.PersistentBag[0]->az.coders.cinemaplus.entity.ErrorMessageTranslation["errorMessage"]->az.coders.cinemaplus.entity.ErrorMessage["translations"]->org.hibernate.collection.spi.PersistentBag[0]->az.coders.cinemaplus.entity.ErrorMessageTranslation["errorMessage"]->az.coders.cinemaplus.entity.ErrorMessage["translations"]->org.hibernate.collection.spi.PersistentBag[0]->az.coders.cinemaplus.entity.ErrorMessageTranslation["errorMessage"]->az.coders.cinemaplus.entity.ErrorMessage["translations"]->org.hibernate.collection.spi.PersistentBag[0]->az.coders.cinemaplus.entity.ErrorMessageTranslation["errorMessage"]->az.coders.cinemaplus.entity.ErrorMessage["translations"]->org.hibernate.collection.spi.PersistentBag[0]->az.coders.cinemaplus.entity.ErrorMessageTranslation["errorMessage"]->az.coders.cinemaplus.entity.ErrorMessage["translations"]->org.hibernate.collection.spi.PersistentBag[0]->az.coders.cinemaplus.entity.ErrorMessageTranslation["errorMessage"]->az.coders.cinemaplus.entity.ErrorMessage["translations"]->org.hibernate.collection.spi.PersistentBag[0]->az.coders.cinemaplus.entity.ErrorMessageTranslation["errorMessage"]->az.coders.cinemaplus.entity.ErrorMessage["translations"]->org.hibernate.collection.spi.PersistentBag[0]->az.coders.cinemaplus.entity.ErrorMessageTranslation["errorMessage"]->az.coders.cinemaplus.entity.ErrorMessage["translations"]->org.hibernate.collection.spi.PersistentBag[0]->az.coders.cinemaplus.entity.ErrorMessageTranslation["errorMessage"]->az.coders.cinemaplus.entity.ErrorMessage["translations"]->org.hibernate.collection.spi.PersistentBag[0]->az.coders.cinemaplus.entity.ErrorMessageTranslation["errorMessage"]->az.coders.cinemaplus.entity.ErrorMessage["translations"]->org.hibernate.collection.spi.PersistentBag[0]->az.coders.cinemaplus.entity.ErrorMessageTranslation["errorMessage"]->az.coders.cinemaplus.entity.ErrorMessage["translations"]->org.hibernate.collection.spi.PersistentBag[0]->az.coders.cinemaplus.entity.ErrorMessageTranslation["errorMessage"]->az.coders.cinemaplus.entity.ErrorMessage["translations"]->org.hibernate.collection.spi.PersistentBag[0]->az.coders.cinemaplus.entity.ErrorMessageTranslation["errorMessage"]->az.coders.cinemaplus.entity.ErrorMessage["translations"]->org.hibernate.collection.spi.PersistentBag[0]->az.coders.cinemaplus.entity.ErrorMessageTranslation["errorMessage"]->az.coders.cinemaplus.entity.ErrorMessage["translations"]->org.hibernate.collection.spi.PersistentBag[0]->az.coders.cinemaplus.entity.ErrorMessageTranslation["errorMessage"]->az.coders.cinemaplus.entity.ErrorMessage["translations"]->org.hibernate.collection.spi.PersistentBag[0]->az.coders.cinemaplus.entity.ErrorMessageTranslation["errorMessage"]->az.coders.cinemaplus.entity.ErrorMessage["translations"]->org.hibernate.collection.spi.PersistentBag[0]->az.coders.cinemaplus.entity.ErrorMessageTranslation["errorMessage"]->az.coders.cinemaplus.entity.ErrorMessage["translations"]->org.hibernate.collection.spi.PersistentBag[0]->az.coders.cinemaplus.entity.ErrorMessageTranslation["errorMessage"]->az.coders.cinemaplus.entity.ErrorMessage["translations"]->org.hibernate.collection.spi.PersistentBag[0]->az.coders.cinemaplus.entity.ErrorMessageTranslation["errorMessage"]->az.coders.cinemaplus.entity.ErrorMessage["translations"]->org.hibernate.collection.spi.PersistentBag[0]->az.coders.cinemaplus.entity.ErrorMessageTranslation["errorMessage"]->az.coders.cinemaplus.entity.ErrorMessage["translations"]->org.hibernate.collection.spi.PersistentBag[0]->az.coders.cinemaplus.entity.ErrorMessageTranslation["errorMessage"]->az.coders.cinemaplus.entity.ErrorMessage["translations"]->org.hibernate.collection.spi.PersistentBag[0]->az.coders.cinemaplus.entity.ErrorMessageTranslation["errorMessage"]->az.coders.cinemaplus.entity.ErrorMessage["translations"]->org.hibernate.collection.spi.PersistentBag[0]->az.coders.cinemaplus.entity.ErrorMessageTranslation["errorMessage"]->az.coders.cinemaplus.entity.ErrorMessage["translations"]->org.hibernate.collection.spi.PersistentBag[0]->az.coders.cinemaplus.entity.ErrorMessageTranslation["errorMessage"]->az.coders.cinemaplus.entity.ErrorMessage["translations"]->org.hibernate.collection.spi.PersistentBag[0]->az.coders.cinemaplus.entity.ErrorMessageTranslation["errorMessage"]->az.coders.cinemaplus.entity.ErrorMessage["translations"]->org.hibernate.collection.spi.PersistentBag[0]->az.coders.cinemaplus.entity.ErrorMessageTranslation["errorMessage"]->az.coders.cinemaplus.entity.ErrorMessage["translations"]->org.hibernate.collection.spi.PersistentBag[0]->az.coders.cinemaplus.entity.ErrorMessageTranslation["errorMessage"]->az.coders.cinemaplus.entity.ErrorMessage["translations"]->org.hibernate.collection.spi.PersistentBag[0]->az.coders.cinemaplus.entity.ErrorMessageTranslation["errorMessage"]->az.coders.cinemaplus.entity.ErrorMessage["translations"]->org.hibernate.collection.spi.PersistentBag[0]->az.coders.cinemaplus.entity.ErrorMessageTranslation["errorMessage"]->az.coders.cinemaplus.entity.ErrorMessage["translations"]->org.hibernate.collection.spi.PersistentBag[0]->az.coders.cinemaplus.entity.ErrorMessageTranslation["errorMessage"]->az.coders.cinemaplus.entity.ErrorMessage["translations"]->org.hibernate.collection.spi.PersistentBag[0]->az.coders.cinemaplus.entity.ErrorMessageTranslation["errorMessage"]->az.coders.cinemaplus.entity.ErrorMessage["translations"]->org.hibernate.collection.spi.PersistentBag[0]->az.coders.cinemaplus.entity.ErrorMessageTranslation["errorMessage"]->az.coders.cinemaplus.entity.ErrorMessage["translations"]->org.hibernate.collection.spi.PersistentBag[0]->az.coders.cinemaplus.entity.ErrorMessageTranslation["errorMessage"]->az.coders.cinemaplus.entity.ErrorMessage["translations"]->org.hibernate.collection.spi.PersistentBag[0]->az.coders.cinemaplus.entity.ErrorMessageTranslation["errorMessage"]->az.coders.cinemaplus.entity.ErrorMessage["translations"]->org.hibernate.collection.spi.PersistentBag[0]->az.coders.cinemaplus.entity.ErrorMessageTranslation["errorMessage"]->az.coders.cinemaplus.entity.ErrorMessage["translations"]->org.hibernate.collection.spi.PersistentBag[0]->az.coders.cinemaplus.entity.ErrorMessageTranslation["errorMessage"]->az.coders.cinemaplus.entity.ErrorMessage["translations"]->org.hibernate.collection.spi.PersistentBag[0]->az.coders.cinemaplus.entity.ErrorMessageTranslation["errorMessage"]->az.coders.cinemaplus.entity.ErrorMessage["translations"]->org.hibernate.collection.spi.PersistentBag[0]->az.coders.cinemaplus.entity.ErrorMessageTranslation["errorMessage"]->az.coders.cinemaplus.entity.ErrorMessage["translations"]->org.hibernate.collection.spi.PersistentBag[0]->az.coders.cinemaplus.entity.ErrorMessageTranslation["errorMessage"]->az.coders.cinemaplus.entity.ErrorMessage["translations"]->org.hibernate.collection.spi.PersistentBag[0]->az.coders.cinemaplus.entity.ErrorMessageTranslation["errorMessage"]->az.coders.cinemaplus.entity.ErrorMessage["translations"]->org.hibernate.collection.spi.PersistentBag[0]->az.coders.cinemaplus.entity.ErrorMessageTranslation["errorMessage"]->az.coders.cinemaplus.entity.ErrorMessage["translations"]->org.hibernate.collection.spi.PersistentBag[0]->az.coders.cinemaplus.entity.ErrorMessageTranslation["errorMessage"]->az.coders.cinemaplus.entity.ErrorMessage["translations"]->org.hibernate.collection.spi.PersistentBag[0]->az.coders.cinemaplus.entity.ErrorMessageTranslation["errorMessage"]->az.coders.cinemaplus.entity.ErrorMessage["translations"]->org.hibernate.collection.spi.PersistentBag[0]->az.coders.cinemaplus.entity.ErrorMessageTranslation["errorMessage"]->az.coders.cinemaplus.entity.ErrorMessage["translations"]->org.hibernate.collection.spi.PersistentBag[0]->az.coders.cinemaplus.entity.ErrorMessageTranslation["errorMessage"]->az.coders.cinemaplus.entity.ErrorMessage["translations"]->org.hibernate.collection.spi.PersistentBag[0]->az.coders.cinemaplus.entity.ErrorMessageTranslation["errorMessage"]->az.coders.cinemaplus.entity.ErrorMessage["translations"]->org.hibernate.collection.spi.PersistentBag[0]->az.coders.cinemaplus.entity.ErrorMessageTranslation["errorMessage"]->az.coders.cinemaplus.entity.ErrorMessage["translations"]->org.hibernate.collection.spi.PersistentBag[0]->az.coders.cinemaplus.entity.ErrorMessageTranslation["errorMessage"]->az.coders.cinemaplus.entity.ErrorMessage["translations"]->org.hibernate.collection.spi.PersistentBag[0]->az.coders.cinemaplus.entity.ErrorMessageTranslation["errorMessage"]->az.coders.cinemaplus.entity.ErrorMessage["translations"]->org.hibernate.collection.spi.PersistentBag[0]->az.coders.cinemaplus.entity.ErrorMessageTranslation["errorMessage"]->az.coders.cinemaplus.entity.ErrorMessage["translations"]->org.hibernate.collection.spi.PersistentBag[0]->az.coders.cinemaplus.entity.ErrorMessageTranslation["errorMessage"]->az.coders.cinemaplus.entity.ErrorMessage["translations"]->org.hibernate.collection.spi.PersistentBag[0]->az.coders.cinemaplus.entity.ErrorMessageTranslation["errorMessage"]->az.coders.cinemaplus.entity.ErrorMessage["translations"]->org.hibernate.collection.spi.PersistentBag[0]->az.coders.cinemaplus.entity.ErrorMessageTranslation["errorMessage"]->az.coders.cinemaplus.entity.ErrorMessage["translations"]->org.hibernate.collection.spi.PersistentBag[0]->az.coders.cinemaplus.entity.ErrorMessageTranslation["errorMessage"]->az.coders.cinemaplus.entity.ErrorMessage["translations"]->org.hibernate.collection.spi.PersistentBag[0]->az.coders.cinemaplus.entity.ErrorMessageTranslation["errorMessage"]->az.coders.cinemaplus.entity.ErrorMessage["translations"]->org.hibernate.collection.spi.PersistentBag[0]->az.coders.cinemaplus.entity.ErrorMessageTranslation["errorMessage"]->az.coders.cinemaplus.entity.ErrorMessage["translations"]->org.hibernate.collection.spi.PersistentBag[0]->az.coders.cinemaplus.entity.ErrorMessageTranslation["errorMessage"]->az.coders.cinemaplus.entity.ErrorMessage["translations"]->org.hibernate.collection.spi.PersistentBag[0]->az.coders.cinemaplus.entity.ErrorMessageTranslation["errorMessage"]->az.coders.cinemaplus.entity.ErrorMessage["translations"]->org.hibernate.collection.spi.PersistentBag[0]->az.coders.cinemaplus.entity.ErrorMessageTranslation["errorMessage"]->az.coders.cinemaplus.entity.ErrorMessage["translations"]->org.hibernate.collection.spi.PersistentBag[0]->az.coders.cinemaplus.entity.ErrorMessageTranslation["errorMessage"]->az.coders.cinemaplus.entity.ErrorMessage["translations"]->org.hibernate.collection.spi.PersistentBag[0]->az.coders.cinemaplus.entity.ErrorMessageTranslation["errorMessage"]->az.coders.cinemaplus.entity.ErrorMessage["translations"]->org.hibernate.collection.spi.PersistentBag[0]->az.coders.cinemaplus.entity.ErrorMessageTranslation["errorMessage"]->az.coders.cinemaplus.entity.ErrorMessage["translations"]->org.hibernate.collection.spi.PersistentBag[0]->az.coders.cinemaplus.entity.ErrorMessageTranslation["errorMessage"]->az.coders.cinemaplus.entity.ErrorMessage["translations"]->org.hibernate.collection.spi.PersistentBag[0]->az.coders.cinemaplus.entity.ErrorMessageTranslation["errorMessage"]->az.coders.cinemaplus.entity.ErrorMessage["translations"]->org.hibernate.collection.spi.PersistentBag[0]->az.coders.cinemaplus.entity.ErrorMessageTranslation["errorMessage"]->az.coders.cinemaplus.entity.ErrorMessage["translations"]->org.hibernate.collection.spi.PersistentBag[0]->az.coders.cinemaplus.entity.ErrorMessageTranslation["errorMessage"]->az.coders.cinemaplus.entity.ErrorMessage["translations"]->org.hibernate.collection.spi.PersistentBag[0]->az.coders.cinemaplus.entity.ErrorMessageTranslation["errorMessage"]->az.coders.cinemaplus.entity.ErrorMessage["translations"]->org.hibernate.collection.spi.PersistentBag[0]->az.coders.cinemaplus.entity.ErrorMessageTranslation["errorMessage"]->az.coders.cinemaplus.entity.ErrorMessage["translations"]->org.hibernate.collection.spi.PersistentBag[0]->az.coders.cinemaplus.entity.ErrorMessageTranslation["errorMessage"]->az.coders.cinemaplus.entity.ErrorMessage["translations"]->org.hibernate.collection.spi.PersistentBag[0]->az.coders.cinemaplus.entity.ErrorMessageTranslation["errorMessage"]->az.coders.cinemaplus.entity.ErrorMessage["translations"]->org.hibernate.collection.spi.PersistentBag[0]->az.coders.cinemaplus.entity.ErrorMessageTranslation["errorMessage"]->az.coders.cinemaplus.entity.ErrorMessage["translations"]->org.hibernate.collection.spi.PersistentBag[0]->az.coders.cinemaplus.entity.ErrorMessageTranslation["errorMessage"]->az.coders.cinemaplus.entity.ErrorMessage["translations"]->org.hibernate.collection.spi.PersistentBag[0]->az.coders.cinemaplus.entity.ErrorMessageTranslation["errorMessage"]->az.coders.cinemaplus.entity.ErrorMessage["translations"]->org.hibernate.collection.spi.PersistentBag[0]->az.coders.cinemaplus.entity.ErrorMessageTranslation["errorMessage"]->az.coders.cinemaplus.entity.ErrorMessage["translations"]->org.hibernate.collection.spi.PersistentBag[0]->az.coders.cinemaplus.entity.ErrorMessageTranslation["errorMessage"]->az.coders.cinemaplus.entity.ErrorMessage["translations"]->org.hibernate.collection.spi.PersistentBag[0]->az.coders.cinemaplus.entity.ErrorMessageTranslation["errorMessage"]->az.coders.cinemaplus.entity.ErrorMessage["translations"]->org.hibernate.collection.spi.PersistentBag[0]->az.coders.cinemaplus.entity.ErrorMessageTranslation["errorMessage"]->az.coders.cinemaplus.entity.ErrorMessage["translations"]->org.hibernate.collection.spi.PersistentBag[0]->az.coders.cinemaplus.entity.ErrorMessageTranslation["errorMessage"]->az.coders.cinemaplus.entity.ErrorMessage["translations"]->org.hibernate.collection.spi.PersistentBag[0]->az.coders.cinemaplus.entity.ErrorMessageTranslation["errorMessage"]->az.coders.cinemaplus.entity.ErrorMessage["translations"]->org.hibernate.collection.spi.PersistentBag[0]->az.coders.cinemaplus.entity.ErrorMessageTranslation["errorMessage"]->az.coders.cinemaplus.entity.ErrorMessage["translations"]->org.hibernate.collection.spi.PersistentBag[0]->az.coders.cinemaplus.entity.ErrorMessageTranslation["errorMessage"]->az.coders.cinemaplus.entity.ErrorMessage["translations"]->org.hibernate.collection.spi.PersistentBag[0]->az.coders.cinemaplus.entity.ErrorMessageTranslation["errorMessage"]->az.coders.cinemaplus.entity.ErrorMessage["translations"]->org.hibernate.collection.spi.PersistentBag[0]->az.coders.cinemaplus.entity.ErrorMessageTranslation["errorMessage"]->az.coders.cinemaplus.entity.ErrorMessage["translations"]->org.hibernate.collection.spi.PersistentBag[0]->az.coders.cinemaplus.entity.ErrorMessageTranslation["errorMessage"]->az.coders.cinemaplus.entity.ErrorMessage["translations"]->org.hibernate.collection.spi.PersistentBag[0]->az.coders.cinemaplus.entity.ErrorMessageTranslation["errorMessage"]->az.coders.cinemaplus.entity.ErrorMessage["translations"]->org.hibernate.collection.spi.PersistentBag[0]->az.coders.cinemaplus.entity.ErrorMessageTranslation["errorMessage"]->az.coders.cinemaplus.entity.ErrorMessage["translations"]->org.hibernate.collection.spi.PersistentBag[0]->az.coders.cinemaplus.entity.ErrorMessageTranslation["errorMessage"]->az.coders.cinemaplus.entity.ErrorMessage["translations"]->org.hibernate.collection.spi.PersistentBag[0]->az.coders.cinemaplus.entity.ErrorMessageTranslation["errorMessage"]->az.coders.cinemaplus.entity.ErrorMessage["translations"]->org.hibernate.collection.spi.PersistentBag[0]->az.coders.cinemaplus.entity.ErrorMessageTranslation["errorMessage"]->az.coders.cinemaplus.entity.ErrorMessage["translations"]->org.hibernate.collection.spi.PersistentBag[0]->az.coders.cinemaplus.entity.ErrorMessageTranslation["errorMessage"]->az.coders.cinemaplus.entity.ErrorMessage["translations"]->org.hibernate.collection.spi.PersistentBag[0]->az.coders.cinemaplus.entity.ErrorMessageTranslation["errorMessage"]->az.coders.cinemaplus.entity.ErrorMessage["translations"]->org.hibernate.collection.spi.PersistentBag[0]->az.coders.cinemaplus.entity.ErrorMessageTranslation["errorMessage"]->az.coders.cinemaplus.entity.ErrorMessage["translations"]->org.hibernate.collection.spi.PersistentBag[0]->az.coders.cinemaplus.entity.ErrorMessageTranslation["errorMessage"]->az.coders.cinemaplus.entity.ErrorMessage["translations"]->org.hibernate.collection.spi.PersistentBag[0]->az.coders.cinemaplus.entity.ErrorMessageTranslation["errorMessage"]->az.coders.cinemaplus.entity.ErrorMessage["translations"]->org.hibernate.collection.spi.PersistentBag[0]->az.coders.cinemaplus.entity.ErrorMessageTranslation["errorMessage"]->az.coders.cinemaplus.entity.ErrorMessage["translations"]->org.hibernate.collection.spi.PersistentBag[0]->az.coders.cinemaplus.entity.ErrorMessageTranslation["errorMessage"]->az.coders.cinemaplus.entity.ErrorMessage["translations"]->org.hibernate.collection.spi.PersistentBag[0]->az.coders.cinemaplus.entity.ErrorMessageTranslation["errorMessage"]->az.coders.cinemaplus.entity.ErrorMessage["translations"]->org.hibernate.collection.spi.PersistentBag[0]->az.coders.cinemaplus.entity.ErrorMessageTranslation["errorMessage"]->az.coders.cinemaplus.entity.ErrorMessage["translations"]->org.hibernate.collection.spi.PersistentBag[0]->az.coders.cinemaplus.entity.ErrorMessageTranslation["errorMessage"]->az.coders.cinemaplus.entity.ErrorMessage["translations"]->org.hibernate.collection.spi.PersistentBag[0]->az.coders.cinemaplus.entity.ErrorMessageTranslation["errorMessage"]->az.coders.cinemaplus.entity.ErrorMessage["translations"]->org.hibernate.collection.spi.PersistentBag[0]->az.coders.cinemaplus.entity.ErrorMessageTranslation["errorMessage"]->az.coders.cinemaplus.entity.ErrorMessage["translations"]->org.hibernate.collection.spi.PersistentBag[0]->az.coders.cinemaplus.entity.ErrorMessageTranslation["errorMessage"]->az.coders.cinemaplus.entity.ErrorMessage["translations"]->org.hibernate.collection.spi.PersistentBag[0]->az.coders.cinemaplus.entity.ErrorMessageTranslation["errorMessage"]->az.coders.cinemaplus.entity.ErrorMessage["translations"]->org.hibernate.collection.spi.PersistentBag[0]->az.coders.cinemaplus.entity.ErrorMessageTranslation["errorMessage"]->az.coders.cinemaplus.entity.ErrorMessage["translations"]->org.hibernate.collection.spi.PersistentBag[0]->az.coders.cinemaplus.entity.ErrorMessageTranslation["errorMessage"]->az.coders.cinemaplus.entity.ErrorMessage["translations"]->org.hibernate.collection.spi.PersistentBag[0]->az.coders.cinemaplus.entity.ErrorMessageTranslation["errorMessage"]->az.coders.cinemaplus.entity.ErrorMessage["translations"]->org.hibernate.collection.spi.PersistentBag[0]->az.coders.cinemaplus.entity.ErrorMessageTranslation["errorMessage"]->az.coders.cinemaplus.entity.ErrorMessage["translations"]->org.hibernate.collection.spi.PersistentBag[0]->az.coders.cinemaplus.entity.ErrorMessageTranslation["errorMessage"]->az.coders.cinemaplus.entity.ErrorMessage["translations"]->org.hibernate.collection.spi.PersistentBag[0]->az.coders.cinemaplus.entity.ErrorMessageTranslation["errorMessage"]->az.coders.cinemaplus.entity.ErrorMessage["translations"]->org.hibernate.collection.spi.PersistentBag[0]->az.coders.cinemaplus.entity.ErrorMessageTranslation["errorMessage"]->az.coders.cinemaplus.entity.ErrorMessage["translations"]->org.hibernate.collection.spi.PersistentBag[0]->az.coders.cinemaplus.entity.ErrorMessageTranslation["errorMessage"]->az.coders.cinemaplus.entity.ErrorMessage["translations"]->org.hibernate.collection.spi.PersistentBag[0]->az.coders.cinemaplus.entity.ErrorMessageTranslation["errorMessage"]->az.coders.cinemaplus.entity.ErrorMessage["translations"]->org.hibernate.collection.spi.PersistentBag[0]->az.coders.cinemaplus.entity.ErrorMessageTranslation["errorMessage"]->az.coders.cinemaplus.entity.ErrorMessage["translations"]->org.hibernate.collection.spi.PersistentBag[0]->az.coders.cinemaplus.entity.ErrorMessageTranslation["errorMessage"]->az.coders.cinemaplus.entity.ErrorMessage["translations"]->org.hibernate.collection.spi.PersistentBag[0]->az.coders.cinemaplus.entity.ErrorMessageTranslation["errorMessage"]->az.coders.cinemaplus.entity.ErrorMessage["translations"]->org.hibernate.collection.spi.PersistentBag[0]->az.coders.cinemaplus.entity.ErrorMessageTranslation["errorMessage"]->az.coders.cinemaplus.entity.ErrorMessage["translations"]->org.hibernate.collection.spi.PersistentBag[0]->az.coders.cinemaplus.entity.ErrorMessageTranslation["errorMessage"]->az.coders.cinemaplus.entity.ErrorMessage["translations"]->org.hibernate.collection.spi.PersistentBag[0]->az.coders.cinemaplus.entity.ErrorMessageTranslation["errorMessage"]->az.coders.cinemaplus.entity.ErrorMessage["translations"]->org.hibernate.collection.spi.PersistentBag[0]->az.coders.cinemaplus.entity.ErrorMessageTranslation["errorMessage"]->az.coders.cinemaplus.entity.ErrorMessage["translations"]->org.hibernate.collection.spi.PersistentBag[0]->az.coders.cinemaplus.entity.ErrorMessageTranslation["errorMessage"]->az.coders.cinemaplus.entity.ErrorMessage["translations"]->org.hibernate.collection.spi.PersistentBag[0]->az.coders.cinemaplus.entity.ErrorMessageTranslation["errorMessage"]->az.coders.cinemaplus.entity.ErrorMessage["translations"]->org.hibernate.collection.spi.PersistentBag[0]->az.coders.cinemaplus.entity.ErrorMessageTranslation["errorMessage"]->az.coders.cinemaplus.entity.ErrorMessage["translations"]->org.hibernate.collection.spi.PersistentBag[0]->az.coders.cinemaplus.entity.ErrorMessageTranslation["errorMessage"]->az.coders.cinemaplus.entity.ErrorMessage["translations"]->org.hibernate.collection.spi.PersistentBag[0]->az.coders.cinemaplus.entity.ErrorMessageTranslation["errorMessage"]->az.coders.cinemaplus.entity.ErrorMessage["translations"]->org.hibernate.collection.spi.PersistentBag[0]->az.coders.cinemaplus.entity.ErrorMessageTranslation["errorMessage"]->az.coders.cinemaplus.entity.ErrorMessage["translations"]->org.hibernate.collection.spi.PersistentBag[0]->az.coders.cinemaplus.entity.ErrorMessageTranslation["errorMessage"]->az.coders.cinemaplus.entity.ErrorMessage["translations"]->org.hibernate.collection.spi.PersistentBag[0]->az.coders.cinemaplus.entity.ErrorMessageTranslation["errorMessage"]->az.coders.cinemaplus.entity.ErrorMessage["translations"]->org.hibernate.collection.spi.PersistentBag[0]->az.coders.cinemaplus.entity.ErrorMessageTranslation["errorMessage"])] with root cause
java.lang.StackOverflowError: null
	at java.base/java.lang.Exception.<init>(Exception.java:85)
	at java.base/java.io.IOException.<init>(IOException.java:80)
	at com.fasterxml.jackson.core.JacksonException.<init>(JacksonException.java:26)
	at com.fasterxml.jackson.core.JsonProcessingException.<init>(JsonProcessingException.java:27)
	at com.fasterxml.jackson.databind.DatabindException.<init>(DatabindException.java:22)
	at com.fasterxml.jackson.databind.DatabindException.<init>(DatabindException.java:34)
	at com.fasterxml.jackson.databind.JsonMappingException.<init>(JsonMappingException.java:247)
	at com.fasterxml.jackson.databind.ser.std.BeanSerializerBase.serializeFields(BeanSerializerBase.java:785)
	at com.fasterxml.jackson.databind.ser.BeanSerializer.serialize(BeanSerializer.java:184)
	at com.fasterxml.jackson.databind.ser.BeanPropertyWriter.serializeAsField(BeanPropertyWriter.java:732)
	at com.fasterxml.jackson.databind.ser.std.BeanSerializerBase.serializeFields(BeanSerializerBase.java:770)
	at com.fasterxml.jackson.databind.ser.BeanSerializer.serialize(BeanSerializer.java:184)
	at com.fasterxml.jackson.databind.ser.std.CollectionSerializer.serializeContents(CollectionSerializer.java:145)
	at com.fasterxml.jackson.databind.ser.std.CollectionSerializer.serialize(CollectionSerializer.java:107)
	at com.fasterxml.jackson.databind.ser.std.CollectionSerializer.serialize(CollectionSerializer.java:25)
	at com.fasterxml.jackson.databind.ser.BeanPropertyWriter.serializeAsField(BeanPropertyWriter.java:732)
	at com.fasterxml.jackson.databind.ser.std.BeanSerializerBase.serializeFields(BeanSerializerBase.java:770)
	at com.fasterxml.jackson.databind.ser.BeanSerializer.serialize(BeanSerializer.java:184)
	at com.fasterxml.jackson.databind.ser.BeanPropertyWriter.serializeAsField(BeanPropertyWriter.java:732)
	at com.fasterxml.jackson.databind.ser.std.BeanSerializerBase.serializeFields(BeanSerializerBase.java:770)
	at com.fasterxml.jackson.databind.ser.BeanSerializer.serialize(BeanSerializer.java:184)
	at com.fasterxml.jackson.databind.ser.std.CollectionSerializer.serializeContents(CollectionSerializer.java:145)
	at com.fasterxml.jackson.databind.ser.std.CollectionSerializer.serialize(CollectionSerializer.java:107)
	at com.fasterxml.jackson.databind.ser.std.CollectionSerializer.serialize(CollectionSerializer.java:25)
	at com.fasterxml.jackson.databind.ser.BeanPropertyWriter.serializeAsField(BeanPropertyWriter.java:732)
	at com.fasterxml.jackson.databind.ser.std.BeanSerializerBase.serializeFields(BeanSerializerBase.java:770)
	at com.fasterxml.jackson.databind.ser.BeanSerializer.serialize(BeanSerializer.java:184)
	at com.fasterxml.jackson.databind.ser.BeanPropertyWriter.serializeAsField(BeanPropertyWriter.java:732)
	at com.fasterxml.jackson.databind.ser.std.BeanSerializerBase.serializeFields(BeanSerializerBase.java:770)
	at com.fasterxml.jackson.databind.ser.BeanSerializer.serialize(BeanSerializer.java:184)
	at com.fasterxml.jackson.databind.ser.std.CollectionSerializer.serializeContents(CollectionSerializer.java:145)
	at com.fasterxml.jackson.databind.ser.std.CollectionSerializer.serialize(CollectionSerializer.java:107)
	at com.fasterxml.jackson.databind.ser.std.CollectionSerializer.serialize(CollectionSerializer.java:25)
	at com.fasterxml.jackson.databind.ser.BeanPropertyWriter.serializeAsField(BeanPropertyWriter.java:732)
	at com.fasterxml.jackson.databind.ser.std.BeanSerializerBase.serializeFields(BeanSerializerBase.java:770)
	at com.fasterxml.jackson.databind.ser.BeanSerializer.serialize(BeanSerializer.java:184)
	at com.fasterxml.jackson.databind.ser.BeanPropertyWriter.serializeAsField(BeanPropertyWriter.java:732)
	at com.fasterxml.jackson.databind.ser.std.BeanSerializerBase.serializeFields(BeanSerializerBase.java:770)
	at com.fasterxml.jackson.databind.ser.BeanSerializer.serialize(BeanSerializer.java:184)
	at com.fasterxml.jackson.databind.ser.std.CollectionSerializer.serializeContents(CollectionSerializer.java:145)
	at com.fasterxml.jackson.databind.ser.std.CollectionSerializer.serialize(CollectionSerializer.java:107)
	at com.fasterxml.jackson.databind.ser.std.CollectionSerializer.serialize(CollectionSerializer.java:25)
	at com.fasterxml.jackson.databind.ser.BeanPropertyWriter.serializeAsField(BeanPropertyWriter.java:732)
	at com.fasterxml.jackson.databind.ser.std.BeanSerializerBase.serializeFields(BeanSerializerBase.java:770)
	at com.fasterxml.jackson.databind.ser.BeanSerializer.serialize(BeanSerializer.java:184)
	at com.fasterxml.jackson.databind.ser.BeanPropertyWriter.serializeAsField(BeanPropertyWriter.java:732)
	at com.fasterxml.jackson.databind.ser.std.BeanSerializerBase.serializeFields(BeanSerializerBase.java:770)
	at com.fasterxml.jackson.databind.ser.BeanSerializer.serialize(BeanSerializer.java:184)
	at com.fasterxml.jackson.databind.ser.std.CollectionSerializer.serializeContents(CollectionSerializer.java:145)
	at com.fasterxml.jackson.databind.ser.std.CollectionSerializer.serialize(CollectionSerializer.java:107)
	at com.fasterxml.jackson.databind.ser.std.CollectionSerializer.serialize(CollectionSerializer.java:25)
	at com.fasterxml.jackson.databind.ser.BeanPropertyWriter.serializeAsField(BeanPropertyWriter.java:732)
	at com.fasterxml.jackson.databind.ser.std.BeanSerializerBase.serializeFields(BeanSerializerBase.java:770)
	at com.fasterxml.jackson.databind.ser.BeanSerializer.serialize(BeanSerializer.java:184)
	at com.fasterxml.jackson.databind.ser.BeanPropertyWriter.serializeAsField(BeanPropertyWriter.java:732)
	at com.fasterxml.jackson.databind.ser.std.BeanSerializerBase.serializeFields(BeanSerializerBase.java:770)
	at com.fasterxml.jackson.databind.ser.BeanSerializer.serialize(BeanSerializer.java:184)
	at com.fasterxml.jackson.databind.ser.std.CollectionSerializer.serializeContents(CollectionSerializer.java:145)
	at com.fasterxml.jackson.databind.ser.std.CollectionSerializer.serialize(CollectionSerializer.java:107)
	at com.fasterxml.jackson.databind.ser.std.CollectionSerializer.serialize(CollectionSerializer.java:25)
	at com.fasterxml.jackson.databind.ser.BeanPropertyWriter.serializeAsField(BeanPropertyWriter.java:732)
	at com.fasterxml.jackson.databind.ser.std.BeanSerializerBase.serializeFields(BeanSerializerBase.java:770)
	at com.fasterxml.jackson.databind.ser.BeanSerializer.serialize(BeanSerializer.java:184)
	at com.fasterxml.jackson.databind.ser.BeanPropertyWriter.serializeAsField(BeanPropertyWriter.java:732)
	at com.fasterxml.jackson.databind.ser.std.BeanSerializerBase.serializeFields(BeanSerializerBase.java:770)
	at com.fasterxml.jackson.databind.ser.BeanSerializer.serialize(BeanSerializer.java:184)
	at com.fasterxml.jackson.databind.ser.std.CollectionSerializer.serializeContents(CollectionSerializer.java:145)
	at com.fasterxml.jackson.databind.ser.std.CollectionSerializer.serialize(CollectionSerializer.java:107)
	at com.fasterxml.jackson.databind.ser.std.CollectionSerializer.serialize(CollectionSerializer.java:25)
	at com.fasterxml.jackson.databind.ser.BeanPropertyWriter.serializeAsField(BeanPropertyWriter.java:732)
	at com.fasterxml.jackson.databind.ser.std.BeanSerializerBase.serializeFields(BeanSerializerBase.java:770)
	at com.fasterxml.jackson.databind.ser.BeanSerializer.serialize(BeanSerializer.java:184)
	at com.fasterxml.jackson.databind.ser.BeanPropertyWriter.serializeAsField(BeanPropertyWriter.java:732)
	at com.fasterxml.jackson.databind.ser.std.BeanSerializerBase.serializeFields(BeanSerializerBase.java:770)
	at com.fasterxml.jackson.databind.ser.BeanSerializer.serialize(BeanSerializer.java:184)
	at com.fasterxml.jackson.databind.ser.std.CollectionSerializer.serializeContents(CollectionSerializer.java:145)
	at com.fasterxml.jackson.databind.ser.std.CollectionSerializer.serialize(CollectionSerializer.java:107)
	at com.fasterxml.jackson.databind.ser.std.CollectionSerializer.serialize(CollectionSerializer.java:25)
	at com.fasterxml.jackson.databind.ser.BeanPropertyWriter.serializeAsField(BeanPropertyWriter.java:732)
	at com.fasterxml.jackson.databind.ser.std.BeanSerializerBase.serializeFields(BeanSerializerBase.java:770)
	at com.fasterxml.jackson.databind.ser.BeanSerializer.serialize(BeanSerializer.java:184)
	at com.fasterxml.jackson.databind.ser.BeanPropertyWriter.serializeAsField(BeanPropertyWriter.java:732)
	at com.fasterxml.jackson.databind.ser.std.BeanSerializerBase.serializeFields(BeanSerializerBase.java:770)
	at com.fasterxml.jackson.databind.ser.BeanSerializer.serialize(BeanSerializer.java:184)
	at com.fasterxml.jackson.databind.ser.std.CollectionSerializer.serializeContents(CollectionSerializer.java:145)
	at com.fasterxml.jackson.databind.ser.std.CollectionSerializer.serialize(CollectionSerializer.java:107)
	at com.fasterxml.jackson.databind.ser.std.CollectionSerializer.serialize(CollectionSerializer.java:25)
	at com.fasterxml.jackson.databind.ser.BeanPropertyWriter.serializeAsField(BeanPropertyWriter.java:732)
	at com.fasterxml.jackson.databind.ser.std.BeanSerializerBase.serializeFields(BeanSerializerBase.java:770)
	at com.fasterxml.jackson.databind.ser.BeanSerializer.serialize(BeanSerializer.java:184)
	at com.fasterxml.jackson.databind.ser.BeanPropertyWriter.serializeAsField(BeanPropertyWriter.java:732)
	at com.fasterxml.jackson.databind.ser.std.BeanSerializerBase.serializeFields(BeanSerializerBase.java:770)
	at com.fasterxml.jackson.databind.ser.BeanSerializer.serialize(BeanSerializer.java:184)
	at com.fasterxml.jackson.databind.ser.std.CollectionSerializer.serializeContents(CollectionSerializer.java:145)
	at com.fasterxml.jackson.databind.ser.std.CollectionSerializer.serialize(CollectionSerializer.java:107)
	at com.fasterxml.jackson.databind.ser.std.CollectionSerializer.serialize(CollectionSerializer.java:25)
	at com.fasterxml.jackson.databind.ser.BeanPropertyWriter.serializeAsField(BeanPropertyWriter.java:732)
	at com.fasterxml.jackson.databind.ser.std.BeanSerializerBase.serializeFields(BeanSerializerBase.java:770)
	at com.fasterxml.jackson.databind.ser.BeanSerializer.serialize(BeanSerializer.java:184)
	at com.fasterxml.jackson.databind.ser.BeanPropertyWriter.serializeAsField(BeanPropertyWriter.java:732)
	at com.fasterxml.jackson.databind.ser.std.BeanSerializerBase.serializeFields(BeanSerializerBase.java:770)
	at com.fasterxml.jackson.databind.ser.BeanSerializer.serialize(BeanSerializer.java:184)
	at com.fasterxml.jackson.databind.ser.std.CollectionSerializer.serializeContents(CollectionSerializer.java:145)
	at com.fasterxml.jackson.databind.ser.std.CollectionSerializer.serialize(CollectionSerializer.java:107)
	at com.fasterxml.jackson.databind.ser.std.CollectionSerializer.serialize(CollectionSerializer.java:25)
	at com.fasterxml.jackson.databind.ser.BeanPropertyWriter.serializeAsField(BeanPropertyWriter.java:732)
	at com.fasterxml.jackson.databind.ser.std.BeanSerializerBase.serializeFields(BeanSerializerBase.java:770)
	at com.fasterxml.jackson.databind.ser.BeanSerializer.serialize(BeanSerializer.java:184)
	at com.fasterxml.jackson.databind.ser.BeanPropertyWriter.serializeAsField(BeanPropertyWriter.java:732)
	at com.fasterxml.jackson.databind.ser.std.BeanSerializerBase.serializeFields(BeanSerializerBase.java:770)
	at com.fasterxml.jackson.databind.ser.BeanSerializer.serialize(BeanSerializer.java:184)
	at com.fasterxml.jackson.databind.ser.std.CollectionSerializer.serializeContents(CollectionSerializer.java:145)
	at com.fasterxml.jackson.databind.ser.std.CollectionSerializer.serialize(CollectionSerializer.java:107)
	at com.fasterxml.jackson.databind.ser.std.CollectionSerializer.serialize(CollectionSerializer.java:25)
	at com.fasterxml.jackson.databind.ser.BeanPropertyWriter.serializeAsField(BeanPropertyWriter.java:732)
	at com.fasterxml.jackson.databind.ser.std.BeanSerializerBase.serializeFields(BeanSerializerBase.java:770)
	at com.fasterxml.jackson.databind.ser.BeanSerializer.serialize(BeanSerializer.java:184)
	at com.fasterxml.jackson.databind.ser.BeanPropertyWriter.serializeAsField(BeanPropertyWriter.java:732)
	at com.fasterxml.jackson.databind.ser.std.BeanSerializerBase.serializeFields(BeanSerializerBase.java:770)
	at com.fasterxml.jackson.databind.ser.BeanSerializer.serialize(BeanSerializer.java:184)
	at com.fasterxml.jackson.databind.ser.std.CollectionSerializer.serializeContents(CollectionSerializer.java:145)
	at com.fasterxml.jackson.databind.ser.std.CollectionSerializer.serialize(CollectionSerializer.java:107)
	at com.fasterxml.jackson.databind.ser.std.CollectionSerializer.serialize(CollectionSerializer.java:25)
	at com.fasterxml.jackson.databind.ser.BeanPropertyWriter.serializeAsField(BeanPropertyWriter.java:732)
	at com.fasterxml.jackson.databind.ser.std.BeanSerializerBase.serializeFields(BeanSerializerBase.java:770)
	at com.fasterxml.jackson.databind.ser.BeanSerializer.serialize(BeanSerializer.java:184)
	at com.fasterxml.jackson.databind.ser.BeanPropertyWriter.serializeAsField(BeanPropertyWriter.java:732)
	at com.fasterxml.jackson.databind.ser.std.BeanSerializerBase.serializeFields(BeanSerializerBase.java:770)
	at com.fasterxml.jackson.databind.ser.BeanSerializer.serialize(BeanSerializer.java:184)
	at com.fasterxml.jackson.databind.ser.std.CollectionSerializer.serializeContents(CollectionSerializer.java:145)
	at com.fasterxml.jackson.databind.ser.std.CollectionSerializer.serialize(CollectionSerializer.java:107)
	at com.fasterxml.jackson.databind.ser.std.CollectionSerializer.serialize(CollectionSerializer.java:25)
	at com.fasterxml.jackson.databind.ser.BeanPropertyWriter.serializeAsField(BeanPropertyWriter.java:732)
	at com.fasterxml.jackson.databind.ser.std.BeanSerializerBase.serializeFields(BeanSerializerBase.java:770)
	at com.fasterxml.jackson.databind.ser.BeanSerializer.serialize(BeanSerializer.java:184)
	at com.fasterxml.jackson.databind.ser.BeanPropertyWriter.serializeAsField(BeanPropertyWriter.java:732)
	at com.fasterxml.jackson.databind.ser.std.BeanSerializerBase.serializeFields(BeanSerializerBase.java:770)
	at com.fasterxml.jackson.databind.ser.BeanSerializer.serialize(BeanSerializer.java:184)
	at com.fasterxml.jackson.databind.ser.std.CollectionSerializer.serializeContents(CollectionSerializer.java:145)
	at com.fasterxml.jackson.databind.ser.std.CollectionSerializer.serialize(CollectionSerializer.java:107)
	at com.fasterxml.jackson.databind.ser.std.CollectionSerializer.serialize(CollectionSerializer.java:25)
	at com.fasterxml.jackson.databind.ser.BeanPropertyWriter.serializeAsField(BeanPropertyWriter.java:732)
	at com.fasterxml.jackson.databind.ser.std.BeanSerializerBase.serializeFields(BeanSerializerBase.java:770)
	at com.fasterxml.jackson.databind.ser.BeanSerializer.serialize(BeanSerializer.java:184)
	at com.fasterxml.jackson.databind.ser.BeanPropertyWriter.serializeAsField(BeanPropertyWriter.java:732)
	at com.fasterxml.jackson.databind.ser.std.BeanSerializerBase.serializeFields(BeanSerializerBase.java:770)
	at com.fasterxml.jackson.databind.ser.BeanSerializer.serialize(BeanSerializer.java:184)
	at com.fasterxml.jackson.databind.ser.std.CollectionSerializer.serializeContents(CollectionSerializer.java:145)
	at com.fasterxml.jackson.databind.ser.std.CollectionSerializer.serialize(CollectionSerializer.java:107)
	at com.fasterxml.jackson.databind.ser.std.CollectionSerializer.serialize(CollectionSerializer.java:25)
	at com.fasterxml.jackson.databind.ser.BeanPropertyWriter.serializeAsField(BeanPropertyWriter.java:732)
	at com.fasterxml.jackson.databind.ser.std.BeanSerializerBase.serializeFields(BeanSerializerBase.java:770)
	at com.fasterxml.jackson.databind.ser.BeanSerializer.serialize(BeanSerializer.java:184)
	at com.fasterxml.jackson.databind.ser.BeanPropertyWriter.serializeAsField(BeanPropertyWriter.java:732)
	at com.fasterxml.jackson.databind.ser.std.BeanSerializerBase.serializeFields(BeanSerializerBase.java:770)
	at com.fasterxml.jackson.databind.ser.BeanSerializer.serialize(BeanSerializer.java:184)
	at com.fasterxml.jackson.databind.ser.std.CollectionSerializer.serializeContents(CollectionSerializer.java:145)
	at com.fasterxml.jackson.databind.ser.std.CollectionSerializer.serialize(CollectionSerializer.java:107)
	at com.fasterxml.jackson.databind.ser.std.CollectionSerializer.serialize(CollectionSerializer.java:25)
	at com.fasterxml.jackson.databind.ser.BeanPropertyWriter.serializeAsField(BeanPropertyWriter.java:732)
	at com.fasterxml.jackson.databind.ser.std.BeanSerializerBase.serializeFields(BeanSerializerBase.java:770)
	at com.fasterxml.jackson.databind.ser.BeanSerializer.serialize(BeanSerializer.java:184)
	at com.fasterxml.jackson.databind.ser.BeanPropertyWriter.serializeAsField(BeanPropertyWriter.java:732)
	at com.fasterxml.jackson.databind.ser.std.BeanSerializerBase.serializeFields(BeanSerializerBase.java:770)
	at com.fasterxml.jackson.databind.ser.BeanSerializer.serialize(BeanSerializer.java:184)
	at com.fasterxml.jackson.databind.ser.std.CollectionSerializer.serializeContents(CollectionSerializer.java:145)
	at com.fasterxml.jackson.databind.ser.std.CollectionSerializer.serialize(CollectionSerializer.java:107)
	at com.fasterxml.jackson.databind.ser.std.CollectionSerializer.serialize(CollectionSerializer.java:25)
	at com.fasterxml.jackson.databind.ser.BeanPropertyWriter.serializeAsField(BeanPropertyWriter.java:732)
	at com.fasterxml.jackson.databind.ser.std.BeanSerializerBase.serializeFields(BeanSerializerBase.java:770)
	at com.fasterxml.jackson.databind.ser.BeanSerializer.serialize(BeanSerializer.java:184)
	at com.fasterxml.jackson.databind.ser.BeanPropertyWriter.serializeAsField(BeanPropertyWriter.java:732)
	at com.fasterxml.jackson.databind.ser.std.BeanSerializerBase.serializeFields(BeanSerializerBase.java:770)
	at com.fasterxml.jackson.databind.ser.BeanSerializer.serialize(BeanSerializer.java:184)
	at com.fasterxml.jackson.databind.ser.std.CollectionSerializer.serializeContents(CollectionSerializer.java:145)
	at com.fasterxml.jackson.databind.ser.std.CollectionSerializer.serialize(CollectionSerializer.java:107)
	at com.fasterxml.jackson.databind.ser.std.CollectionSerializer.serialize(CollectionSerializer.java:25)
	at com.fasterxml.jackson.databind.ser.BeanPropertyWriter.serializeAsField(BeanPropertyWriter.java:732)
	at com.fasterxml.jackson.databind.ser.std.BeanSerializerBase.serializeFields(BeanSerializerBase.java:770)
	at com.fasterxml.jackson.databind.ser.BeanSerializer.serialize(BeanSerializer.java:184)
	at com.fasterxml.jackson.databind.ser.BeanPropertyWriter.serializeAsField(BeanPropertyWriter.java:732)
	at com.fasterxml.jackson.databind.ser.std.BeanSerializerBase.serializeFields(BeanSerializerBase.java:770)
	at com.fasterxml.jackson.databind.ser.BeanSerializer.serialize(BeanSerializer.java:184)
	at com.fasterxml.jackson.databind.ser.std.CollectionSerializer.serializeContents(CollectionSerializer.java:145)
	at com.fasterxml.jackson.databind.ser.std.CollectionSerializer.serialize(CollectionSerializer.java:107)
	at com.fasterxml.jackson.databind.ser.std.CollectionSerializer.serialize(CollectionSerializer.java:25)
	at com.fasterxml.jackson.databind.ser.BeanPropertyWriter.serializeAsField(BeanPropertyWriter.java:732)
	at com.fasterxml.jackson.databind.ser.std.BeanSerializerBase.serializeFields(BeanSerializerBase.java:770)
	at com.fasterxml.jackson.databind.ser.BeanSerializer.serialize(BeanSerializer.java:184)
	at com.fasterxml.jackson.databind.ser.BeanPropertyWriter.serializeAsField(BeanPropertyWriter.java:732)
	at com.fasterxml.jackson.databind.ser.std.BeanSerializerBase.serializeFields(BeanSerializerBase.java:770)
	at com.fasterxml.jackson.databind.ser.BeanSerializer.serialize(BeanSerializer.java:184)
	at com.fasterxml.jackson.databind.ser.std.CollectionSerializer.serializeContents(CollectionSerializer.java:145)
	at com.fasterxml.jackson.databind.ser.std.CollectionSerializer.serialize(CollectionSerializer.java:107)
	at com.fasterxml.jackson.databind.ser.std.CollectionSerializer.serialize(CollectionSerializer.java:25)
	at com.fasterxml.jackson.databind.ser.BeanPropertyWriter.serializeAsField(BeanPropertyWriter.java:732)
	at com.fasterxml.jackson.databind.ser.std.BeanSerializerBase.serializeFields(BeanSerializerBase.java:770)
	at com.fasterxml.jackson.databind.ser.BeanSerializer.serialize(BeanSerializer.java:184)
	at com.fasterxml.jackson.databind.ser.BeanPropertyWriter.serializeAsField(BeanPropertyWriter.java:732)
	at com.fasterxml.jackson.databind.ser.std.BeanSerializerBase.serializeFields(BeanSerializerBase.java:770)
	at com.fasterxml.jackson.databind.ser.BeanSerializer.serialize(BeanSerializer.java:184)
	at com.fasterxml.jackson.databind.ser.std.CollectionSerializer.serializeContents(CollectionSerializer.java:145)
	at com.fasterxml.jackson.databind.ser.std.CollectionSerializer.serialize(CollectionSerializer.java:107)
	at com.fasterxml.jackson.databind.ser.std.CollectionSerializer.serialize(CollectionSerializer.java:25)
	at com.fasterxml.jackson.databind.ser.BeanPropertyWriter.serializeAsField(BeanPropertyWriter.java:732)
	at com.fasterxml.jackson.databind.ser.std.BeanSerializerBase.serializeFields(BeanSerializerBase.java:770)
	at com.fasterxml.jackson.databind.ser.BeanSerializer.serialize(BeanSerializer.java:184)
	at com.fasterxml.jackson.databind.ser.BeanPropertyWriter.serializeAsField(BeanPropertyWriter.java:732)
	at com.fasterxml.jackson.databind.ser.std.BeanSerializerBase.serializeFields(BeanSerializerBase.java:770)
	at com.fasterxml.jackson.databind.ser.BeanSerializer.serialize(BeanSerializer.java:184)
	at com.fasterxml.jackson.databind.ser.std.CollectionSerializer.serializeContents(CollectionSerializer.java:145)
	at com.fasterxml.jackson.databind.ser.std.CollectionSerializer.serialize(CollectionSerializer.java:107)
	at com.fasterxml.jackson.databind.ser.std.CollectionSerializer.serialize(CollectionSerializer.java:25)
	at com.fasterxml.jackson.databind.ser.BeanPropertyWriter.serializeAsField(BeanPropertyWriter.java:732)
	at com.fasterxml.jackson.databind.ser.std.BeanSerializerBase.serializeFields(BeanSerializerBase.java:770)
	at com.fasterxml.jackson.databind.ser.BeanSerializer.serialize(BeanSerializer.java:184)
	at com.fasterxml.jackson.databind.ser.BeanPropertyWriter.serializeAsField(BeanPropertyWriter.java:732)
	at com.fasterxml.jackson.databind.ser.std.BeanSerializerBase.serializeFields(BeanSerializerBase.java:770)
	at com.fasterxml.jackson.databind.ser.BeanSerializer.serialize(BeanSerializer.java:184)
	at com.fasterxml.jackson.databind.ser.std.CollectionSerializer.serializeContents(CollectionSerializer.java:145)
	at com.fasterxml.jackson.databind.ser.std.CollectionSerializer.serialize(CollectionSerializer.java:107)
	at com.fasterxml.jackson.databind.ser.std.CollectionSerializer.serialize(CollectionSerializer.java:25)
	at com.fasterxml.jackson.databind.ser.BeanPropertyWriter.serializeAsField(BeanPropertyWriter.java:732)
	at com.fasterxml.jackson.databind.ser.std.BeanSerializerBase.serializeFields(BeanSerializerBase.java:770)
	at com.fasterxml.jackson.databind.ser.BeanSerializer.serialize(BeanSerializer.java:184)
	at com.fasterxml.jackson.databind.ser.BeanPropertyWriter.serializeAsField(BeanPropertyWriter.java:732)
	at com.fasterxml.jackson.databind.ser.std.BeanSerializerBase.serializeFields(BeanSerializerBase.java:770)
	at com.fasterxml.jackson.databind.ser.BeanSerializer.serialize(BeanSerializer.java:184)
	at com.fasterxml.jackson.databind.ser.std.CollectionSerializer.serializeContents(CollectionSerializer.java:145)
	at com.fasterxml.jackson.databind.ser.std.CollectionSerializer.serialize(CollectionSerializer.java:107)
	at com.fasterxml.jackson.databind.ser.std.CollectionSerializer.serialize(CollectionSerializer.java:25)
	at com.fasterxml.jackson.databind.ser.BeanPropertyWriter.serializeAsField(BeanPropertyWriter.java:732)
	at com.fasterxml.jackson.databind.ser.std.BeanSerializerBase.serializeFields(BeanSerializerBase.java:770)
	at com.fasterxml.jackson.databind.ser.BeanSerializer.serialize(BeanSerializer.java:184)
	at com.fasterxml.jackson.databind.ser.BeanPropertyWriter.serializeAsField(BeanPropertyWriter.java:732)
	at com.fasterxml.jackson.databind.ser.std.BeanSerializerBase.serializeFields(BeanSerializerBase.java:770)
	at com.fasterxml.jackson.databind.ser.BeanSerializer.serialize(BeanSerializer.java:184)
	at com.fasterxml.jackson.databind.ser.std.CollectionSerializer.serializeContents(CollectionSerializer.java:145)
	at com.fasterxml.jackson.databind.ser.std.CollectionSerializer.serialize(CollectionSerializer.java:107)
	at com.fasterxml.jackson.databind.ser.std.CollectionSerializer.serialize(CollectionSerializer.java:25)
	at com.fasterxml.jackson.databind.ser.BeanPropertyWriter.serializeAsField(BeanPropertyWriter.java:732)
	at com.fasterxml.jackson.databind.ser.std.BeanSerializerBase.serializeFields(BeanSerializerBase.java:770)
	at com.fasterxml.jackson.databind.ser.BeanSerializer.serialize(BeanSerializer.java:184)
	at com.fasterxml.jackson.databind.ser.BeanPropertyWriter.serializeAsField(BeanPropertyWriter.java:732)
	at com.fasterxml.jackson.databind.ser.std.BeanSerializerBase.serializeFields(BeanSerializerBase.java:770)
	at com.fasterxml.jackson.databind.ser.BeanSerializer.serialize(BeanSerializer.java:184)
	at com.fasterxml.jackson.databind.ser.std.CollectionSerializer.serializeContents(CollectionSerializer.java:145)
	at com.fasterxml.jackson.databind.ser.std.CollectionSerializer.serialize(CollectionSerializer.java:107)
	at com.fasterxml.jackson.databind.ser.std.CollectionSerializer.serialize(CollectionSerializer.java:25)
	at com.fasterxml.jackson.databind.ser.BeanPropertyWriter.serializeAsField(BeanPropertyWriter.java:732)
	at com.fasterxml.jackson.databind.ser.std.BeanSerializerBase.serializeFields(BeanSerializerBase.java:770)
	at com.fasterxml.jackson.databind.ser.BeanSerializer.serialize(BeanSerializer.java:184)
	at com.fasterxml.jackson.databind.ser.BeanPropertyWriter.serializeAsField(BeanPropertyWriter.java:732)
	at com.fasterxml.jackson.databind.ser.std.BeanSerializerBase.serializeFields(BeanSerializerBase.java:770)
	at com.fasterxml.jackson.databind.ser.BeanSerializer.serialize(BeanSerializer.java:184)
	at com.fasterxml.jackson.databind.ser.std.CollectionSerializer.serializeContents(CollectionSerializer.java:145)
	at com.fasterxml.jackson.databind.ser.std.CollectionSerializer.serialize(CollectionSerializer.java:107)
	at com.fasterxml.jackson.databind.ser.std.CollectionSerializer.serialize(CollectionSerializer.java:25)
	at com.fasterxml.jackson.databind.ser.BeanPropertyWriter.serializeAsField(BeanPropertyWriter.java:732)
	at com.fasterxml.jackson.databind.ser.std.BeanSerializerBase.serializeFields(BeanSerializerBase.java:770)
	at com.fasterxml.jackson.databind.ser.BeanSerializer.serialize(BeanSerializer.java:184)
	at com.fasterxml.jackson.databind.ser.BeanPropertyWriter.serializeAsField(BeanPropertyWriter.java:732)
	at com.fasterxml.jackson.databind.ser.std.BeanSerializerBase.serializeFields(BeanSerializerBase.java:770)
	at com.fasterxml.jackson.databind.ser.BeanSerializer.serialize(BeanSerializer.java:184)
	at com.fasterxml.jackson.databind.ser.std.CollectionSerializer.serializeContents(CollectionSerializer.java:145)
	at com.fasterxml.jackson.databind.ser.std.CollectionSerializer.serialize(CollectionSerializer.java:107)
	at com.fasterxml.jackson.databind.ser.std.CollectionSerializer.serialize(CollectionSerializer.java:25)
	at com.fasterxml.jackson.databind.ser.BeanPropertyWriter.serializeAsField(BeanPropertyWriter.java:732)
	at com.fasterxml.jackson.databind.ser.std.BeanSerializerBase.serializeFields(BeanSerializerBase.java:770)
	at com.fasterxml.jackson.databind.ser.BeanSerializer.serialize(BeanSerializer.java:184)
	at com.fasterxml.jackson.databind.ser.BeanPropertyWriter.serializeAsField(BeanPropertyWriter.java:732)
	at com.fasterxml.jackson.databind.ser.std.BeanSerializerBase.serializeFields(BeanSerializerBase.java:770)
	at com.fasterxml.jackson.databind.ser.BeanSerializer.serialize(BeanSerializer.java:184)
	at com.fasterxml.jackson.databind.ser.std.CollectionSerializer.serializeContents(CollectionSerializer.java:145)
	at com.fasterxml.jackson.databind.ser.std.CollectionSerializer.serialize(CollectionSerializer.java:107)
	at com.fasterxml.jackson.databind.ser.std.CollectionSerializer.serialize(CollectionSerializer.java:25)
	at com.fasterxml.jackson.databind.ser.BeanPropertyWriter.serializeAsField(BeanPropertyWriter.java:732)
	at com.fasterxml.jackson.databind.ser.std.BeanSerializerBase.serializeFields(BeanSerializerBase.java:770)
	at com.fasterxml.jackson.databind.ser.BeanSerializer.serialize(BeanSerializer.java:184)
	at com.fasterxml.jackson.databind.ser.BeanPropertyWriter.serializeAsField(BeanPropertyWriter.java:732)
	at com.fasterxml.jackson.databind.ser.std.BeanSerializerBase.serializeFields(BeanSerializerBase.java:770)
	at com.fasterxml.jackson.databind.ser.BeanSerializer.serialize(BeanSerializer.java:184)
	at com.fasterxml.jackson.databind.ser.std.CollectionSerializer.serializeContents(CollectionSerializer.java:145)
	at com.fasterxml.jackson.databind.ser.std.CollectionSerializer.serialize(CollectionSerializer.java:107)
	at com.fasterxml.jackson.databind.ser.std.CollectionSerializer.serialize(CollectionSerializer.java:25)
	at com.fasterxml.jackson.databind.ser.BeanPropertyWriter.serializeAsField(BeanPropertyWriter.java:732)
	at com.fasterxml.jackson.databind.ser.std.BeanSerializerBase.serializeFields(BeanSerializerBase.java:770)
	at com.fasterxml.jackson.databind.ser.BeanSerializer.serialize(BeanSerializer.java:184)
	at com.fasterxml.jackson.databind.ser.BeanPropertyWriter.serializeAsField(BeanPropertyWriter.java:732)
	at com.fasterxml.jackson.databind.ser.std.BeanSerializerBase.serializeFields(BeanSerializerBase.java:770)
	at com.fasterxml.jackson.databind.ser.BeanSerializer.serialize(BeanSerializer.java:184)
	at com.fasterxml.jackson.databind.ser.std.CollectionSerializer.serializeContents(CollectionSerializer.java:145)
	at com.fasterxml.jackson.databind.ser.std.CollectionSerializer.serialize(CollectionSerializer.java:107)
	at com.fasterxml.jackson.databind.ser.std.CollectionSerializer.serialize(CollectionSerializer.java:25)
	at com.fasterxml.jackson.databind.ser.BeanPropertyWriter.serializeAsField(BeanPropertyWriter.java:732)
	at com.fasterxml.jackson.databind.ser.std.BeanSerializerBase.serializeFields(BeanSerializerBase.java:770)
	at com.fasterxml.jackson.databind.ser.BeanSerializer.serialize(BeanSerializer.java:184)
	at com.fasterxml.jackson.databind.ser.BeanPropertyWriter.serializeAsField(BeanPropertyWriter.java:732)
	at com.fasterxml.jackson.databind.ser.std.BeanSerializerBase.serializeFields(BeanSerializerBase.java:770)
	at com.fasterxml.jackson.databind.ser.BeanSerializer.serialize(BeanSerializer.java:184)
	at com.fasterxml.jackson.databind.ser.std.CollectionSerializer.serializeContents(CollectionSerializer.java:145)
	at com.fasterxml.jackson.databind.ser.std.CollectionSerializer.serialize(CollectionSerializer.java:107)
	at com.fasterxml.jackson.databind.ser.std.CollectionSerializer.serialize(CollectionSerializer.java:25)
	at com.fasterxml.jackson.databind.ser.BeanPropertyWriter.serializeAsField(BeanPropertyWriter.java:732)
	at com.fasterxml.jackson.databind.ser.std.BeanSerializerBase.serializeFields(BeanSerializerBase.java:770)
	at com.fasterxml.jackson.databind.ser.BeanSerializer.serialize(BeanSerializer.java:184)
	at com.fasterxml.jackson.databind.ser.BeanPropertyWriter.serializeAsField(BeanPropertyWriter.java:732)
	at com.fasterxml.jackson.databind.ser.std.BeanSerializerBase.serializeFields(BeanSerializerBase.java:770)
	at com.fasterxml.jackson.databind.ser.BeanSerializer.serialize(BeanSerializer.java:184)
	at com.fasterxml.jackson.databind.ser.std.CollectionSerializer.serializeContents(CollectionSerializer.java:145)
	at com.fasterxml.jackson.databind.ser.std.CollectionSerializer.serialize(CollectionSerializer.java:107)
	at com.fasterxml.jackson.databind.ser.std.CollectionSerializer.serialize(CollectionSerializer.java:25)
	at com.fasterxml.jackson.databind.ser.BeanPropertyWriter.serializeAsField(BeanPropertyWriter.java:732)
	at com.fasterxml.jackson.databind.ser.std.BeanSerializerBase.serializeFields(BeanSerializerBase.java:770)
	at com.fasterxml.jackson.databind.ser.BeanSerializer.serialize(BeanSerializer.java:184)
	at com.fasterxml.jackson.databind.ser.BeanPropertyWriter.serializeAsField(BeanPropertyWriter.java:732)
	at com.fasterxml.jackson.databind.ser.std.BeanSerializerBase.serializeFields(BeanSerializerBase.java:770)
	at com.fasterxml.jackson.databind.ser.BeanSerializer.serialize(BeanSerializer.java:184)
	at com.fasterxml.jackson.databind.ser.std.CollectionSerializer.serializeContents(CollectionSerializer.java:145)
	at com.fasterxml.jackson.databind.ser.std.CollectionSerializer.serialize(CollectionSerializer.java:107)
	at com.fasterxml.jackson.databind.ser.std.CollectionSerializer.serialize(CollectionSerializer.java:25)
	at com.fasterxml.jackson.databind.ser.BeanPropertyWriter.serializeAsField(BeanPropertyWriter.java:732)
	at com.fasterxml.jackson.databind.ser.std.BeanSerializerBase.serializeFields(BeanSerializerBase.java:770)
	at com.fasterxml.jackson.databind.ser.BeanSerializer.serialize(BeanSerializer.java:184)
	at com.fasterxml.jackson.databind.ser.BeanPropertyWriter.serializeAsField(BeanPropertyWriter.java:732)
	at com.fasterxml.jackson.databind.ser.std.BeanSerializerBase.serializeFields(BeanSerializerBase.java:770)
	at com.fasterxml.jackson.databind.ser.BeanSerializer.serialize(BeanSerializer.java:184)
	at com.fasterxml.jackson.databind.ser.std.CollectionSerializer.serializeContents(CollectionSerializer.java:145)
	at com.fasterxml.jackson.databind.ser.std.CollectionSerializer.serialize(CollectionSerializer.java:107)
	at com.fasterxml.jackson.databind.ser.std.CollectionSerializer.serialize(CollectionSerializer.java:25)
	at com.fasterxml.jackson.databind.ser.BeanPropertyWriter.serializeAsField(BeanPropertyWriter.java:732)
	at com.fasterxml.jackson.databind.ser.std.BeanSerializerBase.serializeFields(BeanSerializerBase.java:770)
	at com.fasterxml.jackson.databind.ser.BeanSerializer.serialize(BeanSerializer.java:184)
	at com.fasterxml.jackson.databind.ser.BeanPropertyWriter.serializeAsField(BeanPropertyWriter.java:732)
	at com.fasterxml.jackson.databind.ser.std.BeanSerializerBase.serializeFields(BeanSerializerBase.java:770)
	at com.fasterxml.jackson.databind.ser.BeanSerializer.serialize(BeanSerializer.java:184)
	at com.fasterxml.jackson.databind.ser.std.CollectionSerializer.serializeContents(CollectionSerializer.java:145)
	at com.fasterxml.jackson.databind.ser.std.CollectionSerializer.serialize(CollectionSerializer.java:107)
	at com.fasterxml.jackson.databind.ser.std.CollectionSerializer.serialize(CollectionSerializer.java:25)
	at com.fasterxml.jackson.databind.ser.BeanPropertyWriter.serializeAsField(BeanPropertyWriter.java:732)
	at com.fasterxml.jackson.databind.ser.std.BeanSerializerBase.serializeFields(BeanSerializerBase.java:770)
	at com.fasterxml.jackson.databind.ser.BeanSerializer.serialize(BeanSerializer.java:184)
	at com.fasterxml.jackson.databind.ser.BeanPropertyWriter.serializeAsField(BeanPropertyWriter.java:732)
	at com.fasterxml.jackson.databind.ser.std.BeanSerializerBase.serializeFields(BeanSerializerBase.java:770)
	at com.fasterxml.jackson.databind.ser.BeanSerializer.serialize(BeanSerializer.java:184)
	at com.fasterxml.jackson.databind.ser.std.CollectionSerializer.serializeContents(CollectionSerializer.java:145)
	at com.fasterxml.jackson.databind.ser.std.CollectionSerializer.serialize(CollectionSerializer.java:107)
	at com.fasterxml.jackson.databind.ser.std.CollectionSerializer.serialize(CollectionSerializer.java:25)
	at com.fasterxml.jackson.databind.ser.BeanPropertyWriter.serializeAsField(BeanPropertyWriter.java:732)
	at com.fasterxml.jackson.databind.ser.std.BeanSerializerBase.serializeFields(BeanSerializerBase.java:770)
	at com.fasterxml.jackson.databind.ser.BeanSerializer.serialize(BeanSerializer.java:184)
	at com.fasterxml.jackson.databind.ser.BeanPropertyWriter.serializeAsField(BeanPropertyWriter.java:732)
	at com.fasterxml.jackson.databind.ser.std.BeanSerializerBase.serializeFields(BeanSerializerBase.java:770)
	at com.fasterxml.jackson.databind.ser.BeanSerializer.serialize(BeanSerializer.java:184)
	at com.fasterxml.jackson.databind.ser.std.CollectionSerializer.serializeContents(CollectionSerializer.java:145)
	at com.fasterxml.jackson.databind.ser.std.CollectionSerializer.serialize(CollectionSerializer.java:107)
	at com.fasterxml.jackson.databind.ser.std.CollectionSerializer.serialize(CollectionSerializer.java:25)
	at com.fasterxml.jackson.databind.ser.BeanPropertyWriter.serializeAsField(BeanPropertyWriter.java:732)
	at com.fasterxml.jackson.databind.ser.std.BeanSerializerBase.serializeFields(BeanSerializerBase.java:770)
	at com.fasterxml.jackson.databind.ser.BeanSerializer.serialize(BeanSerializer.java:184)
	at com.fasterxml.jackson.databind.ser.BeanPropertyWriter.serializeAsField(BeanPropertyWriter.java:732)
	at com.fasterxml.jackson.databind.ser.std.BeanSerializerBase.serializeFields(BeanSerializerBase.java:770)
	at com.fasterxml.jackson.databind.ser.BeanSerializer.serialize(BeanSerializer.java:184)
	at com.fasterxml.jackson.databind.ser.std.CollectionSerializer.serializeContents(CollectionSerializer.java:145)
	at com.fasterxml.jackson.databind.ser.std.CollectionSerializer.serialize(CollectionSerializer.java:107)
	at com.fasterxml.jackson.databind.ser.std.CollectionSerializer.serialize(CollectionSerializer.java:25)
	at com.fasterxml.jackson.databind.ser.BeanPropertyWriter.serializeAsField(BeanPropertyWriter.java:732)
	at com.fasterxml.jackson.databind.ser.std.BeanSerializerBase.serializeFields(BeanSerializerBase.java:770)
	at com.fasterxml.jackson.databind.ser.BeanSerializer.serialize(BeanSerializer.java:184)
	at com.fasterxml.jackson.databind.ser.BeanPropertyWriter.serializeAsField(BeanPropertyWriter.java:732)
	at com.fasterxml.jackson.databind.ser.std.BeanSerializerBase.serializeFields(BeanSerializerBase.java:770)
	at com.fasterxml.jackson.databind.ser.BeanSerializer.serialize(BeanSerializer.java:184)
	at com.fasterxml.jackson.databind.ser.std.CollectionSerializer.serializeContents(CollectionSerializer.java:145)
	at com.fasterxml.jackson.databind.ser.std.CollectionSerializer.serialize(CollectionSerializer.java:107)
	at com.fasterxml.jackson.databind.ser.std.CollectionSerializer.serialize(CollectionSerializer.java:25)
	at com.fasterxml.jackson.databind.ser.BeanPropertyWriter.serializeAsField(BeanPropertyWriter.java:732)
	at com.fasterxml.jackson.databind.ser.std.BeanSerializerBase.serializeFields(BeanSerializerBase.java:770)
	at com.fasterxml.jackson.databind.ser.BeanSerializer.serialize(BeanSerializer.java:184)
	at com.fasterxml.jackson.databind.ser.BeanPropertyWriter.serializeAsField(BeanPropertyWriter.java:732)
	at com.fasterxml.jackson.databind.ser.std.BeanSerializerBase.serializeFields(BeanSerializerBase.java:770)
	at com.fasterxml.jackson.databind.ser.BeanSerializer.serialize(BeanSerializer.java:184)
	at com.fasterxml.jackson.databind.ser.std.CollectionSerializer.serializeContents(CollectionSerializer.java:145)
	at com.fasterxml.jackson.databind.ser.std.CollectionSerializer.serialize(CollectionSerializer.java:107)
	at com.fasterxml.jackson.databind.ser.std.CollectionSerializer.serialize(CollectionSerializer.java:25)
	at com.fasterxml.jackson.databind.ser.BeanPropertyWriter.serializeAsField(BeanPropertyWriter.java:732)
	at com.fasterxml.jackson.databind.ser.std.BeanSerializerBase.serializeFields(BeanSerializerBase.java:770)
	at com.fasterxml.jackson.databind.ser.BeanSerializer.serialize(BeanSerializer.java:184)
	at com.fasterxml.jackson.databind.ser.BeanPropertyWriter.serializeAsField(BeanPropertyWriter.java:732)
	at com.fasterxml.jackson.databind.ser.std.BeanSerializerBase.serializeFields(BeanSerializerBase.java:770)
	at com.fasterxml.jackson.databind.ser.BeanSerializer.serialize(BeanSerializer.java:184)
	at com.fasterxml.jackson.databind.ser.std.CollectionSerializer.serializeContents(CollectionSerializer.java:145)
	at com.fasterxml.jackson.databind.ser.std.CollectionSerializer.serialize(CollectionSerializer.java:107)
	at com.fasterxml.jackson.databind.ser.std.CollectionSerializer.serialize(CollectionSerializer.java:25)
	at com.fasterxml.jackson.databind.ser.BeanPropertyWriter.serializeAsField(BeanPropertyWriter.java:732)
	at com.fasterxml.jackson.databind.ser.std.BeanSerializerBase.serializeFields(BeanSerializerBase.java:770)
	at com.fasterxml.jackson.databind.ser.BeanSerializer.serialize(BeanSerializer.java:184)
	at com.fasterxml.jackson.databind.ser.BeanPropertyWriter.serializeAsField(BeanPropertyWriter.java:732)
	at com.fasterxml.jackson.databind.ser.std.BeanSerializerBase.serializeFields(BeanSerializerBase.java:770)
	at com.fasterxml.jackson.databind.ser.BeanSerializer.serialize(BeanSerializer.java:184)
	at com.fasterxml.jackson.databind.ser.std.CollectionSerializer.serializeContents(CollectionSerializer.java:145)
	at com.fasterxml.jackson.databind.ser.std.CollectionSerializer.serialize(CollectionSerializer.java:107)
	at com.fasterxml.jackson.databind.ser.std.CollectionSerializer.serialize(CollectionSerializer.java:25)
	at com.fasterxml.jackson.databind.ser.BeanPropertyWriter.serializeAsField(BeanPropertyWriter.java:732)
	at com.fasterxml.jackson.databind.ser.std.BeanSerializerBase.serializeFields(BeanSerializerBase.java:770)
	at com.fasterxml.jackson.databind.ser.BeanSerializer.serialize(BeanSerializer.java:184)
	at com.fasterxml.jackson.databind.ser.BeanPropertyWriter.serializeAsField(BeanPropertyWriter.java:732)
	at com.fasterxml.jackson.databind.ser.std.BeanSerializerBase.serializeFields(BeanSerializerBase.java:770)
	at com.fasterxml.jackson.databind.ser.BeanSerializer.serialize(BeanSerializer.java:184)
	at com.fasterxml.jackson.databind.ser.std.CollectionSerializer.serializeContents(CollectionSerializer.java:145)
	at com.fasterxml.jackson.databind.ser.std.CollectionSerializer.serialize(CollectionSerializer.java:107)
	at com.fasterxml.jackson.databind.ser.std.CollectionSerializer.serialize(CollectionSerializer.java:25)
	at com.fasterxml.jackson.databind.ser.BeanPropertyWriter.serializeAsField(BeanPropertyWriter.java:732)
	at com.fasterxml.jackson.databind.ser.std.BeanSerializerBase.serializeFields(BeanSerializerBase.java:770)
	at com.fasterxml.jackson.databind.ser.BeanSerializer.serialize(BeanSerializer.java:184)
	at com.fasterxml.jackson.databind.ser.BeanPropertyWriter.serializeAsField(BeanPropertyWriter.java:732)
	at com.fasterxml.jackson.databind.ser.std.BeanSerializerBase.serializeFields(BeanSerializerBase.java:770)
	at com.fasterxml.jackson.databind.ser.BeanSerializer.serialize(BeanSerializer.java:184)
	at com.fasterxml.jackson.databind.ser.std.CollectionSerializer.serializeContents(CollectionSerializer.java:145)
	at com.fasterxml.jackson.databind.ser.std.CollectionSerializer.serialize(CollectionSerializer.java:107)
	at com.fasterxml.jackson.databind.ser.std.CollectionSerializer.serialize(CollectionSerializer.java:25)
	at com.fasterxml.jackson.databind.ser.BeanPropertyWriter.serializeAsField(BeanPropertyWriter.java:732)
	at com.fasterxml.jackson.databind.ser.std.BeanSerializerBase.serializeFields(BeanSerializerBase.java:770)
	at com.fasterxml.jackson.databind.ser.BeanSerializer.serialize(BeanSerializer.java:184)
	at com.fasterxml.jackson.databind.ser.BeanPropertyWriter.serializeAsField(BeanPropertyWriter.java:732)
	at com.fasterxml.jackson.databind.ser.std.BeanSerializerBase.serializeFields(BeanSerializerBase.java:770)
	at com.fasterxml.jackson.databind.ser.BeanSerializer.serialize(BeanSerializer.java:184)
	at com.fasterxml.jackson.databind.ser.std.CollectionSerializer.serializeContents(CollectionSerializer.java:145)
	at com.fasterxml.jackson.databind.ser.std.CollectionSerializer.serialize(CollectionSerializer.java:107)
	at com.fasterxml.jackson.databind.ser.std.CollectionSerializer.serialize(CollectionSerializer.java:25)
	at com.fasterxml.jackson.databind.ser.BeanPropertyWriter.serializeAsField(BeanPropertyWriter.java:732)
	at com.fasterxml.jackson.databind.ser.std.BeanSerializerBase.serializeFields(BeanSerializerBase.java:770)
	at com.fasterxml.jackson.databind.ser.BeanSerializer.serialize(BeanSerializer.java:184)
	at com.fasterxml.jackson.databind.ser.BeanPropertyWriter.serializeAsField(BeanPropertyWriter.java:732)
	at com.fasterxml.jackson.databind.ser.std.BeanSerializerBase.serializeFields(BeanSerializerBase.java:770)
	at com.fasterxml.jackson.databind.ser.BeanSerializer.serialize(BeanSerializer.java:184)
	at com.fasterxml.jackson.databind.ser.std.CollectionSerializer.serializeContents(CollectionSerializer.java:145)
	at com.fasterxml.jackson.databind.ser.std.CollectionSerializer.serialize(CollectionSerializer.java:107)
	at com.fasterxml.jackson.databind.ser.std.CollectionSerializer.serialize(CollectionSerializer.java:25)
	at com.fasterxml.jackson.databind.ser.BeanPropertyWriter.serializeAsField(BeanPropertyWriter.java:732)
	at com.fasterxml.jackson.databind.ser.std.BeanSerializerBase.serializeFields(BeanSerializerBase.java:770)
	at com.fasterxml.jackson.databind.ser.BeanSerializer.serialize(BeanSerializer.java:184)
	at com.fasterxml.jackson.databind.ser.BeanPropertyWriter.serializeAsField(BeanPropertyWriter.java:732)
	at com.fasterxml.jackson.databind.ser.std.BeanSerializerBase.serializeFields(BeanSerializerBase.java:770)
	at com.fasterxml.jackson.databind.ser.BeanSerializer.serialize(BeanSerializer.java:184)
	at com.fasterxml.jackson.databind.ser.std.CollectionSerializer.serializeContents(CollectionSerializer.java:145)
	at com.fasterxml.jackson.databind.ser.std.CollectionSerializer.serialize(CollectionSerializer.java:107)
	at com.fasterxml.jackson.databind.ser.std.CollectionSerializer.serialize(CollectionSerializer.java:25)
	at com.fasterxml.jackson.databind.ser.BeanPropertyWriter.serializeAsField(BeanPropertyWriter.java:732)
	at com.fasterxml.jackson.databind.ser.std.BeanSerializerBase.serializeFields(BeanSerializerBase.java:770)
	at com.fasterxml.jackson.databind.ser.BeanSerializer.serialize(BeanSerializer.java:184)
	at com.fasterxml.jackson.databind.ser.BeanPropertyWriter.serializeAsField(BeanPropertyWriter.java:732)
	at com.fasterxml.jackson.databind.ser.std.BeanSerializerBase.serializeFields(BeanSerializerBase.java:770)
	at com.fasterxml.jackson.databind.ser.BeanSerializer.serialize(BeanSerializer.java:184)
	at com.fasterxml.jackson.databind.ser.std.CollectionSerializer.serializeContents(CollectionSerializer.java:145)
	at com.fasterxml.jackson.databind.ser.std.CollectionSerializer.serialize(CollectionSerializer.java:107)
	at com.fasterxml.jackson.databind.ser.std.CollectionSerializer.serialize(CollectionSerializer.java:25)
	at com.fasterxml.jackson.databind.ser.BeanPropertyWriter.serializeAsField(BeanPropertyWriter.java:732)
	at com.fasterxml.jackson.databind.ser.std.BeanSerializerBase.serializeFields(BeanSerializerBase.java:770)
	at com.fasterxml.jackson.databind.ser.BeanSerializer.serialize(BeanSerializer.java:184)
	at com.fasterxml.jackson.databind.ser.BeanPropertyWriter.serializeAsField(BeanPropertyWriter.java:732)
	at com.fasterxml.jackson.databind.ser.std.BeanSerializerBase.serializeFields(BeanSerializerBase.java:770)
	at com.fasterxml.jackson.databind.ser.BeanSerializer.serialize(BeanSerializer.java:184)
	at com.fasterxml.jackson.databind.ser.std.CollectionSerializer.serializeContents(CollectionSerializer.java:145)
	at com.fasterxml.jackson.databind.ser.std.CollectionSerializer.serialize(CollectionSerializer.java:107)
	at com.fasterxml.jackson.databind.ser.std.CollectionSerializer.serialize(CollectionSerializer.java:25)
	at com.fasterxml.jackson.databind.ser.BeanPropertyWriter.serializeAsField(BeanPropertyWriter.java:732)
	at com.fasterxml.jackson.databind.ser.std.BeanSerializerBase.serializeFields(BeanSerializerBase.java:770)
	at com.fasterxml.jackson.databind.ser.BeanSerializer.serialize(BeanSerializer.java:184)
	at com.fasterxml.jackson.databind.ser.BeanPropertyWriter.serializeAsField(BeanPropertyWriter.java:732)
	at com.fasterxml.jackson.databind.ser.std.BeanSerializerBase.serializeFields(BeanSerializerBase.java:770)
	at com.fasterxml.jackson.databind.ser.BeanSerializer.serialize(BeanSerializer.java:184)
	at com.fasterxml.jackson.databind.ser.std.CollectionSerializer.serializeContents(CollectionSerializer.java:145)
	at com.fasterxml.jackson.databind.ser.std.CollectionSerializer.serialize(CollectionSerializer.java:107)
	at com.fasterxml.jackson.databind.ser.std.CollectionSerializer.serialize(CollectionSerializer.java:25)
	at com.fasterxml.jackson.databind.ser.BeanPropertyWriter.serializeAsField(BeanPropertyWriter.java:732)
	at com.fasterxml.jackson.databind.ser.std.BeanSerializerBase.serializeFields(BeanSerializerBase.java:770)
	at com.fasterxml.jackson.databind.ser.BeanSerializer.serialize(BeanSerializer.java:184)
	at com.fasterxml.jackson.databind.ser.BeanPropertyWriter.serializeAsField(BeanPropertyWriter.java:732)
	at com.fasterxml.jackson.databind.ser.std.BeanSerializerBase.serializeFields(BeanSerializerBase.java:770)
	at com.fasterxml.jackson.databind.ser.BeanSerializer.serialize(BeanSerializer.java:184)
	at com.fasterxml.jackson.databind.ser.std.CollectionSerializer.serializeContents(CollectionSerializer.java:145)
	at com.fasterxml.jackson.databind.ser.std.CollectionSerializer.serialize(CollectionSerializer.java:107)
	at com.fasterxml.jackson.databind.ser.std.CollectionSerializer.serialize(CollectionSerializer.java:25)
	at com.fasterxml.jackson.databind.ser.BeanPropertyWriter.serializeAsField(BeanPropertyWriter.java:732)
	at com.fasterxml.jackson.databind.ser.std.BeanSerializerBase.serializeFields(BeanSerializerBase.java:770)
	at com.fasterxml.jackson.databind.ser.BeanSerializer.serialize(BeanSerializer.java:184)
	at com.fasterxml.jackson.databind.ser.BeanPropertyWriter.serializeAsField(BeanPropertyWriter.java:732)
	at com.fasterxml.jackson.databind.ser.std.BeanSerializerBase.serializeFields(BeanSerializerBase.java:770)
	at com.fasterxml.jackson.databind.ser.BeanSerializer.serialize(BeanSerializer.java:184)
	at com.fasterxml.jackson.databind.ser.std.CollectionSerializer.serializeContents(CollectionSerializer.java:145)
	at com.fasterxml.jackson.databind.ser.std.CollectionSerializer.serialize(CollectionSerializer.java:107)
	at com.fasterxml.jackson.databind.ser.std.CollectionSerializer.serialize(CollectionSerializer.java:25)
	at com.fasterxml.jackson.databind.ser.BeanPropertyWriter.serializeAsField(BeanPropertyWriter.java:732)
	at com.fasterxml.jackson.databind.ser.std.BeanSerializerBase.serializeFields(BeanSerializerBase.java:770)
	at com.fasterxml.jackson.databind.ser.BeanSerializer.serialize(BeanSerializer.java:184)
	at com.fasterxml.jackson.databind.ser.BeanPropertyWriter.serializeAsField(BeanPropertyWriter.java:732)
	at com.fasterxml.jackson.databind.ser.std.BeanSerializerBase.serializeFields(BeanSerializerBase.java:770)
	at com.fasterxml.jackson.databind.ser.BeanSerializer.serialize(BeanSerializer.java:184)
	at com.fasterxml.jackson.databind.ser.std.CollectionSerializer.serializeContents(CollectionSerializer.java:145)
	at com.fasterxml.jackson.databind.ser.std.CollectionSerializer.serialize(CollectionSerializer.java:107)
	at com.fasterxml.jackson.databind.ser.std.CollectionSerializer.serialize(CollectionSerializer.java:25)
	at com.fasterxml.jackson.databind.ser.BeanPropertyWriter.serializeAsField(BeanPropertyWriter.java:732)
	at com.fasterxml.jackson.databind.ser.std.BeanSerializerBase.serializeFields(BeanSerializerBase.java:770)
	at com.fasterxml.jackson.databind.ser.BeanSerializer.serialize(BeanSerializer.java:184)
	at com.fasterxml.jackson.databind.ser.BeanPropertyWriter.serializeAsField(BeanPropertyWriter.java:732)
	at com.fasterxml.jackson.databind.ser.std.BeanSerializerBase.serializeFields(BeanSerializerBase.java:770)
	at com.fasterxml.jackson.databind.ser.BeanSerializer.serialize(BeanSerializer.java:184)
	at com.fasterxml.jackson.databind.ser.std.CollectionSerializer.serializeContents(CollectionSerializer.java:145)
	at com.fasterxml.jackson.databind.ser.std.CollectionSerializer.serialize(CollectionSerializer.java:107)
	at com.fasterxml.jackson.databind.ser.std.CollectionSerializer.serialize(CollectionSerializer.java:25)
	at com.fasterxml.jackson.databind.ser.BeanPropertyWriter.serializeAsField(BeanPropertyWriter.java:732)
	at com.fasterxml.jackson.databind.ser.std.BeanSerializerBase.serializeFields(BeanSerializerBase.java:770)
	at com.fasterxml.jackson.databind.ser.BeanSerializer.serialize(BeanSerializer.java:184)
	at com.fasterxml.jackson.databind.ser.BeanPropertyWriter.serializeAsField(BeanPropertyWriter.java:732)
	at com.fasterxml.jackson.databind.ser.std.BeanSerializerBase.serializeFields(BeanSerializerBase.java:770)
	at com.fasterxml.jackson.databind.ser.BeanSerializer.serialize(BeanSerializer.java:184)
	at com.fasterxml.jackson.databind.ser.std.CollectionSerializer.serializeContents(CollectionSerializer.java:145)
	at com.fasterxml.jackson.databind.ser.std.CollectionSerializer.serialize(CollectionSerializer.java:107)
	at com.fasterxml.jackson.databind.ser.std.CollectionSerializer.serialize(CollectionSerializer.java:25)
	at com.fasterxml.jackson.databind.ser.BeanPropertyWriter.serializeAsField(BeanPropertyWriter.java:732)
	at com.fasterxml.jackson.databind.ser.std.BeanSerializerBase.serializeFields(BeanSerializerBase.java:770)
	at com.fasterxml.jackson.databind.ser.BeanSerializer.serialize(BeanSerializer.java:184)
	at com.fasterxml.jackson.databind.ser.BeanPropertyWriter.serializeAsField(BeanPropertyWriter.java:732)
	at com.fasterxml.jackson.databind.ser.std.BeanSerializerBase.serializeFields(BeanSerializerBase.java:770)
	at com.fasterxml.jackson.databind.ser.BeanSerializer.serialize(BeanSerializer.java:184)
	at com.fasterxml.jackson.databind.ser.std.CollectionSerializer.serializeContents(CollectionSerializer.java:145)
	at com.fasterxml.jackson.databind.ser.std.CollectionSerializer.serialize(CollectionSerializer.java:107)
	at com.fasterxml.jackson.databind.ser.std.CollectionSerializer.serialize(CollectionSerializer.java:25)
	at com.fasterxml.jackson.databind.ser.BeanPropertyWriter.serializeAsField(BeanPropertyWriter.java:732)
	at com.fasterxml.jackson.databind.ser.std.BeanSerializerBase.serializeFields(BeanSerializerBase.java:770)
	at com.fasterxml.jackson.databind.ser.BeanSerializer.serialize(BeanSerializer.java:184)
	at com.fasterxml.jackson.databind.ser.BeanPropertyWriter.serializeAsField(BeanPropertyWriter.java:732)
	at com.fasterxml.jackson.databind.ser.std.BeanSerializerBase.serializeFields(BeanSerializerBase.java:770)
	at com.fasterxml.jackson.databind.ser.BeanSerializer.serialize(BeanSerializer.java:184)
	at com.fasterxml.jackson.databind.ser.std.CollectionSerializer.serializeContents(CollectionSerializer.java:145)
	at com.fasterxml.jackson.databind.ser.std.CollectionSerializer.serialize(CollectionSerializer.java:107)
	at com.fasterxml.jackson.databind.ser.std.CollectionSerializer.serialize(CollectionSerializer.java:25)
	at com.fasterxml.jackson.databind.ser.BeanPropertyWriter.serializeAsField(BeanPropertyWriter.java:732)
	at com.fasterxml.jackson.databind.ser.std.BeanSerializerBase.serializeFields(BeanSerializerBase.java:770)
	at com.fasterxml.jackson.databind.ser.BeanSerializer.serialize(BeanSerializer.java:184)
	at com.fasterxml.jackson.databind.ser.BeanPropertyWriter.serializeAsField(BeanPropertyWriter.java:732)
	at com.fasterxml.jackson.databind.ser.std.BeanSerializerBase.serializeFields(BeanSerializerBase.java:770)
	at com.fasterxml.jackson.databind.ser.BeanSerializer.serialize(BeanSerializer.java:184)
	at com.fasterxml.jackson.databind.ser.std.CollectionSerializer.serializeContents(CollectionSerializer.java:145)
	at com.fasterxml.jackson.databind.ser.std.CollectionSerializer.serialize(CollectionSerializer.java:107)
	at com.fasterxml.jackson.databind.ser.std.CollectionSerializer.serialize(CollectionSerializer.java:25)
	at com.fasterxml.jackson.databind.ser.BeanPropertyWriter.serializeAsField(BeanPropertyWriter.java:732)
	at com.fasterxml.jackson.databind.ser.std.BeanSerializerBase.serializeFields(BeanSerializerBase.java:770)
	at com.fasterxml.jackson.databind.ser.BeanSerializer.serialize(BeanSerializer.java:184)
	at com.fasterxml.jackson.databind.ser.BeanPropertyWriter.serializeAsField(BeanPropertyWriter.java:732)
	at com.fasterxml.jackson.databind.ser.std.BeanSerializerBase.serializeFields(BeanSerializerBase.java:770)
	at com.fasterxml.jackson.databind.ser.BeanSerializer.serialize(BeanSerializer.java:184)
	at com.fasterxml.jackson.databind.ser.std.CollectionSerializer.serializeContents(CollectionSerializer.java:145)
	at com.fasterxml.jackson.databind.ser.std.CollectionSerializer.serialize(CollectionSerializer.java:107)
	at com.fasterxml.jackson.databind.ser.std.CollectionSerializer.serialize(CollectionSerializer.java:25)
	at com.fasterxml.jackson.databind.ser.BeanPropertyWriter.serializeAsField(BeanPropertyWriter.java:732)
	at com.fasterxml.jackson.databind.ser.std.BeanSerializerBase.serializeFields(BeanSerializerBase.java:770)
	at com.fasterxml.jackson.databind.ser.BeanSerializer.serialize(BeanSerializer.java:184)
	at com.fasterxml.jackson.databind.ser.BeanPropertyWriter.serializeAsField(BeanPropertyWriter.java:732)
	at com.fasterxml.jackson.databind.ser.std.BeanSerializerBase.serializeFields(BeanSerializerBase.java:770)
	at com.fasterxml.jackson.databind.ser.BeanSerializer.serialize(BeanSerializer.java:184)
	at com.fasterxml.jackson.databind.ser.std.CollectionSerializer.serializeContents(CollectionSerializer.java:145)
	at com.fasterxml.jackson.databind.ser.std.CollectionSerializer.serialize(CollectionSerializer.java:107)
	at com.fasterxml.jackson.databind.ser.std.CollectionSerializer.serialize(CollectionSerializer.java:25)
	at com.fasterxml.jackson.databind.ser.BeanPropertyWriter.serializeAsField(BeanPropertyWriter.java:732)
	at com.fasterxml.jackson.databind.ser.std.BeanSerializerBase.serializeFields(BeanSerializerBase.java:770)
	at com.fasterxml.jackson.databind.ser.BeanSerializer.serialize(BeanSerializer.java:184)
	at com.fasterxml.jackson.databind.ser.BeanPropertyWriter.serializeAsField(BeanPropertyWriter.java:732)
	at com.fasterxml.jackson.databind.ser.std.BeanSerializerBase.serializeFields(BeanSerializerBase.java:770)
	at com.fasterxml.jackson.databind.ser.BeanSerializer.serialize(BeanSerializer.java:184)
	at com.fasterxml.jackson.databind.ser.std.CollectionSerializer.serializeContents(CollectionSerializer.java:145)
	at com.fasterxml.jackson.databind.ser.std.CollectionSerializer.serialize(CollectionSerializer.java:107)
	at com.fasterxml.jackson.databind.ser.std.CollectionSerializer.serialize(CollectionSerializer.java:25)
	at com.fasterxml.jackson.databind.ser.BeanPropertyWriter.serializeAsField(BeanPropertyWriter.java:732)
	at com.fasterxml.jackson.databind.ser.std.BeanSerializerBase.serializeFields(BeanSerializerBase.java:770)
	at com.fasterxml.jackson.databind.ser.BeanSerializer.serialize(BeanSerializer.java:184)
	at com.fasterxml.jackson.databind.ser.BeanPropertyWriter.serializeAsField(BeanPropertyWriter.java:732)
	at com.fasterxml.jackson.databind.ser.std.BeanSerializerBase.serializeFields(BeanSerializerBase.java:770)
	at com.fasterxml.jackson.databind.ser.BeanSerializer.serialize(BeanSerializer.java:184)
	at com.fasterxml.jackson.databind.ser.std.CollectionSerializer.serializeContents(CollectionSerializer.java:145)
	at com.fasterxml.jackson.databind.ser.std.CollectionSerializer.serialize(CollectionSerializer.java:107)
	at com.fasterxml.jackson.databind.ser.std.CollectionSerializer.serialize(CollectionSerializer.java:25)
	at com.fasterxml.jackson.databind.ser.BeanPropertyWriter.serializeAsField(BeanPropertyWriter.java:732)
	at com.fasterxml.jackson.databind.ser.std.BeanSerializerBase.serializeFields(BeanSerializerBase.java:770)
	at com.fasterxml.jackson.databind.ser.BeanSerializer.serialize(BeanSerializer.java:184)
	at com.fasterxml.jackson.databind.ser.BeanPropertyWriter.serializeAsField(BeanPropertyWriter.java:732)
	at com.fasterxml.jackson.databind.ser.std.BeanSerializerBase.serializeFields(BeanSerializerBase.java:770)
	at com.fasterxml.jackson.databind.ser.BeanSerializer.serialize(BeanSerializer.java:184)
	at com.fasterxml.jackson.databind.ser.std.CollectionSerializer.serializeContents(CollectionSerializer.java:145)
	at com.fasterxml.jackson.databind.ser.std.CollectionSerializer.serialize(CollectionSerializer.java:107)
	at com.fasterxml.jackson.databind.ser.std.CollectionSerializer.serialize(CollectionSerializer.java:25)
	at com.fasterxml.jackson.databind.ser.BeanPropertyWriter.serializeAsField(BeanPropertyWriter.java:732)
	at com.fasterxml.jackson.databind.ser.std.BeanSerializerBase.serializeFields(BeanSerializerBase.java:770)
	at com.fasterxml.jackson.databind.ser.BeanSerializer.serialize(BeanSerializer.java:184)
	at com.fasterxml.jackson.databind.ser.BeanPropertyWriter.serializeAsField(BeanPropertyWriter.java:732)
	at com.fasterxml.jackson.databind.ser.std.BeanSerializerBase.serializeFields(BeanSerializerBase.java:770)
	at com.fasterxml.jackson.databind.ser.BeanSerializer.serialize(BeanSerializer.java:184)
	at com.fasterxml.jackson.databind.ser.std.CollectionSerializer.serializeContents(CollectionSerializer.java:145)
	at com.fasterxml.jackson.databind.ser.std.CollectionSerializer.serialize(CollectionSerializer.java:107)
	at com.fasterxml.jackson.databind.ser.std.CollectionSerializer.serialize(CollectionSerializer.java:25)
	at com.fasterxml.jackson.databind.ser.BeanPropertyWriter.serializeAsField(BeanPropertyWriter.java:732)
	at com.fasterxml.jackson.databind.ser.std.BeanSerializerBase.serializeFields(BeanSerializerBase.java:770)
	at com.fasterxml.jackson.databind.ser.BeanSerializer.serialize(BeanSerializer.java:184)
	at com.fasterxml.jackson.databind.ser.BeanPropertyWriter.serializeAsField(BeanPropertyWriter.java:732)
	at com.fasterxml.jackson.databind.ser.std.BeanSerializerBase.serializeFields(BeanSerializerBase.java:770)
	at com.fasterxml.jackson.databind.ser.BeanSerializer.serialize(BeanSerializer.java:184)
	at com.fasterxml.jackson.databind.ser.std.CollectionSerializer.serializeContents(CollectionSerializer.java:145)
	at com.fasterxml.jackson.databind.ser.std.CollectionSerializer.serialize(CollectionSerializer.java:107)
	at com.fasterxml.jackson.databind.ser.std.CollectionSerializer.serialize(CollectionSerializer.java:25)
	at com.fasterxml.jackson.databind.ser.BeanPropertyWriter.serializeAsField(BeanPropertyWriter.java:732)
	at com.fasterxml.jackson.databind.ser.std.BeanSerializerBase.serializeFields(BeanSerializerBase.java:770)
	at com.fasterxml.jackson.databind.ser.BeanSerializer.serialize(BeanSerializer.java:184)
	at com.fasterxml.jackson.databind.ser.BeanPropertyWriter.serializeAsField(BeanPropertyWriter.java:732)
	at com.fasterxml.jackson.databind.ser.std.BeanSerializerBase.serializeFields(BeanSerializerBase.java:770)
	at com.fasterxml.jackson.databind.ser.BeanSerializer.serialize(BeanSerializer.java:184)
	at com.fasterxml.jackson.databind.ser.std.CollectionSerializer.serializeContents(CollectionSerializer.java:145)
	at com.fasterxml.jackson.databind.ser.std.CollectionSerializer.serialize(CollectionSerializer.java:107)
	at com.fasterxml.jackson.databind.ser.std.CollectionSerializer.serialize(CollectionSerializer.java:25)
	at com.fasterxml.jackson.databind.ser.BeanPropertyWriter.serializeAsField(BeanPropertyWriter.java:732)
	at com.fasterxml.jackson.databind.ser.std.BeanSerializerBase.serializeFields(BeanSerializerBase.java:770)
	at com.fasterxml.jackson.databind.ser.BeanSerializer.serialize(BeanSerializer.java:184)
	at com.fasterxml.jackson.databind.ser.BeanPropertyWriter.serializeAsField(BeanPropertyWriter.java:732)
	at com.fasterxml.jackson.databind.ser.std.BeanSerializerBase.serializeFields(BeanSerializerBase.java:770)
	at com.fasterxml.jackson.databind.ser.BeanSerializer.serialize(BeanSerializer.java:184)
	at com.fasterxml.jackson.databind.ser.std.CollectionSerializer.serializeContents(CollectionSerializer.java:145)
	at com.fasterxml.jackson.databind.ser.std.CollectionSerializer.serialize(CollectionSerializer.java:107)
	at com.fasterxml.jackson.databind.ser.std.CollectionSerializer.serialize(CollectionSerializer.java:25)
	at com.fasterxml.jackson.databind.ser.BeanPropertyWriter.serializeAsField(BeanPropertyWriter.java:732)
	at com.fasterxml.jackson.databind.ser.std.BeanSerializerBase.serializeFields(BeanSerializerBase.java:770)
	at com.fasterxml.jackson.databind.ser.BeanSerializer.serialize(BeanSerializer.java:184)
	at com.fasterxml.jackson.databind.ser.BeanPropertyWriter.serializeAsField(BeanPropertyWriter.java:732)
	at com.fasterxml.jackson.databind.ser.std.BeanSerializerBase.serializeFields(BeanSerializerBase.java:770)
	at com.fasterxml.jackson.databind.ser.BeanSerializer.serialize(BeanSerializer.java:184)
	at com.fasterxml.jackson.databind.ser.std.CollectionSerializer.serializeContents(CollectionSerializer.java:145)
	at com.fasterxml.jackson.databind.ser.std.CollectionSerializer.serialize(CollectionSerializer.java:107)
	at com.fasterxml.jackson.databind.ser.std.CollectionSerializer.serialize(CollectionSerializer.java:25)
	at com.fasterxml.jackson.databind.ser.BeanPropertyWriter.serializeAsField(BeanPropertyWriter.java:732)
	at com.fasterxml.jackson.databind.ser.std.BeanSerializerBase.serializeFields(BeanSerializerBase.java:770)
	at com.fasterxml.jackson.databind.ser.BeanSerializer.serialize(BeanSerializer.java:184)
	at com.fasterxml.jackson.databind.ser.BeanPropertyWriter.serializeAsField(BeanPropertyWriter.java:732)
	at com.fasterxml.jackson.databind.ser.std.BeanSerializerBase.serializeFields(BeanSerializerBase.java:770)
	at com.fasterxml.jackson.databind.ser.BeanSerializer.serialize(BeanSerializer.java:184)
	at com.fasterxml.jackson.databind.ser.std.CollectionSerializer.serializeContents(CollectionSerializer.java:145)
	at com.fasterxml.jackson.databind.ser.std.CollectionSerializer.serialize(CollectionSerializer.java:107)
	at com.fasterxml.jackson.databind.ser.std.CollectionSerializer.serialize(CollectionSerializer.java:25)
	at com.fasterxml.jackson.databind.ser.BeanPropertyWriter.serializeAsField(BeanPropertyWriter.java:732)
	at com.fasterxml.jackson.databind.ser.std.BeanSerializerBase.serializeFields(BeanSerializerBase.java:770)
	at com.fasterxml.jackson.databind.ser.BeanSerializer.serialize(BeanSerializer.java:184)
	at com.fasterxml.jackson.databind.ser.BeanPropertyWriter.serializeAsField(BeanPropertyWriter.java:732)
	at com.fasterxml.jackson.databind.ser.std.BeanSerializerBase.serializeFields(BeanSerializerBase.java:770)
	at com.fasterxml.jackson.databind.ser.BeanSerializer.serialize(BeanSerializer.java:184)
	at com.fasterxml.jackson.databind.ser.std.CollectionSerializer.serializeContents(CollectionSerializer.java:145)
	at com.fasterxml.jackson.databind.ser.std.CollectionSerializer.serialize(CollectionSerializer.java:107)
	at com.fasterxml.jackson.databind.ser.std.CollectionSerializer.serialize(CollectionSerializer.java:25)
	at com.fasterxml.jackson.databind.ser.BeanPropertyWriter.serializeAsField(BeanPropertyWriter.java:732)
	at com.fasterxml.jackson.databind.ser.std.BeanSerializerBase.serializeFields(BeanSerializerBase.java:770)
	at com.fasterxml.jackson.databind.ser.BeanSerializer.serialize(BeanSerializer.java:184)
	at com.fasterxml.jackson.databind.ser.BeanPropertyWriter.serializeAsField(BeanPropertyWriter.java:732)
	at com.fasterxml.jackson.databind.ser.std.BeanSerializerBase.serializeFields(BeanSerializerBase.java:770)
	at com.fasterxml.jackson.databind.ser.BeanSerializer.serialize(BeanSerializer.java:184)
	at com.fasterxml.jackson.databind.ser.std.CollectionSerializer.serializeContents(CollectionSerializer.java:145)
	at com.fasterxml.jackson.databind.ser.std.CollectionSerializer.serialize(CollectionSerializer.java:107)
	at com.fasterxml.jackson.databind.ser.std.CollectionSerializer.serialize(CollectionSerializer.java:25)
	at com.fasterxml.jackson.databind.ser.BeanPropertyWriter.serializeAsField(BeanPropertyWriter.java:732)
	at com.fasterxml.jackson.databind.ser.std.BeanSerializerBase.serializeFields(BeanSerializerBase.java:770)
	at com.fasterxml.jackson.databind.ser.BeanSerializer.serialize(BeanSerializer.java:184)
	at com.fasterxml.jackson.databind.ser.BeanPropertyWriter.serializeAsField(BeanPropertyWriter.java:732)
	at com.fasterxml.jackson.databind.ser.std.BeanSerializerBase.serializeFields(BeanSerializerBase.java:770)
	at com.fasterxml.jackson.databind.ser.BeanSerializer.serialize(BeanSerializer.java:184)
	at com.fasterxml.jackson.databind.ser.std.CollectionSerializer.serializeContents(CollectionSerializer.java:145)
	at com.fasterxml.jackson.databind.ser.std.CollectionSerializer.serialize(CollectionSerializer.java:107)
	at com.fasterxml.jackson.databind.ser.std.CollectionSerializer.serialize(CollectionSerializer.java:25)
	at com.fasterxml.jackson.databind.ser.BeanPropertyWriter.serializeAsField(BeanPropertyWriter.java:732)
	at com.fasterxml.jackson.databind.ser.std.BeanSerializerBase.serializeFields(BeanSerializerBase.java:770)
	at com.fasterxml.jackson.databind.ser.BeanSerializer.serialize(BeanSerializer.java:184)
	at com.fasterxml.jackson.databind.ser.BeanPropertyWriter.serializeAsField(BeanPropertyWriter.java:732)
	at com.fasterxml.jackson.databind.ser.std.BeanSerializerBase.serializeFields(BeanSerializerBase.java:770)
	at com.fasterxml.jackson.databind.ser.BeanSerializer.serialize(BeanSerializer.java:184)
	at com.fasterxml.jackson.databind.ser.std.CollectionSerializer.serializeContents(CollectionSerializer.java:145)
	at com.fasterxml.jackson.databind.ser.std.CollectionSerializer.serialize(CollectionSerializer.java:107)
	at com.fasterxml.jackson.databind.ser.std.CollectionSerializer.serialize(CollectionSerializer.java:25)
	at com.fasterxml.jackson.databind.ser.BeanPropertyWriter.serializeAsField(BeanPropertyWriter.java:732)
	at com.fasterxml.jackson.databind.ser.std.BeanSerializerBase.serializeFields(BeanSerializerBase.java:770)
	at com.fasterxml.jackson.databind.ser.BeanSerializer.serialize(BeanSerializer.java:184)
	at com.fasterxml.jackson.databind.ser.BeanPropertyWriter.serializeAsField(BeanPropertyWriter.java:732)
	at com.fasterxml.jackson.databind.ser.std.BeanSerializerBase.serializeFields(BeanSerializerBase.java:770)
	at com.fasterxml.jackson.databind.ser.BeanSerializer.serialize(BeanSerializer.java:184)
	at com.fasterxml.jackson.databind.ser.std.CollectionSerializer.serializeContents(CollectionSerializer.java:145)
	at com.fasterxml.jackson.databind.ser.std.CollectionSerializer.serialize(CollectionSerializer.java:107)
	at com.fasterxml.jackson.databind.ser.std.CollectionSerializer.serialize(CollectionSerializer.java:25)
	at com.fasterxml.jackson.databind.ser.BeanPropertyWriter.serializeAsField(BeanPropertyWriter.java:732)
	at com.fasterxml.jackson.databind.ser.std.BeanSerializerBase.serializeFields(BeanSerializerBase.java:770)
	at com.fasterxml.jackson.databind.ser.BeanSerializer.serialize(BeanSerializer.java:184)
	at com.fasterxml.jackson.databind.ser.BeanPropertyWriter.serializeAsField(BeanPropertyWriter.java:732)
	at com.fasterxml.jackson.databind.ser.std.BeanSerializerBase.serializeFields(BeanSerializerBase.java:770)
	at com.fasterxml.jackson.databind.ser.BeanSerializer.serialize(BeanSerializer.java:184)
	at com.fasterxml.jackson.databind.ser.std.CollectionSerializer.serializeContents(CollectionSerializer.java:145)
	at com.fasterxml.jackson.databind.ser.std.CollectionSerializer.serialize(CollectionSerializer.java:107)
	at com.fasterxml.jackson.databind.ser.std.CollectionSerializer.serialize(CollectionSerializer.java:25)
	at com.fasterxml.jackson.databind.ser.BeanPropertyWriter.serializeAsField(BeanPropertyWriter.java:732)
	at com.fasterxml.jackson.databind.ser.std.BeanSerializerBase.serializeFields(BeanSerializerBase.java:770)
	at com.fasterxml.jackson.databind.ser.BeanSerializer.serialize(BeanSerializer.java:184)
	at com.fasterxml.jackson.databind.ser.BeanPropertyWriter.serializeAsField(BeanPropertyWriter.java:732)
	at com.fasterxml.jackson.databind.ser.std.BeanSerializerBase.serializeFields(BeanSerializerBase.java:770)
	at com.fasterxml.jackson.databind.ser.BeanSerializer.serialize(BeanSerializer.java:184)
	at com.fasterxml.jackson.databind.ser.std.CollectionSerializer.serializeContents(CollectionSerializer.java:145)
	at com.fasterxml.jackson.databind.ser.std.CollectionSerializer.serialize(CollectionSerializer.java:107)
	at com.fasterxml.jackson.databind.ser.std.CollectionSerializer.serialize(CollectionSerializer.java:25)
	at com.fasterxml.jackson.databind.ser.BeanPropertyWriter.serializeAsField(BeanPropertyWriter.java:732)
	at com.fasterxml.jackson.databind.ser.std.BeanSerializerBase.serializeFields(BeanSerializerBase.java:770)
	at com.fasterxml.jackson.databind.ser.BeanSerializer.serialize(BeanSerializer.java:184)
	at com.fasterxml.jackson.databind.ser.BeanPropertyWriter.serializeAsField(BeanPropertyWriter.java:732)
	at com.fasterxml.jackson.databind.ser.std.BeanSerializerBase.serializeFields(BeanSerializerBase.java:770)
	at com.fasterxml.jackson.databind.ser.BeanSerializer.serialize(BeanSerializer.java:184)
	at com.fasterxml.jackson.databind.ser.std.CollectionSerializer.serializeContents(CollectionSerializer.java:145)
	at com.fasterxml.jackson.databind.ser.std.CollectionSerializer.serialize(CollectionSerializer.java:107)
	at com.fasterxml.jackson.databind.ser.std.CollectionSerializer.serialize(CollectionSerializer.java:25)
	at com.fasterxml.jackson.databind.ser.BeanPropertyWriter.serializeAsField(BeanPropertyWriter.java:732)
	at com.fasterxml.jackson.databind.ser.std.BeanSerializerBase.serializeFields(BeanSerializerBase.java:770)
	at com.fasterxml.jackson.databind.ser.BeanSerializer.serialize(BeanSerializer.java:184)
	at com.fasterxml.jackson.databind.ser.BeanPropertyWriter.serializeAsField(BeanPropertyWriter.java:732)
	at com.fasterxml.jackson.databind.ser.std.BeanSerializerBase.serializeFields(BeanSerializerBase.java:770)
	at com.fasterxml.jackson.databind.ser.BeanSerializer.serialize(BeanSerializer.java:184)
	at com.fasterxml.jackson.databind.ser.std.CollectionSerializer.serializeContents(CollectionSerializer.java:145)
	at com.fasterxml.jackson.databind.ser.std.CollectionSerializer.serialize(CollectionSerializer.java:107)
	at com.fasterxml.jackson.databind.ser.std.CollectionSerializer.serialize(CollectionSerializer.java:25)
	at com.fasterxml.jackson.databind.ser.BeanPropertyWriter.serializeAsField(BeanPropertyWriter.java:732)
	at com.fasterxml.jackson.databind.ser.std.BeanSerializerBase.serializeFields(BeanSerializerBase.java:770)
	at com.fasterxml.jackson.databind.ser.BeanSerializer.serialize(BeanSerializer.java:184)
	at com.fasterxml.jackson.databind.ser.BeanPropertyWriter.serializeAsField(BeanPropertyWriter.java:732)
	at com.fasterxml.jackson.databind.ser.std.BeanSerializerBase.serializeFields(BeanSerializerBase.java:770)
	at com.fasterxml.jackson.databind.ser.BeanSerializer.serialize(BeanSerializer.java:184)
	at com.fasterxml.jackson.databind.ser.std.CollectionSerializer.serializeContents(CollectionSerializer.java:145)
	at com.fasterxml.jackson.databind.ser.std.CollectionSerializer.serialize(CollectionSerializer.java:107)
	at com.fasterxml.jackson.databind.ser.std.CollectionSerializer.serialize(CollectionSerializer.java:25)
	at com.fasterxml.jackson.databind.ser.BeanPropertyWriter.serializeAsField(BeanPropertyWriter.java:732)
	at com.fasterxml.jackson.databind.ser.std.BeanSerializerBase.serializeFields(BeanSerializerBase.java:770)
	at com.fasterxml.jackson.databind.ser.BeanSerializer.serialize(BeanSerializer.java:184)
	at com.fasterxml.jackson.databind.ser.BeanPropertyWriter.serializeAsField(BeanPropertyWriter.java:732)
	at com.fasterxml.jackson.databind.ser.std.BeanSerializerBase.serializeFields(BeanSerializerBase.java:770)
	at com.fasterxml.jackson.databind.ser.BeanSerializer.serialize(BeanSerializer.java:184)
	at com.fasterxml.jackson.databind.ser.std.CollectionSerializer.serializeContents(CollectionSerializer.java:145)
	at com.fasterxml.jackson.databind.ser.std.CollectionSerializer.serialize(CollectionSerializer.java:107)
	at com.fasterxml.jackson.databind.ser.std.CollectionSerializer.serialize(CollectionSerializer.java:25)
	at com.fasterxml.jackson.databind.ser.BeanPropertyWriter.serializeAsField(BeanPropertyWriter.java:732)
	at com.fasterxml.jackson.databind.ser.std.BeanSerializerBase.serializeFields(BeanSerializerBase.java:770)
	at com.fasterxml.jackson.databind.ser.BeanSerializer.serialize(BeanSerializer.java:184)
	at com.fasterxml.jackson.databind.ser.BeanPropertyWriter.serializeAsField(BeanPropertyWriter.java:732)
	at com.fasterxml.jackson.databind.ser.std.BeanSerializerBase.serializeFields(BeanSerializerBase.java:770)
	at com.fasterxml.jackson.databind.ser.BeanSerializer.serialize(BeanSerializer.java:184)
	at com.fasterxml.jackson.databind.ser.std.CollectionSerializer.serializeContents(CollectionSerializer.java:145)
	at com.fasterxml.jackson.databind.ser.std.CollectionSerializer.serialize(CollectionSerializer.java:107)
	at com.fasterxml.jackson.databind.ser.std.CollectionSerializer.serialize(CollectionSerializer.java:25)
	at com.fasterxml.jackson.databind.ser.BeanPropertyWriter.serializeAsField(BeanPropertyWriter.java:732)
	at com.fasterxml.jackson.databind.ser.std.BeanSerializerBase.serializeFields(BeanSerializerBase.java:770)
	at com.fasterxml.jackson.databind.ser.BeanSerializer.serialize(BeanSerializer.java:184)
	at com.fasterxml.jackson.databind.ser.BeanPropertyWriter.serializeAsField(BeanPropertyWriter.java:732)
	at com.fasterxml.jackson.databind.ser.std.BeanSerializerBase.serializeFields(BeanSerializerBase.java:770)
	at com.fasterxml.jackson.databind.ser.BeanSerializer.serialize(BeanSerializer.java:184)
	at com.fasterxml.jackson.databind.ser.std.CollectionSerializer.serializeContents(CollectionSerializer.java:145)
	at com.fasterxml.jackson.databind.ser.std.CollectionSerializer.serialize(CollectionSerializer.java:107)
	at com.fasterxml.jackson.databind.ser.std.CollectionSerializer.serialize(CollectionSerializer.java:25)
	at com.fasterxml.jackson.databind.ser.BeanPropertyWriter.serializeAsField(BeanPropertyWriter.java:732)
	at com.fasterxml.jackson.databind.ser.std.BeanSerializerBase.serializeFields(BeanSerializerBase.java:770)
	at com.fasterxml.jackson.databind.ser.BeanSerializer.serialize(BeanSerializer.java:184)
	at com.fasterxml.jackson.databind.ser.BeanPropertyWriter.serializeAsField(BeanPropertyWriter.java:732)
	at com.fasterxml.jackson.databind.ser.std.BeanSerializerBase.serializeFields(BeanSerializerBase.java:770)
	at com.fasterxml.jackson.databind.ser.BeanSerializer.serialize(BeanSerializer.java:184)
	at com.fasterxml.jackson.databind.ser.std.CollectionSerializer.serializeContents(CollectionSerializer.java:145)
	at com.fasterxml.jackson.databind.ser.std.CollectionSerializer.serialize(CollectionSerializer.java:107)
	at com.fasterxml.jackson.databind.ser.std.CollectionSerializer.serialize(CollectionSerializer.java:25)
	at com.fasterxml.jackson.databind.ser.BeanPropertyWriter.serializeAsField(BeanPropertyWriter.java:732)
	at com.fasterxml.jackson.databind.ser.std.BeanSerializerBase.serializeFields(BeanSerializerBase.java:770)
	at com.fasterxml.jackson.databind.ser.BeanSerializer.serialize(BeanSerializer.java:184)
	at com.fasterxml.jackson.databind.ser.BeanPropertyWriter.serializeAsField(BeanPropertyWriter.java:732)
	at com.fasterxml.jackson.databind.ser.std.BeanSerializerBase.serializeFields(BeanSerializerBase.java:770)
	at com.fasterxml.jackson.databind.ser.BeanSerializer.serialize(BeanSerializer.java:184)
	at com.fasterxml.jackson.databind.ser.std.CollectionSerializer.serializeContents(CollectionSerializer.java:145)
	at com.fasterxml.jackson.databind.ser.std.CollectionSerializer.serialize(CollectionSerializer.java:107)
	at com.fasterxml.jackson.databind.ser.std.CollectionSerializer.serialize(CollectionSerializer.java:25)
	at com.fasterxml.jackson.databind.ser.BeanPropertyWriter.serializeAsField(BeanPropertyWriter.java:732)
	at com.fasterxml.jackson.databind.ser.std.BeanSerializerBase.serializeFields(BeanSerializerBase.java:770)
	at com.fasterxml.jackson.databind.ser.BeanSerializer.serialize(BeanSerializer.java:184)
	at com.fasterxml.jackson.databind.ser.BeanPropertyWriter.serializeAsField(BeanPropertyWriter.java:732)
	at com.fasterxml.jackson.databind.ser.std.BeanSerializerBase.serializeFields(BeanSerializerBase.java:770)
	at com.fasterxml.jackson.databind.ser.BeanSerializer.serialize(BeanSerializer.java:184)
	at com.fasterxml.jackson.databind.ser.std.CollectionSerializer.serializeContents(CollectionSerializer.java:145)
	at com.fasterxml.jackson.databind.ser.std.CollectionSerializer.serialize(CollectionSerializer.java:107)
	at com.fasterxml.jackson.databind.ser.std.CollectionSerializer.serialize(CollectionSerializer.java:25)
	at com.fasterxml.jackson.databind.ser.BeanPropertyWriter.serializeAsField(BeanPropertyWriter.java:732)
	at com.fasterxml.jackson.databind.ser.std.BeanSerializerBase.serializeFields(BeanSerializerBase.java:770)
	at com.fasterxml.jackson.databind.ser.BeanSerializer.serialize(BeanSerializer.java:184)
	at com.fasterxml.jackson.databind.ser.BeanPropertyWriter.serializeAsField(BeanPropertyWriter.java:732)
	at com.fasterxml.jackson.databind.ser.std.BeanSerializerBase.serializeFields(BeanSerializerBase.java:770)
	at com.fasterxml.jackson.databind.ser.BeanSerializer.serialize(BeanSerializer.java:184)
	at com.fasterxml.jackson.databind.ser.std.CollectionSerializer.serializeContents(CollectionSerializer.java:145)
	at com.fasterxml.jackson.databind.ser.std.CollectionSerializer.serialize(CollectionSerializer.java:107)
	at com.fasterxml.jackson.databind.ser.std.CollectionSerializer.serialize(CollectionSerializer.java:25)
	at com.fasterxml.jackson.databind.ser.BeanPropertyWriter.serializeAsField(BeanPropertyWriter.java:732)
	at com.fasterxml.jackson.databind.ser.std.BeanSerializerBase.serializeFields(BeanSerializerBase.java:770)
	at com.fasterxml.jackson.databind.ser.BeanSerializer.serialize(BeanSerializer.java:184)
	at com.fasterxml.jackson.databind.ser.BeanPropertyWriter.serializeAsField(BeanPropertyWriter.java:732)
	at com.fasterxml.jackson.databind.ser.std.BeanSerializerBase.serializeFields(BeanSerializerBase.java:770)
	at com.fasterxml.jackson.databind.ser.BeanSerializer.serialize(BeanSerializer.java:184)
	at com.fasterxml.jackson.databind.ser.std.CollectionSerializer.serializeContents(CollectionSerializer.java:145)
	at com.fasterxml.jackson.databind.ser.std.CollectionSerializer.serialize(CollectionSerializer.java:107)
	at com.fasterxml.jackson.databind.ser.std.CollectionSerializer.serialize(CollectionSerializer.java:25)
	at com.fasterxml.jackson.databind.ser.BeanPropertyWriter.serializeAsField(BeanPropertyWriter.java:732)
	at com.fasterxml.jackson.databind.ser.std.BeanSerializerBase.serializeFields(BeanSerializerBase.java:770)
	at com.fasterxml.jackson.databind.ser.BeanSerializer.serialize(BeanSerializer.java:184)
	at com.fasterxml.jackson.databind.ser.BeanPropertyWriter.serializeAsField(BeanPropertyWriter.java:732)
	at com.fasterxml.jackson.databind.ser.std.BeanSerializerBase.serializeFields(BeanSerializerBase.java:770)
	at com.fasterxml.jackson.databind.ser.BeanSerializer.serialize(BeanSerializer.java:184)
	at com.fasterxml.jackson.databind.ser.std.CollectionSerializer.serializeContents(CollectionSerializer.java:145)
	at com.fasterxml.jackson.databind.ser.std.CollectionSerializer.serialize(CollectionSerializer.java:107)
	at com.fasterxml.jackson.databind.ser.std.CollectionSerializer.serialize(CollectionSerializer.java:25)
	at com.fasterxml.jackson.databind.ser.BeanPropertyWriter.serializeAsField(BeanPropertyWriter.java:732)
	at com.fasterxml.jackson.databind.ser.std.BeanSerializerBase.serializeFields(BeanSerializerBase.java:770)
	at com.fasterxml.jackson.databind.ser.BeanSerializer.serialize(BeanSerializer.java:184)
	at com.fasterxml.jackson.databind.ser.BeanPropertyWriter.serializeAsField(BeanPropertyWriter.java:732)
	at com.fasterxml.jackson.databind.ser.std.BeanSerializerBase.serializeFields(BeanSerializerBase.java:770)
	at com.fasterxml.jackson.databind.ser.BeanSerializer.serialize(BeanSerializer.java:184)
	at com.fasterxml.jackson.databind.ser.std.CollectionSerializer.serializeContents(CollectionSerializer.java:145)
	at com.fasterxml.jackson.databind.ser.std.CollectionSerializer.serialize(CollectionSerializer.java:107)
	at com.fasterxml.jackson.databind.ser.std.CollectionSerializer.serialize(CollectionSerializer.java:25)
	at com.fasterxml.jackson.databind.ser.BeanPropertyWriter.serializeAsField(BeanPropertyWriter.java:732)
	at com.fasterxml.jackson.databind.ser.std.BeanSerializerBase.serializeFields(BeanSerializerBase.java:770)
	at com.fasterxml.jackson.databind.ser.BeanSerializer.serialize(BeanSerializer.java:184)
	at com.fasterxml.jackson.databind.ser.BeanPropertyWriter.serializeAsField(BeanPropertyWriter.java:732)
	at com.fasterxml.jackson.databind.ser.std.BeanSerializerBase.serializeFields(BeanSerializerBase.java:770)
	at com.fasterxml.jackson.databind.ser.BeanSerializer.serialize(BeanSerializer.java:184)
	at com.fasterxml.jackson.databind.ser.std.CollectionSerializer.serializeContents(CollectionSerializer.java:145)
	at com.fasterxml.jackson.databind.ser.std.CollectionSerializer.serialize(CollectionSerializer.java:107)
	at com.fasterxml.jackson.databind.ser.std.CollectionSerializer.serialize(CollectionSerializer.java:25)
	at com.fasterxml.jackson.databind.ser.BeanPropertyWriter.serializeAsField(BeanPropertyWriter.java:732)
	at com.fasterxml.jackson.databind.ser.std.BeanSerializerBase.serializeFields(BeanSerializerBase.java:770)
	at com.fasterxml.jackson.databind.ser.BeanSerializer.serialize(BeanSerializer.java:184)
	at com.fasterxml.jackson.databind.ser.BeanPropertyWriter.serializeAsField(BeanPropertyWriter.java:732)
	at com.fasterxml.jackson.databind.ser.std.BeanSerializerBase.serializeFields(BeanSerializerBase.java:770)
	at com.fasterxml.jackson.databind.ser.BeanSerializer.serialize(BeanSerializer.java:184)
	at com.fasterxml.jackson.databind.ser.std.CollectionSerializer.serializeContents(CollectionSerializer.java:145)
	at com.fasterxml.jackson.databind.ser.std.CollectionSerializer.serialize(CollectionSerializer.java:107)
	at com.fasterxml.jackson.databind.ser.std.CollectionSerializer.serialize(CollectionSerializer.java:25)
	at com.fasterxml.jackson.databind.ser.BeanPropertyWriter.serializeAsField(BeanPropertyWriter.java:732)
	at com.fasterxml.jackson.databind.ser.std.BeanSerializerBase.serializeFields(BeanSerializerBase.java:770)
	at com.fasterxml.jackson.databind.ser.BeanSerializer.serialize(BeanSerializer.java:184)
	at com.fasterxml.jackson.databind.ser.BeanPropertyWriter.serializeAsField(BeanPropertyWriter.java:732)
	at com.fasterxml.jackson.databind.ser.std.BeanSerializerBase.serializeFields(BeanSerializerBase.java:770)
	at com.fasterxml.jackson.databind.ser.BeanSerializer.serialize(BeanSerializer.java:184)
	at com.fasterxml.jackson.databind.ser.std.CollectionSerializer.serializeContents(CollectionSerializer.java:145)
	at com.fasterxml.jackson.databind.ser.std.CollectionSerializer.serialize(CollectionSerializer.java:107)
	at com.fasterxml.jackson.databind.ser.std.CollectionSerializer.serialize(CollectionSerializer.java:25)
	at com.fasterxml.jackson.databind.ser.BeanPropertyWriter.serializeAsField(BeanPropertyWriter.java:732)
	at com.fasterxml.jackson.databind.ser.std.BeanSerializerBase.serializeFields(BeanSerializerBase.java:770)
	at com.fasterxml.jackson.databind.ser.BeanSerializer.serialize(BeanSerializer.java:184)
	at com.fasterxml.jackson.databind.ser.BeanPropertyWriter.serializeAsField(BeanPropertyWriter.java:732)
	at com.fasterxml.jackson.databind.ser.std.BeanSerializerBase.serializeFields(BeanSerializerBase.java:770)
	at com.fasterxml.jackson.databind.ser.BeanSerializer.serialize(BeanSerializer.java:184)
	at com.fasterxml.jackson.databind.ser.std.CollectionSerializer.serializeContents(CollectionSerializer.java:145)
	at com.fasterxml.jackson.databind.ser.std.CollectionSerializer.serialize(CollectionSerializer.java:107)
	at com.fasterxml.jackson.databind.ser.std.CollectionSerializer.serialize(CollectionSerializer.java:25)
	at com.fasterxml.jackson.databind.ser.BeanPropertyWriter.serializeAsField(BeanPropertyWriter.java:732)
	at com.fasterxml.jackson.databind.ser.std.BeanSerializerBase.serializeFields(BeanSerializerBase.java:770)
	at com.fasterxml.jackson.databind.ser.BeanSerializer.serialize(BeanSerializer.java:184)
	at com.fasterxml.jackson.databind.ser.BeanPropertyWriter.serializeAsField(BeanPropertyWriter.java:732)
	at com.fasterxml.jackson.databind.ser.std.BeanSerializerBase.serializeFields(BeanSerializerBase.java:770)
	at com.fasterxml.jackson.databind.ser.BeanSerializer.serialize(BeanSerializer.java:184)
	at com.fasterxml.jackson.databind.ser.std.CollectionSerializer.serializeContents(CollectionSerializer.java:145)
	at com.fasterxml.jackson.databind.ser.std.CollectionSerializer.serialize(CollectionSerializer.java:107)
	at com.fasterxml.jackson.databind.ser.std.CollectionSerializer.serialize(CollectionSerializer.java:25)
	at com.fasterxml.jackson.databind.ser.BeanPropertyWriter.serializeAsField(BeanPropertyWriter.java:732)
	at com.fasterxml.jackson.databind.ser.std.BeanSerializerBase.serializeFields(BeanSerializerBase.java:770)
	at com.fasterxml.jackson.databind.ser.BeanSerializer.serialize(BeanSerializer.java:184)
	at com.fasterxml.jackson.databind.ser.BeanPropertyWriter.serializeAsField(BeanPropertyWriter.java:732)
	at com.fasterxml.jackson.databind.ser.std.BeanSerializerBase.serializeFields(BeanSerializerBase.java:770)
	at com.fasterxml.jackson.databind.ser.BeanSerializer.serialize(BeanSerializer.java:184)
	at com.fasterxml.jackson.databind.ser.std.CollectionSerializer.serializeContents(CollectionSerializer.java:145)
	at com.fasterxml.jackson.databind.ser.std.CollectionSerializer.serialize(CollectionSerializer.java:107)
	at com.fasterxml.jackson.databind.ser.std.CollectionSerializer.serialize(CollectionSerializer.java:25)
	at com.fasterxml.jackson.databind.ser.BeanPropertyWriter.serializeAsField(BeanPropertyWriter.java:732)
	at com.fasterxml.jackson.databind.ser.std.BeanSerializerBase.serializeFields(BeanSerializerBase.java:770)
	at com.fasterxml.jackson.databind.ser.BeanSerializer.serialize(BeanSerializer.java:184)
	at com.fasterxml.jackson.databind.ser.BeanPropertyWriter.serializeAsField(BeanPropertyWriter.java:732)
	at com.fasterxml.jackson.databind.ser.std.BeanSerializerBase.serializeFields(BeanSerializerBase.java:770)
	at com.fasterxml.jackson.databind.ser.BeanSerializer.serialize(BeanSerializer.java:184)
	at com.fasterxml.jackson.databind.ser.std.CollectionSerializer.serializeContents(CollectionSerializer.java:145)
	at com.fasterxml.jackson.databind.ser.std.CollectionSerializer.serialize(CollectionSerializer.java:107)
	at com.fasterxml.jackson.databind.ser.std.CollectionSerializer.serialize(CollectionSerializer.java:25)
	at com.fasterxml.jackson.databind.ser.BeanPropertyWriter.serializeAsField(BeanPropertyWriter.java:732)
	at com.fasterxml.jackson.databind.ser.std.BeanSerializerBase.serializeFields(BeanSerializerBase.java:770)
	at com.fasterxml.jackson.databind.ser.BeanSerializer.serialize(BeanSerializer.java:184)
	at com.fasterxml.jackson.databind.ser.BeanPropertyWriter.serializeAsField(BeanPropertyWriter.java:732)
	at com.fasterxml.jackson.databind.ser.std.BeanSerializerBase.serializeFields(BeanSerializerBase.java:770)
	at com.fasterxml.jackson.databind.ser.BeanSerializer.serialize(BeanSerializer.java:184)
	at com.fasterxml.jackson.databind.ser.std.CollectionSerializer.serializeContents(CollectionSerializer.java:145)
	at com.fasterxml.jackson.databind.ser.std.CollectionSerializer.serialize(CollectionSerializer.java:107)
	at com.fasterxml.jackson.databind.ser.std.CollectionSerializer.serialize(CollectionSerializer.java:25)
	at com.fasterxml.jackson.databind.ser.BeanPropertyWriter.serializeAsField(BeanPropertyWriter.java:732)
	at com.fasterxml.jackson.databind.ser.std.BeanSerializerBase.serializeFields(BeanSerializerBase.java:770)
	at com.fasterxml.jackson.databind.ser.BeanSerializer.serialize(BeanSerializer.java:184)
	at com.fasterxml.jackson.databind.ser.BeanPropertyWriter.serializeAsField(BeanPropertyWriter.java:732)
	at com.fasterxml.jackson.databind.ser.std.BeanSerializerBase.serializeFields(BeanSerializerBase.java:770)
	at com.fasterxml.jackson.databind.ser.BeanSerializer.serialize(BeanSerializer.java:184)
	at com.fasterxml.jackson.databind.ser.std.CollectionSerializer.serializeContents(CollectionSerializer.java:145)
	at com.fasterxml.jackson.databind.ser.std.CollectionSerializer.serialize(CollectionSerializer.java:107)
	at com.fasterxml.jackson.databind.ser.std.CollectionSerializer.serialize(CollectionSerializer.java:25)
	at com.fasterxml.jackson.databind.ser.BeanPropertyWriter.serializeAsField(BeanPropertyWriter.java:732)
	at com.fasterxml.jackson.databind.ser.std.BeanSerializerBase.serializeFields(BeanSerializerBase.java:770)
	at com.fasterxml.jackson.databind.ser.BeanSerializer.serialize(BeanSerializer.java:184)
	at com.fasterxml.jackson.databind.ser.BeanPropertyWriter.serializeAsField(BeanPropertyWriter.java:732)
	at com.fasterxml.jackson.databind.ser.std.BeanSerializerBase.serializeFields(BeanSerializerBase.java:770)
	at com.fasterxml.jackson.databind.ser.BeanSerializer.serialize(BeanSerializer.java:184)
	at com.fasterxml.jackson.databind.ser.std.CollectionSerializer.serializeContents(CollectionSerializer.java:145)
	at com.fasterxml.jackson.databind.ser.std.CollectionSerializer.serialize(CollectionSerializer.java:107)
	at com.fasterxml.jackson.databind.ser.std.CollectionSerializer.serialize(CollectionSerializer.java:25)
	at com.fasterxml.jackson.databind.ser.BeanPropertyWriter.serializeAsField(BeanPropertyWriter.java:732)
	at com.fasterxml.jackson.databind.ser.std.BeanSerializerBase.serializeFields(BeanSerializerBase.java:770)
	at com.fasterxml.jackson.databind.ser.BeanSerializer.serialize(BeanSerializer.java:184)
	at com.fasterxml.jackson.databind.ser.BeanPropertyWriter.serializeAsField(BeanPropertyWriter.java:732)
	at com.fasterxml.jackson.databind.ser.std.BeanSerializerBase.serializeFields(BeanSerializerBase.java:770)
	at com.fasterxml.jackson.databind.ser.BeanSerializer.serialize(BeanSerializer.java:184)
	at com.fasterxml.jackson.databind.ser.std.CollectionSerializer.serializeContents(CollectionSerializer.java:145)
	at com.fasterxml.jackson.databind.ser.std.CollectionSerializer.serialize(CollectionSerializer.java:107)
	at com.fasterxml.jackson.databind.ser.std.CollectionSerializer.serialize(CollectionSerializer.java:25)
	at com.fasterxml.jackson.databind.ser.BeanPropertyWriter.serializeAsField(BeanPropertyWriter.java:732)
	at com.fasterxml.jackson.databind.ser.std.BeanSerializerBase.serializeFields(BeanSerializerBase.java:770)
	at com.fasterxml.jackson.databind.ser.BeanSerializer.serialize(BeanSerializer.java:184)
	at com.fasterxml.jackson.databind.ser.BeanPropertyWriter.serializeAsField(BeanPropertyWriter.java:732)
	at com.fasterxml.jackson.databind.ser.std.BeanSerializerBase.serializeFields(BeanSerializerBase.java:770)
	at com.fasterxml.jackson.databind.ser.BeanSerializer.serialize(BeanSerializer.java:184)
	at com.fasterxml.jackson.databind.ser.std.CollectionSerializer.serializeContents(CollectionSerializer.java:145)
	at com.fasterxml.jackson.databind.ser.std.CollectionSerializer.serialize(CollectionSerializer.java:107)
	at com.fasterxml.jackson.databind.ser.std.CollectionSerializer.serialize(CollectionSerializer.java:25)
	at com.fasterxml.jackson.databind.ser.BeanPropertyWriter.serializeAsField(BeanPropertyWriter.java:732)
	at com.fasterxml.jackson.databind.ser.std.BeanSerializerBase.serializeFields(BeanSerializerBase.java:770)
	at com.fasterxml.jackson.databind.ser.BeanSerializer.serialize(BeanSerializer.java:184)
	at com.fasterxml.jackson.databind.ser.BeanPropertyWriter.serializeAsField(BeanPropertyWriter.java:732)
	at com.fasterxml.jackson.databind.ser.std.BeanSerializerBase.serializeFields(BeanSerializerBase.java:770)
	at com.fasterxml.jackson.databind.ser.BeanSerializer.serialize(BeanSerializer.java:184)
	at com.fasterxml.jackson.databind.ser.std.CollectionSerializer.serializeContents(CollectionSerializer.java:145)
	at com.fasterxml.jackson.databind.ser.std.CollectionSerializer.serialize(CollectionSerializer.java:107)
	at com.fasterxml.jackson.databind.ser.std.CollectionSerializer.serialize(CollectionSerializer.java:25)
	at com.fasterxml.jackson.databind.ser.BeanPropertyWriter.serializeAsField(BeanPropertyWriter.java:732)
	at com.fasterxml.jackson.databind.ser.std.BeanSerializerBase.serializeFields(BeanSerializerBase.java:770)
	at com.fasterxml.jackson.databind.ser.BeanSerializer.serialize(BeanSerializer.java:184)
	at com.fasterxml.jackson.databind.ser.BeanPropertyWriter.serializeAsField(BeanPropertyWriter.java:732)
	at com.fasterxml.jackson.databind.ser.std.BeanSerializerBase.serializeFields(BeanSerializerBase.java:770)
	at com.fasterxml.jackson.databind.ser.BeanSerializer.serialize(BeanSerializer.java:184)
	at com.fasterxml.jackson.databind.ser.std.CollectionSerializer.serializeContents(CollectionSerializer.java:145)
	at com.fasterxml.jackson.databind.ser.std.CollectionSerializer.serialize(CollectionSerializer.java:107)
	at com.fasterxml.jackson.databind.ser.std.CollectionSerializer.serialize(CollectionSerializer.java:25)
	at com.fasterxml.jackson.databind.ser.BeanPropertyWriter.serializeAsField(BeanPropertyWriter.java:732)
	at com.fasterxml.jackson.databind.ser.std.BeanSerializerBase.serializeFields(BeanSerializerBase.java:770)
	at com.fasterxml.jackson.databind.ser.BeanSerializer.serialize(BeanSerializer.java:184)
	at com.fasterxml.jackson.databind.ser.BeanPropertyWriter.serializeAsField(BeanPropertyWriter.java:732)
	at com.fasterxml.jackson.databind.ser.std.BeanSerializerBase.serializeFields(BeanSerializerBase.java:770)
	at com.fasterxml.jackson.databind.ser.BeanSerializer.serialize(BeanSerializer.java:184)
	at com.fasterxml.jackson.databind.ser.std.CollectionSerializer.serializeContents(CollectionSerializer.java:145)
	at com.fasterxml.jackson.databind.ser.std.CollectionSerializer.serialize(CollectionSerializer.java:107)
	at com.fasterxml.jackson.databind.ser.std.CollectionSerializer.serialize(CollectionSerializer.java:25)
	at com.fasterxml.jackson.databind.ser.BeanPropertyWriter.serializeAsField(BeanPropertyWriter.java:732)
	at com.fasterxml.jackson.databind.ser.std.BeanSerializerBase.serializeFields(BeanSerializerBase.java:770)
	at com.fasterxml.jackson.databind.ser.BeanSerializer.serialize(BeanSerializer.java:184)
	at com.fasterxml.jackson.databind.ser.BeanPropertyWriter.serializeAsField(BeanPropertyWriter.java:732)
	at com.fasterxml.jackson.databind.ser.std.BeanSerializerBase.serializeFields(BeanSerializerBase.java:770)
	at com.fasterxml.jackson.databind.ser.BeanSerializer.serialize(BeanSerializer.java:184)
	at com.fasterxml.jackson.databind.ser.std.CollectionSerializer.serializeContents(CollectionSerializer.java:145)
	at com.fasterxml.jackson.databind.ser.std.CollectionSerializer.serialize(CollectionSerializer.java:107)
	at com.fasterxml.jackson.databind.ser.std.CollectionSerializer.serialize(CollectionSerializer.java:25)
	at com.fasterxml.jackson.databind.ser.BeanPropertyWriter.serializeAsField(BeanPropertyWriter.java:732)
	at com.fasterxml.jackson.databind.ser.std.BeanSerializerBase.serializeFields(BeanSerializerBase.java:770)
	at com.fasterxml.jackson.databind.ser.BeanSerializer.serialize(BeanSerializer.java:184)
	at com.fasterxml.jackson.databind.ser.BeanPropertyWriter.serializeAsField(BeanPropertyWriter.java:732)
	at com.fasterxml.jackson.databind.ser.std.BeanSerializerBase.serializeFields(BeanSerializerBase.java:770)
	at com.fasterxml.jackson.databind.ser.BeanSerializer.serialize(BeanSerializer.java:184)
	at com.fasterxml.jackson.databind.ser.std.CollectionSerializer.serializeContents(CollectionSerializer.java:145)
	at com.fasterxml.jackson.databind.ser.std.CollectionSerializer.serialize(CollectionSerializer.java:107)
	at com.fasterxml.jackson.databind.ser.std.CollectionSerializer.serialize(CollectionSerializer.java:25)
	at com.fasterxml.jackson.databind.ser.BeanPropertyWriter.serializeAsField(BeanPropertyWriter.java:732)
	at com.fasterxml.jackson.databind.ser.std.BeanSerializerBase.serializeFields(BeanSerializerBase.java:770)
	at com.fasterxml.jackson.databind.ser.BeanSerializer.serialize(BeanSerializer.java:184)
	at com.fasterxml.jackson.databind.ser.BeanPropertyWriter.serializeAsField(BeanPropertyWriter.java:732)
	at com.fasterxml.jackson.databind.ser.std.BeanSerializerBase.serializeFields(BeanSerializerBase.java:770)
	at com.fasterxml.jackson.databind.ser.BeanSerializer.serialize(BeanSerializer.java:184)
	at com.fasterxml.jackson.databind.ser.std.CollectionSerializer.serializeContents(CollectionSerializer.java:145)
	at com.fasterxml.jackson.databind.ser.std.CollectionSerializer.serialize(CollectionSerializer.java:107)
	at com.fasterxml.jackson.databind.ser.std.CollectionSerializer.serialize(CollectionSerializer.java:25)
	at com.fasterxml.jackson.databind.ser.BeanPropertyWriter.serializeAsField(BeanPropertyWriter.java:732)
	at com.fasterxml.jackson.databind.ser.std.BeanSerializerBase.serializeFields(BeanSerializerBase.java:770)
	at com.fasterxml.jackson.databind.ser.BeanSerializer.serialize(BeanSerializer.java:184)
	at com.fasterxml.jackson.databind.ser.BeanPropertyWriter.serializeAsField(BeanPropertyWriter.java:732)
	at com.fasterxml.jackson.databind.ser.std.BeanSerializerBase.serializeFields(BeanSerializerBase.java:770)
	at com.fasterxml.jackson.databind.ser.BeanSerializer.serialize(BeanSerializer.java:184)
	at com.fasterxml.jackson.databind.ser.std.CollectionSerializer.serializeContents(CollectionSerializer.java:145)
	at com.fasterxml.jackson.databind.ser.std.CollectionSerializer.serialize(CollectionSerializer.java:107)
	at com.fasterxml.jackson.databind.ser.std.CollectionSerializer.serialize(CollectionSerializer.java:25)
	at com.fasterxml.jackson.databind.ser.BeanPropertyWriter.serializeAsField(BeanPropertyWriter.java:732)
	at com.fasterxml.jackson.databind.ser.std.BeanSerializerBase.serializeFields(BeanSerializerBase.java:770)
	at com.fasterxml.jackson.databind.ser.BeanSerializer.serialize(BeanSerializer.java:184)
	at com.fasterxml.jackson.databind.ser.BeanPropertyWriter.serializeAsField(BeanPropertyWriter.java:732)
	at com.fasterxml.jackson.databind.ser.std.BeanSerializerBase.serializeFields(BeanSerializerBase.java:770)
	at com.fasterxml.jackson.databind.ser.BeanSerializer.serialize(BeanSerializer.java:184)
	at com.fasterxml.jackson.databind.ser.std.CollectionSerializer.serializeContents(CollectionSerializer.java:145)
	at com.fasterxml.jackson.databind.ser.std.CollectionSerializer.serialize(CollectionSerializer.java:107)
	at com.fasterxml.jackson.databind.ser.std.CollectionSerializer.serialize(CollectionSerializer.java:25)
	at com.fasterxml.jackson.databind.ser.BeanPropertyWriter.serializeAsField(BeanPropertyWriter.java:732)
	at com.fasterxml.jackson.databind.ser.std.BeanSerializerBase.serializeFields(BeanSerializerBase.java:770)
	at com.fasterxml.jackson.databind.ser.BeanSerializer.serialize(BeanSerializer.java:184)
	at com.fasterxml.jackson.databind.ser.BeanPropertyWriter.serializeAsField(BeanPropertyWriter.java:732)
	at com.fasterxml.jackson.databind.ser.std.BeanSerializerBase.serializeFields(BeanSerializerBase.java:770)
	at com.fasterxml.jackson.databind.ser.BeanSerializer.serialize(BeanSerializer.java:184)
	at com.fasterxml.jackson.databind.ser.std.CollectionSerializer.serializeContents(CollectionSerializer.java:145)
	at com.fasterxml.jackson.databind.ser.std.CollectionSerializer.serialize(CollectionSerializer.java:107)
	at com.fasterxml.jackson.databind.ser.std.CollectionSerializer.serialize(CollectionSerializer.java:25)
	at com.fasterxml.jackson.databind.ser.BeanPropertyWriter.serializeAsField(BeanPropertyWriter.java:732)
	at com.fasterxml.jackson.databind.ser.std.BeanSerializerBase.serializeFields(BeanSerializerBase.java:770)
	at com.fasterxml.jackson.databind.ser.BeanSerializer.serialize(BeanSerializer.java:184)
	at com.fasterxml.jackson.databind.ser.BeanPropertyWriter.serializeAsField(BeanPropertyWriter.java:732)
	at com.fasterxml.jackson.databind.ser.std.BeanSerializerBase.serializeFields(BeanSerializerBase.java:770)
	at com.fasterxml.jackson.databind.ser.BeanSerializer.serialize(BeanSerializer.java:184)
	at com.fasterxml.jackson.databind.ser.std.CollectionSerializer.serializeContents(CollectionSerializer.java:145)
	at com.fasterxml.jackson.databind.ser.std.CollectionSerializer.serialize(CollectionSerializer.java:107)
	at com.fasterxml.jackson.databind.ser.std.CollectionSerializer.serialize(CollectionSerializer.java:25)
	at com.fasterxml.jackson.databind.ser.BeanPropertyWriter.serializeAsField(BeanPropertyWriter.java:732)
2025-04-25 19:20:41 [http-nio-8080-exec-6] ERROR o.a.c.c.C.[.[.[.[dispatcherServlet] - Servlet.service() for servlet [dispatcherServlet] in context with path [] threw exception [Request processing failed: java.lang.IllegalArgumentException: Infinite recursion (StackOverflowError) (through reference chain: az.coders.cinemaplus.entity.ErrorMessage["translations"]->org.hibernate.collection.spi.PersistentBag[0]->az.coders.cinemaplus.entity.ErrorMessageTranslation["errorMessage"]->az.coders.cinemaplus.entity.ErrorMessage["translations"]->org.hibernate.collection.spi.PersistentBag[0]->az.coders.cinemaplus.entity.ErrorMessageTranslation["errorMessage"]->az.coders.cinemaplus.entity.ErrorMessage["translations"]->org.hibernate.collection.spi.PersistentBag[0]->az.coders.cinemaplus.entity.ErrorMessageTranslation["errorMessage"]->az.coders.cinemaplus.entity.ErrorMessage["translations"]->org.hibernate.collection.spi.PersistentBag[0]->az.coders.cinemaplus.entity.ErrorMessageTranslation["errorMessage"]->az.coders.cinemaplus.entity.ErrorMessage["translations"]->org.hibernate.collection.spi.PersistentBag[0]->az.coders.cinemaplus.entity.ErrorMessageTranslation["errorMessage"]->az.coders.cinemaplus.entity.ErrorMessage["translations"]->org.hibernate.collection.spi.PersistentBag[0]->az.coders.cinemaplus.entity.ErrorMessageTranslation["errorMessage"]->az.coders.cinemaplus.entity.ErrorMessage["translations"]->org.hibernate.collection.spi.PersistentBag[0]->az.coders.cinemaplus.entity.ErrorMessageTranslation["errorMessage"]->az.coders.cinemaplus.entity.ErrorMessage["translations"]->org.hibernate.collection.spi.PersistentBag[0]->az.coders.cinemaplus.entity.ErrorMessageTranslation["errorMessage"]->az.coders.cinemaplus.entity.ErrorMessage["translations"]->org.hibernate.collection.spi.PersistentBag[0]->az.coders.cinemaplus.entity.ErrorMessageTranslation["errorMessage"]->az.coders.cinemaplus.entity.ErrorMessage["translations"]->org.hibernate.collection.spi.PersistentBag[0]->az.coders.cinemaplus.entity.ErrorMessageTranslation["errorMessage"]->az.coders.cinemaplus.entity.ErrorMessage["translations"]->org.hibernate.collection.spi.PersistentBag[0]->az.coders.cinemaplus.entity.ErrorMessageTranslation["errorMessage"]->az.coders.cinemaplus.entity.ErrorMessage["translations"]->org.hibernate.collection.spi.PersistentBag[0]->az.coders.cinemaplus.entity.ErrorMessageTranslation["errorMessage"]->az.coders.cinemaplus.entity.ErrorMessage["translations"]->org.hibernate.collection.spi.PersistentBag[0]->az.coders.cinemaplus.entity.ErrorMessageTranslation["errorMessage"]->az.coders.cinemaplus.entity.ErrorMessage["translations"]->org.hibernate.collection.spi.PersistentBag[0]->az.coders.cinemaplus.entity.ErrorMessageTranslation["errorMessage"]->az.coders.cinemaplus.entity.ErrorMessage["translations"]->org.hibernate.collection.spi.PersistentBag[0]->az.coders.cinemaplus.entity.ErrorMessageTranslation["errorMessage"]->az.coders.cinemaplus.entity.ErrorMessage["translations"]->org.hibernate.collection.spi.PersistentBag[0]->az.coders.cinemaplus.entity.ErrorMessageTranslation["errorMessage"]->az.coders.cinemaplus.entity.ErrorMessage["translations"]->org.hibernate.collection.spi.PersistentBag[0]->az.coders.cinemaplus.entity.ErrorMessageTranslation["errorMessage"]->az.coders.cinemaplus.entity.ErrorMessage["translations"]->org.hibernate.collection.spi.PersistentBag[0]->az.coders.cinemaplus.entity.ErrorMessageTranslation["errorMessage"]->az.coders.cinemaplus.entity.ErrorMessage["translations"]->org.hibernate.collection.spi.PersistentBag[0]->az.coders.cinemaplus.entity.ErrorMessageTranslation["errorMessage"]->az.coders.cinemaplus.entity.ErrorMessage["translations"]->org.hibernate.collection.spi.PersistentBag[0]->az.coders.cinemaplus.entity.ErrorMessageTranslation["errorMessage"]->az.coders.cinemaplus.entity.ErrorMessage["translations"]->org.hibernate.collection.spi.PersistentBag[0]->az.coders.cinemaplus.entity.ErrorMessageTranslation["errorMessage"]->az.coders.cinemaplus.entity.ErrorMessage["translations"]->org.hibernate.collection.spi.PersistentBag[0]->az.coders.cinemaplus.entity.ErrorMessageTranslation["errorMessage"]->az.coders.cinemaplus.entity.ErrorMessage["translations"]->org.hibernate.collection.spi.PersistentBag[0]->az.coders.cinemaplus.entity.ErrorMessageTranslation["errorMessage"]->az.coders.cinemaplus.entity.ErrorMessage["translations"]->org.hibernate.collection.spi.PersistentBag[0]->az.coders.cinemaplus.entity.ErrorMessageTranslation["errorMessage"]->az.coders.cinemaplus.entity.ErrorMessage["translations"]->org.hibernate.collection.spi.PersistentBag[0]->az.coders.cinemaplus.entity.ErrorMessageTranslation["errorMessage"]->az.coders.cinemaplus.entity.ErrorMessage["translations"]->org.hibernate.collection.spi.PersistentBag[0]->az.coders.cinemaplus.entity.ErrorMessageTranslation["errorMessage"]->az.coders.cinemaplus.entity.ErrorMessage["translations"]->org.hibernate.collection.spi.PersistentBag[0]->az.coders.cinemaplus.entity.ErrorMessageTranslation["errorMessage"]->az.coders.cinemaplus.entity.ErrorMessage["translations"]->org.hibernate.collection.spi.PersistentBag[0]->az.coders.cinemaplus.entity.ErrorMessageTranslation["errorMessage"]->az.coders.cinemaplus.entity.ErrorMessage["translations"]->org.hibernate.collection.spi.PersistentBag[0]->az.coders.cinemaplus.entity.ErrorMessageTranslation["errorMessage"]->az.coders.cinemaplus.entity.ErrorMessage["translations"]->org.hibernate.collection.spi.PersistentBag[0]->az.coders.cinemaplus.entity.ErrorMessageTranslation["errorMessage"]->az.coders.cinemaplus.entity.ErrorMessage["translations"]->org.hibernate.collection.spi.PersistentBag[0]->az.coders.cinemaplus.entity.ErrorMessageTranslation["errorMessage"]->az.coders.cinemaplus.entity.ErrorMessage["translations"]->org.hibernate.collection.spi.PersistentBag[0]->az.coders.cinemaplus.entity.ErrorMessageTranslation["errorMessage"]->az.coders.cinemaplus.entity.ErrorMessage["translations"]->org.hibernate.collection.spi.PersistentBag[0]->az.coders.cinemaplus.entity.ErrorMessageTranslation["errorMessage"]->az.coders.cinemaplus.entity.ErrorMessage["translations"]->org.hibernate.collection.spi.PersistentBag[0]->az.coders.cinemaplus.entity.ErrorMessageTranslation["errorMessage"]->az.coders.cinemaplus.entity.ErrorMessage["translations"]->org.hibernate.collection.spi.PersistentBag[0]->az.coders.cinemaplus.entity.ErrorMessageTranslation["errorMessage"]->az.coders.cinemaplus.entity.ErrorMessage["translations"]->org.hibernate.collection.spi.PersistentBag[0]->az.coders.cinemaplus.entity.ErrorMessageTranslation["errorMessage"]->az.coders.cinemaplus.entity.ErrorMessage["translations"]->org.hibernate.collection.spi.PersistentBag[0]->az.coders.cinemaplus.entity.ErrorMessageTranslation["errorMessage"]->az.coders.cinemaplus.entity.ErrorMessage["translations"]->org.hibernate.collection.spi.PersistentBag[0]->az.coders.cinemaplus.entity.ErrorMessageTranslation["errorMessage"]->az.coders.cinemaplus.entity.ErrorMessage["translations"]->org.hibernate.collection.spi.PersistentBag[0]->az.coders.cinemaplus.entity.ErrorMessageTranslation["errorMessage"]->az.coders.cinemaplus.entity.ErrorMessage["translations"]->org.hibernate.collection.spi.PersistentBag[0]->az.coders.cinemaplus.entity.ErrorMessageTranslation["errorMessage"]->az.coders.cinemaplus.entity.ErrorMessage["translations"]->org.hibernate.collection.spi.PersistentBag[0]->az.coders.cinemaplus.entity.ErrorMessageTranslation["errorMessage"]->az.coders.cinemaplus.entity.ErrorMessage["translations"]->org.hibernate.collection.spi.PersistentBag[0]->az.coders.cinemaplus.entity.ErrorMessageTranslation["errorMessage"]->az.coders.cinemaplus.entity.ErrorMessage["translations"]->org.hibernate.collection.spi.PersistentBag[0]->az.coders.cinemaplus.entity.ErrorMessageTranslation["errorMessage"]->az.coders.cinemaplus.entity.ErrorMessage["translations"]->org.hibernate.collection.spi.PersistentBag[0]->az.coders.cinemaplus.entity.ErrorMessageTranslation["errorMessage"]->az.coders.cinemaplus.entity.ErrorMessage["translations"]->org.hibernate.collection.spi.PersistentBag[0]->az.coders.cinemaplus.entity.ErrorMessageTranslation["errorMessage"]->az.coders.cinemaplus.entity.ErrorMessage["translations"]->org.hibernate.collection.spi.PersistentBag[0]->az.coders.cinemaplus.entity.ErrorMessageTranslation["errorMessage"]->az.coders.cinemaplus.entity.ErrorMessage["translations"]->org.hibernate.collection.spi.PersistentBag[0]->az.coders.cinemaplus.entity.ErrorMessageTranslation["errorMessage"]->az.coders.cinemaplus.entity.ErrorMessage["translations"]->org.hibernate.collection.spi.PersistentBag[0]->az.coders.cinemaplus.entity.ErrorMessageTranslation["errorMessage"]->az.coders.cinemaplus.entity.ErrorMessage["translations"]->org.hibernate.collection.spi.PersistentBag[0]->az.coders.cinemaplus.entity.ErrorMessageTranslation["errorMessage"]->az.coders.cinemaplus.entity.ErrorMessage["translations"]->org.hibernate.collection.spi.PersistentBag[0]->az.coders.cinemaplus.entity.ErrorMessageTranslation["errorMessage"]->az.coders.cinemaplus.entity.ErrorMessage["translations"]->org.hibernate.collection.spi.PersistentBag[0]->az.coders.cinemaplus.entity.ErrorMessageTranslation["errorMessage"]->az.coders.cinemaplus.entity.ErrorMessage["translations"]->org.hibernate.collection.spi.PersistentBag[0]->az.coders.cinemaplus.entity.ErrorMessageTranslation["errorMessage"]->az.coders.cinemaplus.entity.ErrorMessage["translations"]->org.hibernate.collection.spi.PersistentBag[0]->az.coders.cinemaplus.entity.ErrorMessageTranslation["errorMessage"]->az.coders.cinemaplus.entity.ErrorMessage["translations"]->org.hibernate.collection.spi.PersistentBag[0]->az.coders.cinemaplus.entity.ErrorMessageTranslation["errorMessage"]->az.coders.cinemaplus.entity.ErrorMessage["translations"]->org.hibernate.collection.spi.PersistentBag[0]->az.coders.cinemaplus.entity.ErrorMessageTranslation["errorMessage"]->az.coders.cinemaplus.entity.ErrorMessage["translations"]->org.hibernate.collection.spi.PersistentBag[0]->az.coders.cinemaplus.entity.ErrorMessageTranslation["errorMessage"]->az.coders.cinemaplus.entity.ErrorMessage["translations"]->org.hibernate.collection.spi.PersistentBag[0]->az.coders.cinemaplus.entity.ErrorMessageTranslation["errorMessage"]->az.coders.cinemaplus.entity.ErrorMessage["translations"]->org.hibernate.collection.spi.PersistentBag[0]->az.coders.cinemaplus.entity.ErrorMessageTranslation["errorMessage"]->az.coders.cinemaplus.entity.ErrorMessage["translations"]->org.hibernate.collection.spi.PersistentBag[0]->az.coders.cinemaplus.entity.ErrorMessageTranslation["errorMessage"]->az.coders.cinemaplus.entity.ErrorMessage["translations"]->org.hibernate.collection.spi.PersistentBag[0]->az.coders.cinemaplus.entity.ErrorMessageTranslation["errorMessage"]->az.coders.cinemaplus.entity.ErrorMessage["translations"]->org.hibernate.collection.spi.PersistentBag[0]->az.coders.cinemaplus.entity.ErrorMessageTranslation["errorMessage"]->az.coders.cinemaplus.entity.ErrorMessage["translations"]->org.hibernate.collection.spi.PersistentBag[0]->az.coders.cinemaplus.entity.ErrorMessageTranslation["errorMessage"]->az.coders.cinemaplus.entity.ErrorMessage["translations"]->org.hibernate.collection.spi.PersistentBag[0]->az.coders.cinemaplus.entity.ErrorMessageTranslation["errorMessage"]->az.coders.cinemaplus.entity.ErrorMessage["translations"]->org.hibernate.collection.spi.PersistentBag[0]->az.coders.cinemaplus.entity.ErrorMessageTranslation["errorMessage"]->az.coders.cinemaplus.entity.ErrorMessage["translations"]->org.hibernate.collection.spi.PersistentBag[0]->az.coders.cinemaplus.entity.ErrorMessageTranslation["errorMessage"]->az.coders.cinemaplus.entity.ErrorMessage["translations"]->org.hibernate.collection.spi.PersistentBag[0]->az.coders.cinemaplus.entity.ErrorMessageTranslation["errorMessage"]->az.coders.cinemaplus.entity.ErrorMessage["translations"]->org.hibernate.collection.spi.PersistentBag[0]->az.coders.cinemaplus.entity.ErrorMessageTranslation["errorMessage"]->az.coders.cinemaplus.entity.ErrorMessage["translations"]->org.hibernate.collection.spi.PersistentBag[0]->az.coders.cinemaplus.entity.ErrorMessageTranslation["errorMessage"]->az.coders.cinemaplus.entity.ErrorMessage["translations"]->org.hibernate.collection.spi.PersistentBag[0]->az.coders.cinemaplus.entity.ErrorMessageTranslation["errorMessage"]->az.coders.cinemaplus.entity.ErrorMessage["translations"]->org.hibernate.collection.spi.PersistentBag[0]->az.coders.cinemaplus.entity.ErrorMessageTranslation["errorMessage"]->az.coders.cinemaplus.entity.ErrorMessage["translations"]->org.hibernate.collection.spi.PersistentBag[0]->az.coders.cinemaplus.entity.ErrorMessageTranslation["errorMessage"]->az.coders.cinemaplus.entity.ErrorMessage["translations"]->org.hibernate.collection.spi.PersistentBag[0]->az.coders.cinemaplus.entity.ErrorMessageTranslation["errorMessage"]->az.coders.cinemaplus.entity.ErrorMessage["translations"]->org.hibernate.collection.spi.PersistentBag[0]->az.coders.cinemaplus.entity.ErrorMessageTranslation["errorMessage"]->az.coders.cinemaplus.entity.ErrorMessage["translations"]->org.hibernate.collection.spi.PersistentBag[0]->az.coders.cinemaplus.entity.ErrorMessageTranslation["errorMessage"]->az.coders.cinemaplus.entity.ErrorMessage["translations"]->org.hibernate.collection.spi.PersistentBag[0]->az.coders.cinemaplus.entity.ErrorMessageTranslation["errorMessage"]->az.coders.cinemaplus.entity.ErrorMessage["translations"]->org.hibernate.collection.spi.PersistentBag[0]->az.coders.cinemaplus.entity.ErrorMessageTranslation["errorMessage"]->az.coders.cinemaplus.entity.ErrorMessage["translations"]->org.hibernate.collection.spi.PersistentBag[0]->az.coders.cinemaplus.entity.ErrorMessageTranslation["errorMessage"]->az.coders.cinemaplus.entity.ErrorMessage["translations"]->org.hibernate.collection.spi.PersistentBag[0]->az.coders.cinemaplus.entity.ErrorMessageTranslation["errorMessage"]->az.coders.cinemaplus.entity.ErrorMessage["translations"]->org.hibernate.collection.spi.PersistentBag[0]->az.coders.cinemaplus.entity.ErrorMessageTranslation["errorMessage"]->az.coders.cinemaplus.entity.ErrorMessage["translations"]->org.hibernate.collection.spi.PersistentBag[0]->az.coders.cinemaplus.entity.ErrorMessageTranslation["errorMessage"]->az.coders.cinemaplus.entity.ErrorMessage["translations"]->org.hibernate.collection.spi.PersistentBag[0]->az.coders.cinemaplus.entity.ErrorMessageTranslation["errorMessage"]->az.coders.cinemaplus.entity.ErrorMessage["translations"]->org.hibernate.collection.spi.PersistentBag[0]->az.coders.cinemaplus.entity.ErrorMessageTranslation["errorMessage"]->az.coders.cinemaplus.entity.ErrorMessage["translations"]->org.hibernate.collection.spi.PersistentBag[0]->az.coders.cinemaplus.entity.ErrorMessageTranslation["errorMessage"]->az.coders.cinemaplus.entity.ErrorMessage["translations"]->org.hibernate.collection.spi.PersistentBag[0]->az.coders.cinemaplus.entity.ErrorMessageTranslation["errorMessage"]->az.coders.cinemaplus.entity.ErrorMessage["translations"]->org.hibernate.collection.spi.PersistentBag[0]->az.coders.cinemaplus.entity.ErrorMessageTranslation["errorMessage"]->az.coders.cinemaplus.entity.ErrorMessage["translations"]->org.hibernate.collection.spi.PersistentBag[0]->az.coders.cinemaplus.entity.ErrorMessageTranslation["errorMessage"]->az.coders.cinemaplus.entity.ErrorMessage["translations"]->org.hibernate.collection.spi.PersistentBag[0]->az.coders.cinemaplus.entity.ErrorMessageTranslation["errorMessage"]->az.coders.cinemaplus.entity.ErrorMessage["translations"]->org.hibernate.collection.spi.PersistentBag[0]->az.coders.cinemaplus.entity.ErrorMessageTranslation["errorMessage"]->az.coders.cinemaplus.entity.ErrorMessage["translations"]->org.hibernate.collection.spi.PersistentBag[0]->az.coders.cinemaplus.entity.ErrorMessageTranslation["errorMessage"]->az.coders.cinemaplus.entity.ErrorMessage["translations"]->org.hibernate.collection.spi.PersistentBag[0]->az.coders.cinemaplus.entity.ErrorMessageTranslation["errorMessage"]->az.coders.cinemaplus.entity.ErrorMessage["translations"]->org.hibernate.collection.spi.PersistentBag[0]->az.coders.cinemaplus.entity.ErrorMessageTranslation["errorMessage"]->az.coders.cinemaplus.entity.ErrorMessage["translations"]->org.hibernate.collection.spi.PersistentBag[0]->az.coders.cinemaplus.entity.ErrorMessageTranslation["errorMessage"]->az.coders.cinemaplus.entity.ErrorMessage["translations"]->org.hibernate.collection.spi.PersistentBag[0]->az.coders.cinemaplus.entity.ErrorMessageTranslation["errorMessage"]->az.coders.cinemaplus.entity.ErrorMessage["translations"]->org.hibernate.collection.spi.PersistentBag[0]->az.coders.cinemaplus.entity.ErrorMessageTranslation["errorMessage"]->az.coders.cinemaplus.entity.ErrorMessage["translations"]->org.hibernate.collection.spi.PersistentBag[0]->az.coders.cinemaplus.entity.ErrorMessageTranslation["errorMessage"]->az.coders.cinemaplus.entity.ErrorMessage["translations"]->org.hibernate.collection.spi.PersistentBag[0]->az.coders.cinemaplus.entity.ErrorMessageTranslation["errorMessage"]->az.coders.cinemaplus.entity.ErrorMessage["translations"]->org.hibernate.collection.spi.PersistentBag[0]->az.coders.cinemaplus.entity.ErrorMessageTranslation["errorMessage"]->az.coders.cinemaplus.entity.ErrorMessage["translations"]->org.hibernate.collection.spi.PersistentBag[0]->az.coders.cinemaplus.entity.ErrorMessageTranslation["errorMessage"]->az.coders.cinemaplus.entity.ErrorMessage["translations"]->org.hibernate.collection.spi.PersistentBag[0]->az.coders.cinemaplus.entity.ErrorMessageTranslation["errorMessage"]->az.coders.cinemaplus.entity.ErrorMessage["translations"]->org.hibernate.collection.spi.PersistentBag[0]->az.coders.cinemaplus.entity.ErrorMessageTranslation["errorMessage"]->az.coders.cinemaplus.entity.ErrorMessage["translations"]->org.hibernate.collection.spi.PersistentBag[0]->az.coders.cinemaplus.entity.ErrorMessageTranslation["errorMessage"]->az.coders.cinemaplus.entity.ErrorMessage["translations"]->org.hibernate.collection.spi.PersistentBag[0]->az.coders.cinemaplus.entity.ErrorMessageTranslation["errorMessage"]->az.coders.cinemaplus.entity.ErrorMessage["translations"]->org.hibernate.collection.spi.PersistentBag[0]->az.coders.cinemaplus.entity.ErrorMessageTranslation["errorMessage"]->az.coders.cinemaplus.entity.ErrorMessage["translations"]->org.hibernate.collection.spi.PersistentBag[0]->az.coders.cinemaplus.entity.ErrorMessageTranslation["errorMessage"]->az.coders.cinemaplus.entity.ErrorMessage["translations"]->org.hibernate.collection.spi.PersistentBag[0]->az.coders.cinemaplus.entity.ErrorMessageTranslation["errorMessage"]->az.coders.cinemaplus.entity.ErrorMessage["translations"]->org.hibernate.collection.spi.PersistentBag[0]->az.coders.cinemaplus.entity.ErrorMessageTranslation["errorMessage"]->az.coders.cinemaplus.entity.ErrorMessage["translations"]->org.hibernate.collection.spi.PersistentBag[0]->az.coders.cinemaplus.entity.ErrorMessageTranslation["errorMessage"]->az.coders.cinemaplus.entity.ErrorMessage["translations"]->org.hibernate.collection.spi.PersistentBag[0]->az.coders.cinemaplus.entity.ErrorMessageTranslation["errorMessage"]->az.coders.cinemaplus.entity.ErrorMessage["translations"]->org.hibernate.collection.spi.PersistentBag[0]->az.coders.cinemaplus.entity.ErrorMessageTranslation["errorMessage"]->az.coders.cinemaplus.entity.ErrorMessage["translations"]->org.hibernate.collection.spi.PersistentBag[0]->az.coders.cinemaplus.entity.ErrorMessageTranslation["errorMessage"]->az.coders.cinemaplus.entity.ErrorMessage["translations"]->org.hibernate.collection.spi.PersistentBag[0]->az.coders.cinemaplus.entity.ErrorMessageTranslation["errorMessage"]->az.coders.cinemaplus.entity.ErrorMessage["translations"]->org.hibernate.collection.spi.PersistentBag[0]->az.coders.cinemaplus.entity.ErrorMessageTranslation["errorMessage"]->az.coders.cinemaplus.entity.ErrorMessage["translations"]->org.hibernate.collection.spi.PersistentBag[0]->az.coders.cinemaplus.entity.ErrorMessageTranslation["errorMessage"]->az.coders.cinemaplus.entity.ErrorMessage["translations"]->org.hibernate.collection.spi.PersistentBag[0]->az.coders.cinemaplus.entity.ErrorMessageTranslation["errorMessage"]->az.coders.cinemaplus.entity.ErrorMessage["translations"]->org.hibernate.collection.spi.PersistentBag[0]->az.coders.cinemaplus.entity.ErrorMessageTranslation["errorMessage"]->az.coders.cinemaplus.entity.ErrorMessage["translations"]->org.hibernate.collection.spi.PersistentBag[0]->az.coders.cinemaplus.entity.ErrorMessageTranslation["errorMessage"]->az.coders.cinemaplus.entity.ErrorMessage["translations"]->org.hibernate.collection.spi.PersistentBag[0]->az.coders.cinemaplus.entity.ErrorMessageTranslation["errorMessage"]->az.coders.cinemaplus.entity.ErrorMessage["translations"]->org.hibernate.collection.spi.PersistentBag[0]->az.coders.cinemaplus.entity.ErrorMessageTranslation["errorMessage"]->az.coders.cinemaplus.entity.ErrorMessage["translations"]->org.hibernate.collection.spi.PersistentBag[0]->az.coders.cinemaplus.entity.ErrorMessageTranslation["errorMessage"]->az.coders.cinemaplus.entity.ErrorMessage["translations"]->org.hibernate.collection.spi.PersistentBag[0]->az.coders.cinemaplus.entity.ErrorMessageTranslation["errorMessage"]->az.coders.cinemaplus.entity.ErrorMessage["translations"]->org.hibernate.collection.spi.PersistentBag[0]->az.coders.cinemaplus.entity.ErrorMessageTranslation["errorMessage"]->az.coders.cinemaplus.entity.ErrorMessage["translations"]->org.hibernate.collection.spi.PersistentBag[0]->az.coders.cinemaplus.entity.ErrorMessageTranslation["errorMessage"]->az.coders.cinemaplus.entity.ErrorMessage["translations"]->org.hibernate.collection.spi.PersistentBag[0]->az.coders.cinemaplus.entity.ErrorMessageTranslation["errorMessage"]->az.coders.cinemaplus.entity.ErrorMessage["translations"]->org.hibernate.collection.spi.PersistentBag[0]->az.coders.cinemaplus.entity.ErrorMessageTranslation["errorMessage"]->az.coders.cinemaplus.entity.ErrorMessage["translations"]->org.hibernate.collection.spi.PersistentBag[0]->az.coders.cinemaplus.entity.ErrorMessageTranslation["errorMessage"]->az.coders.cinemaplus.entity.ErrorMessage["translations"]->org.hibernate.collection.spi.PersistentBag[0]->az.coders.cinemaplus.entity.ErrorMessageTranslation["errorMessage"]->az.coders.cinemaplus.entity.ErrorMessage["translations"]->org.hibernate.collection.spi.PersistentBag[0]->az.coders.cinemaplus.entity.ErrorMessageTranslation["errorMessage"]->az.coders.cinemaplus.entity.ErrorMessage["translations"]->org.hibernate.collection.spi.PersistentBag[0]->az.coders.cinemaplus.entity.ErrorMessageTranslation["errorMessage"]->az.coders.cinemaplus.entity.ErrorMessage["translations"]->org.hibernate.collection.spi.PersistentBag[0]->az.coders.cinemaplus.entity.ErrorMessageTranslation["errorMessage"]->az.coders.cinemaplus.entity.ErrorMessage["translations"]->org.hibernate.collection.spi.PersistentBag[0]->az.coders.cinemaplus.entity.ErrorMessageTranslation["errorMessage"]->az.coders.cinemaplus.entity.ErrorMessage["translations"]->org.hibernate.collection.spi.PersistentBag[0]->az.coders.cinemaplus.entity.ErrorMessageTranslation["errorMessage"]->az.coders.cinemaplus.entity.ErrorMessage["translations"]->org.hibernate.collection.spi.PersistentBag[0]->az.coders.cinemaplus.entity.ErrorMessageTranslation["errorMessage"]->az.coders.cinemaplus.entity.ErrorMessage["translations"]->org.hibernate.collection.spi.PersistentBag[0]->az.coders.cinemaplus.entity.ErrorMessageTranslation["errorMessage"]->az.coders.cinemaplus.entity.ErrorMessage["translations"]->org.hibernate.collection.spi.PersistentBag[0]->az.coders.cinemaplus.entity.ErrorMessageTranslation["errorMessage"]->az.coders.cinemaplus.entity.ErrorMessage["translations"]->org.hibernate.collection.spi.PersistentBag[0]->az.coders.cinemaplus.entity.ErrorMessageTranslation["errorMessage"]->az.coders.cinemaplus.entity.ErrorMessage["translations"]->org.hibernate.collection.spi.PersistentBag[0]->az.coders.cinemaplus.entity.ErrorMessageTranslation["errorMessage"]->az.coders.cinemaplus.entity.ErrorMessage["translations"]->org.hibernate.collection.spi.PersistentBag[0]->az.coders.cinemaplus.entity.ErrorMessageTranslation["errorMessage"]->az.coders.cinemaplus.entity.ErrorMessage["translations"]->org.hibernate.collection.spi.PersistentBag[0]->az.coders.cinemaplus.entity.ErrorMessageTranslation["errorMessage"]->az.coders.cinemaplus.entity.ErrorMessage["translations"]->org.hibernate.collection.spi.PersistentBag[0]->az.coders.cinemaplus.entity.ErrorMessageTranslation["errorMessage"]->az.coders.cinemaplus.entity.ErrorMessage["translations"]->org.hibernate.collection.spi.PersistentBag[0]->az.coders.cinemaplus.entity.ErrorMessageTranslation["errorMessage"]->az.coders.cinemaplus.entity.ErrorMessage["translations"]->org.hibernate.collection.spi.PersistentBag[0]->az.coders.cinemaplus.entity.ErrorMessageTranslation["errorMessage"]->az.coders.cinemaplus.entity.ErrorMessage["translations"]->org.hibernate.collection.spi.PersistentBag[0]->az.coders.cinemaplus.entity.ErrorMessageTranslation["errorMessage"]->az.coders.cinemaplus.entity.ErrorMessage["translations"]->org.hibernate.collection.spi.PersistentBag[0]->az.coders.cinemaplus.entity.ErrorMessageTranslation["errorMessage"]->az.coders.cinemaplus.entity.ErrorMessage["translations"]->org.hibernate.collection.spi.PersistentBag[0]->az.coders.cinemaplus.entity.ErrorMessageTranslation["errorMessage"]->az.coders.cinemaplus.entity.ErrorMessage["translations"]->org.hibernate.collection.spi.PersistentBag[0]->az.coders.cinemaplus.entity.ErrorMessageTranslation["errorMessage"]->az.coders.cinemaplus.entity.ErrorMessage["translations"]->org.hibernate.collection.spi.PersistentBag[0]->az.coders.cinemaplus.entity.ErrorMessageTranslation["errorMessage"]->az.coders.cinemaplus.entity.ErrorMessage["translations"]->org.hibernate.collection.spi.PersistentBag[0]->az.coders.cinemaplus.entity.ErrorMessageTranslation["errorMessage"]->az.coders.cinemaplus.entity.ErrorMessage["translations"]->org.hibernate.collection.spi.PersistentBag[0]->az.coders.cinemaplus.entity.ErrorMessageTranslation["errorMessage"]->az.coders.cinemaplus.entity.ErrorMessage["translations"]->org.hibernate.collection.spi.PersistentBag[0]->az.coders.cinemaplus.entity.ErrorMessageTranslation["errorMessage"]->az.coders.cinemaplus.entity.ErrorMessage["translations"]->org.hibernate.collection.spi.PersistentBag[0]->az.coders.cinemaplus.entity.ErrorMessageTranslation["errorMessage"]->az.coders.cinemaplus.entity.ErrorMessage["translations"]->org.hibernate.collection.spi.PersistentBag[0]->az.coders.cinemaplus.entity.ErrorMessageTranslation["errorMessage"]->az.coders.cinemaplus.entity.ErrorMessage["translations"]->org.hibernate.collection.spi.PersistentBag[0]->az.coders.cinemaplus.entity.ErrorMessageTranslation["errorMessage"]->az.coders.cinemaplus.entity.ErrorMessage["translations"]->org.hibernate.collection.spi.PersistentBag[0]->az.coders.cinemaplus.entity.ErrorMessageTranslation["errorMessage"]->az.coders.cinemaplus.entity.ErrorMessage["translations"]->org.hibernate.collection.spi.PersistentBag[0]->az.coders.cinemaplus.entity.ErrorMessageTranslation["errorMessage"]->az.coders.cinemaplus.entity.ErrorMessage["translations"]->org.hibernate.collection.spi.PersistentBag[0]->az.coders.cinemaplus.entity.ErrorMessageTranslation["errorMessage"]->az.coders.cinemaplus.entity.ErrorMessage["translations"]->org.hibernate.collection.spi.PersistentBag[0]->az.coders.cinemaplus.entity.ErrorMessageTranslation["errorMessage"]->az.coders.cinemaplus.entity.ErrorMessage["translations"]->org.hibernate.collection.spi.PersistentBag[0]->az.coders.cinemaplus.entity.ErrorMessageTranslation["errorMessage"]->az.coders.cinemaplus.entity.ErrorMessage["translations"]->org.hibernate.collection.spi.PersistentBag[0]->az.coders.cinemaplus.entity.ErrorMessageTranslation["errorMessage"]->az.coders.cinemaplus.entity.ErrorMessage["translations"]->org.hibernate.collection.spi.PersistentBag[0]->az.coders.cinemaplus.entity.ErrorMessageTranslation["errorMessage"]->az.coders.cinemaplus.entity.ErrorMessage["translations"]->org.hibernate.collection.spi.PersistentBag[0]->az.coders.cinemaplus.entity.ErrorMessageTranslation["errorMessage"]->az.coders.cinemaplus.entity.ErrorMessage["translations"]->org.hibernate.collection.spi.PersistentBag[0]->az.coders.cinemaplus.entity.ErrorMessageTranslation["errorMessage"]->az.coders.cinemaplus.entity.ErrorMessage["translations"]->org.hibernate.collection.spi.PersistentBag[0]->az.coders.cinemaplus.entity.ErrorMessageTranslation["errorMessage"]->az.coders.cinemaplus.entity.ErrorMessage["translations"]->org.hibernate.collection.spi.PersistentBag[0]->az.coders.cinemaplus.entity.ErrorMessageTranslation["errorMessage"]->az.coders.cinemaplus.entity.ErrorMessage["translations"]->org.hibernate.collection.spi.PersistentBag[0]->az.coders.cinemaplus.entity.ErrorMessageTranslation["errorMessage"]->az.coders.cinemaplus.entity.ErrorMessage["translations"]->org.hibernate.collection.spi.PersistentBag[0]->az.coders.cinemaplus.entity.ErrorMessageTranslation["errorMessage"]->az.coders.cinemaplus.entity.ErrorMessage["translations"]->org.hibernate.collection.spi.PersistentBag[0]->az.coders.cinemaplus.entity.ErrorMessageTranslation["errorMessage"]->az.coders.cinemaplus.entity.ErrorMessage["translations"]->org.hibernate.collection.spi.PersistentBag[0]->az.coders.cinemaplus.entity.ErrorMessageTranslation["errorMessage"]->az.coders.cinemaplus.entity.ErrorMessage["translations"]->org.hibernate.collection.spi.PersistentBag[0]->az.coders.cinemaplus.entity.ErrorMessageTranslation["errorMessage"]->az.coders.cinemaplus.entity.ErrorMessage["translations"]->org.hibernate.collection.spi.PersistentBag[0]->az.coders.cinemaplus.entity.ErrorMessageTranslation["errorMessage"]->az.coders.cinemaplus.entity.ErrorMessage["translations"]->org.hibernate.collection.spi.PersistentBag[0]->az.coders.cinemaplus.entity.ErrorMessageTranslation["errorMessage"]->az.coders.cinemaplus.entity.ErrorMessage["translations"]->org.hibernate.collection.spi.PersistentBag[0]->az.coders.cinemaplus.entity.ErrorMessageTranslation["errorMessage"]->az.coders.cinemaplus.entity.ErrorMessage["translations"]->org.hibernate.collection.spi.PersistentBag[0]->az.coders.cinemaplus.entity.ErrorMessageTranslation["errorMessage"]->az.coders.cinemaplus.entity.ErrorMessage["translations"]->org.hibernate.collection.spi.PersistentBag[0]->az.coders.cinemaplus.entity.ErrorMessageTranslation["errorMessage"]->az.coders.cinemaplus.entity.ErrorMessage["translations"]->org.hibernate.collection.spi.PersistentBag[0]->az.coders.cinemaplus.entity.ErrorMessageTranslation["errorMessage"]->az.coders.cinemaplus.entity.ErrorMessage["translations"]->org.hibernate.collection.spi.PersistentBag[0]->az.coders.cinemaplus.entity.ErrorMessageTranslation["errorMessage"]->az.coders.cinemaplus.entity.ErrorMessage["translations"]->org.hibernate.collection.spi.PersistentBag[0]->az.coders.cinemaplus.entity.ErrorMessageTranslation["errorMessage"]->az.coders.cinemaplus.entity.ErrorMessage["translations"]->org.hibernate.collection.spi.PersistentBag[0]->az.coders.cinemaplus.entity.ErrorMessageTranslation["errorMessage"]->az.coders.cinemaplus.entity.ErrorMessage["translations"]->org.hibernate.collection.spi.PersistentBag[0]->az.coders.cinemaplus.entity.ErrorMessageTranslation["errorMessage"]->az.coders.cinemaplus.entity.ErrorMessage["translations"]->org.hibernate.collection.spi.PersistentBag[0]->az.coders.cinemaplus.entity.ErrorMessageTranslation["errorMessage"]->az.coders.cinemaplus.entity.ErrorMessage["translations"]->org.hibernate.collection.spi.PersistentBag[0]->az.coders.cinemaplus.entity.ErrorMessageTranslation["errorMessage"]->az.coders.cinemaplus.entity.ErrorMessage["translations"]->org.hibernate.collection.spi.PersistentBag[0]->az.coders.cinemaplus.entity.ErrorMessageTranslation["errorMessage"]->az.coders.cinemaplus.entity.ErrorMessage["translations"]->org.hibernate.collection.spi.PersistentBag[0]->az.coders.cinemaplus.entity.ErrorMessageTranslation["errorMessage"]->az.coders.cinemaplus.entity.ErrorMessage["translations"]->org.hibernate.collection.spi.PersistentBag[0]->az.coders.cinemaplus.entity.ErrorMessageTranslation["errorMessage"]->az.coders.cinemaplus.entity.ErrorMessage["translations"]->org.hibernate.collection.spi.PersistentBag[0]->az.coders.cinemaplus.entity.ErrorMessageTranslation["errorMessage"]->az.coders.cinemaplus.entity.ErrorMessage["translations"]->org.hibernate.collection.spi.PersistentBag[0]->az.coders.cinemaplus.entity.ErrorMessageTranslation["errorMessage"]->az.coders.cinemaplus.entity.ErrorMessage["translations"]->org.hibernate.collection.spi.PersistentBag[0]->az.coders.cinemaplus.entity.ErrorMessageTranslation["errorMessage"]->az.coders.cinemaplus.entity.ErrorMessage["translations"]->org.hibernate.collection.spi.PersistentBag[0]->az.coders.cinemaplus.entity.ErrorMessageTranslation["errorMessage"]->az.coders.cinemaplus.entity.ErrorMessage["translations"]->org.hibernate.collection.spi.PersistentBag[0]->az.coders.cinemaplus.entity.ErrorMessageTranslation["errorMessage"]->az.coders.cinemaplus.entity.ErrorMessage["translations"]->org.hibernate.collection.spi.PersistentBag[0]->az.coders.cinemaplus.entity.ErrorMessageTranslation["errorMessage"]->az.coders.cinemaplus.entity.ErrorMessage["translations"]->org.hibernate.collection.spi.PersistentBag[0]->az.coders.cinemaplus.entity.ErrorMessageTranslation["errorMessage"]->az.coders.cinemaplus.entity.ErrorMessage["translations"]->org.hibernate.collection.spi.PersistentBag[0]->az.coders.cinemaplus.entity.ErrorMessageTranslation["errorMessage"]->az.coders.cinemaplus.entity.ErrorMessage["translations"]->org.hibernate.collection.spi.PersistentBag[0]->az.coders.cinemaplus.entity.ErrorMessageTranslation["errorMessage"]->az.coders.cinemaplus.entity.ErrorMessage["translations"]->org.hibernate.collection.spi.PersistentBag[0]->az.coders.cinemaplus.entity.ErrorMessageTranslation["errorMessage"]->az.coders.cinemaplus.entity.ErrorMessage["translations"]->org.hibernate.collection.spi.PersistentBag[0]->az.coders.cinemaplus.entity.ErrorMessageTranslation["errorMessage"]->az.coders.cinemaplus.entity.ErrorMessage["translations"]->org.hibernate.collection.spi.PersistentBag[0]->az.coders.cinemaplus.entity.ErrorMessageTranslation["errorMessage"]->az.coders.cinemaplus.entity.ErrorMessage["translations"]->org.hibernate.collection.spi.PersistentBag[0]->az.coders.cinemaplus.entity.ErrorMessageTranslation["errorMessage"]->az.coders.cinemaplus.entity.ErrorMessage["translations"]->org.hibernate.collection.spi.PersistentBag[0]->az.coders.cinemaplus.entity.ErrorMessageTranslation["errorMessage"]->az.coders.cinemaplus.entity.ErrorMessage["translations"]->org.hibernate.collection.spi.PersistentBag[0]->az.coders.cinemaplus.entity.ErrorMessageTranslation["errorMessage"]->az.coders.cinemaplus.entity.ErrorMessage["translations"]->org.hibernate.collection.spi.PersistentBag[0]->az.coders.cinemaplus.entity.ErrorMessageTranslation["errorMessage"]->az.coders.cinemaplus.entity.ErrorMessage["translations"]->org.hibernate.collection.spi.PersistentBag[0]->az.coders.cinemaplus.entity.ErrorMessageTranslation["errorMessage"]->az.coders.cinemaplus.entity.ErrorMessage["translations"]->org.hibernate.collection.spi.PersistentBag[0]->az.coders.cinemaplus.entity.ErrorMessageTranslation["errorMessage"]->az.coders.cinemaplus.entity.ErrorMessage["translations"]->org.hibernate.collection.spi.PersistentBag[0]->az.coders.cinemaplus.entity.ErrorMessageTranslation["errorMessage"]->az.coders.cinemaplus.entity.ErrorMessage["translations"]->org.hibernate.collection.spi.PersistentBag[0]->az.coders.cinemaplus.entity.ErrorMessageTranslation["errorMessage"]->az.coders.cinemaplus.entity.ErrorMessage["translations"]->org.hibernate.collection.spi.PersistentBag[0]->az.coders.cinemaplus.entity.ErrorMessageTranslation["errorMessage"]->az.coders.cinemaplus.entity.ErrorMessage["translations"]->org.hibernate.collection.spi.PersistentBag[0]->az.coders.cinemaplus.entity.ErrorMessageTranslation["errorMessage"]->az.coders.cinemaplus.entity.ErrorMessage["translations"]->org.hibernate.collection.spi.PersistentBag[0]->az.coders.cinemaplus.entity.ErrorMessageTranslation["errorMessage"]->az.coders.cinemaplus.entity.ErrorMessage["translations"]->org.hibernate.collection.spi.PersistentBag[0]->az.coders.cinemaplus.entity.ErrorMessageTranslation["errorMessage"]->az.coders.cinemaplus.entity.ErrorMessage["translations"]->org.hibernate.collection.spi.PersistentBag[0]->az.coders.cinemaplus.entity.ErrorMessageTranslation["errorMessage"]->az.coders.cinemaplus.entity.ErrorMessage["translations"]->org.hibernate.collection.spi.PersistentBag[0]->az.coders.cinemaplus.entity.ErrorMessageTranslation["errorMessage"]->az.coders.cinemaplus.entity.ErrorMessage["translations"]->org.hibernate.collection.spi.PersistentBag[0]->az.coders.cinemaplus.entity.ErrorMessageTranslation["errorMessage"]->az.coders.cinemaplus.entity.ErrorMessage["translations"]->org.hibernate.collection.spi.PersistentBag[0]->az.coders.cinemaplus.entity.ErrorMessageTranslation["errorMessage"]->az.coders.cinemaplus.entity.ErrorMessage["translations"]->org.hibernate.collection.spi.PersistentBag[0]->az.coders.cinemaplus.entity.ErrorMessageTranslation["errorMessage"]->az.coders.cinemaplus.entity.ErrorMessage["translations"]->org.hibernate.collection.spi.PersistentBag[0]->az.coders.cinemaplus.entity.ErrorMessageTranslation["errorMessage"]->az.coders.cinemaplus.entity.ErrorMessage["translations"]->org.hibernate.collection.spi.PersistentBag[0]->az.coders.cinemaplus.entity.ErrorMessageTranslation["errorMessage"]->az.coders.cinemaplus.entity.ErrorMessage["translations"]->org.hibernate.collection.spi.PersistentBag[0]->az.coders.cinemaplus.entity.ErrorMessageTranslation["errorMessage"]->az.coders.cinemaplus.entity.ErrorMessage["translations"]->org.hibernate.collection.spi.PersistentBag[0]->az.coders.cinemaplus.entity.ErrorMessageTranslation["errorMessage"]->az.coders.cinemaplus.entity.ErrorMessage["translations"]->org.hibernate.collection.spi.PersistentBag[0]->az.coders.cinemaplus.entity.ErrorMessageTranslation["errorMessage"]->az.coders.cinemaplus.entity.ErrorMessage["translations"]->org.hibernate.collection.spi.PersistentBag[0]->az.coders.cinemaplus.entity.ErrorMessageTranslation["errorMessage"]->az.coders.cinemaplus.entity.ErrorMessage["translations"]->org.hibernate.collection.spi.PersistentBag[0]->az.coders.cinemaplus.entity.ErrorMessageTranslation["errorMessage"]->az.coders.cinemaplus.entity.ErrorMessage["translations"]->org.hibernate.collection.spi.PersistentBag[0]->az.coders.cinemaplus.entity.ErrorMessageTranslation["errorMessage"]->az.coders.cinemaplus.entity.ErrorMessage["translations"]->org.hibernate.collection.spi.PersistentBag[0]->az.coders.cinemaplus.entity.ErrorMessageTranslation["errorMessage"]->az.coders.cinemaplus.entity.ErrorMessage["translations"]->org.hibernate.collection.spi.PersistentBag[0]->az.coders.cinemaplus.entity.ErrorMessageTranslation["errorMessage"]->az.coders.cinemaplus.entity.ErrorMessage["translations"]->org.hibernate.collection.spi.PersistentBag[0]->az.coders.cinemaplus.entity.ErrorMessageTranslation["errorMessage"]->az.coders.cinemaplus.entity.ErrorMessage["translations"]->org.hibernate.collection.spi.PersistentBag[0]->az.coders.cinemaplus.entity.ErrorMessageTranslation["errorMessage"]->az.coders.cinemaplus.entity.ErrorMessage["translations"]->org.hibernate.collection.spi.PersistentBag[0]->az.coders.cinemaplus.entity.ErrorMessageTranslation["errorMessage"]->az.coders.cinemaplus.entity.ErrorMessage["translations"]->org.hibernate.collection.spi.PersistentBag[0]->az.coders.cinemaplus.entity.ErrorMessageTranslation["errorMessage"]->az.coders.cinemaplus.entity.ErrorMessage["translations"]->org.hibernate.collection.spi.PersistentBag[0]->az.coders.cinemaplus.entity.ErrorMessageTranslation["errorMessage"]->az.coders.cinemaplus.entity.ErrorMessage["translations"]->org.hibernate.collection.spi.PersistentBag[0]->az.coders.cinemaplus.entity.ErrorMessageTranslation["errorMessage"]->az.coders.cinemaplus.entity.ErrorMessage["translations"]->org.hibernate.collection.spi.PersistentBag[0]->az.coders.cinemaplus.entity.ErrorMessageTranslation["errorMessage"]->az.coders.cinemaplus.entity.ErrorMessage["translations"]->org.hibernate.collection.spi.PersistentBag[0]->az.coders.cinemaplus.entity.ErrorMessageTranslation["errorMessage"]->az.coders.cinemaplus.entity.ErrorMessage["translations"]->org.hibernate.collection.spi.PersistentBag[0]->az.coders.cinemaplus.entity.ErrorMessageTranslation["errorMessage"]->az.coders.cinemaplus.entity.ErrorMessage["translations"]->org.hibernate.collection.spi.PersistentBag[0]->az.coders.cinemaplus.entity.ErrorMessageTranslation["errorMessage"]->az.coders.cinemaplus.entity.ErrorMessage["translations"]->org.hibernate.collection.spi.PersistentBag[0]->az.coders.cinemaplus.entity.ErrorMessageTranslation["errorMessage"]->az.coders.cinemaplus.entity.ErrorMessage["translations"]->org.hibernate.collection.spi.PersistentBag[0]->az.coders.cinemaplus.entity.ErrorMessageTranslation["errorMessage"]->az.coders.cinemaplus.entity.ErrorMessage["translations"]->org.hibernate.collection.spi.PersistentBag[0]->az.coders.cinemaplus.entity.ErrorMessageTranslation["errorMessage"]->az.coders.cinemaplus.entity.ErrorMessage["translations"]->org.hibernate.collection.spi.PersistentBag[0]->az.coders.cinemaplus.entity.ErrorMessageTranslation["errorMessage"]->az.coders.cinemaplus.entity.ErrorMessage["translations"]->org.hibernate.collection.spi.PersistentBag[0]->az.coders.cinemaplus.entity.ErrorMessageTranslation["errorMessage"]->az.coders.cinemaplus.entity.ErrorMessage["translations"]->org.hibernate.collection.spi.PersistentBag[0]->az.coders.cinemaplus.entity.ErrorMessageTranslation["errorMessage"]->az.coders.cinemaplus.entity.ErrorMessage["translations"]->org.hibernate.collection.spi.PersistentBag[0]->az.coders.cinemaplus.entity.ErrorMessageTranslation["errorMessage"]->az.coders.cinemaplus.entity.ErrorMessage["translations"]->org.hibernate.collection.spi.PersistentBag[0]->az.coders.cinemaplus.entity.ErrorMessageTranslation["errorMessage"]->az.coders.cinemaplus.entity.ErrorMessage["translations"]->org.hibernate.collection.spi.PersistentBag[0]->az.coders.cinemaplus.entity.ErrorMessageTranslation["errorMessage"]->az.coders.cinemaplus.entity.ErrorMessage["translations"]->org.hibernate.collection.spi.PersistentBag[0]->az.coders.cinemaplus.entity.ErrorMessageTranslation["errorMessage"]->az.coders.cinemaplus.entity.ErrorMessage["translations"]->org.hibernate.collection.spi.PersistentBag[0]->az.coders.cinemaplus.entity.ErrorMessageTranslation["errorMessage"]->az.coders.cinemaplus.entity.ErrorMessage["translations"]->org.hibernate.collection.spi.PersistentBag[0]->az.coders.cinemaplus.entity.ErrorMessageTranslation["errorMessage"]->az.coders.cinemaplus.entity.ErrorMessage["translations"]->org.hibernate.collection.spi.PersistentBag[0]->az.coders.cinemaplus.entity.ErrorMessageTranslation["errorMessage"]->az.coders.cinemaplus.entity.ErrorMessage["translations"]->org.hibernate.collection.spi.PersistentBag[0]->az.coders.cinemaplus.entity.ErrorMessageTranslation["errorMessage"]->az.coders.cinemaplus.entity.ErrorMessage["translations"]->org.hibernate.collection.spi.PersistentBag[0]->az.coders.cinemaplus.entity.ErrorMessageTranslation["errorMessage"]->az.coders.cinemaplus.entity.ErrorMessage["translations"]->org.hibernate.collection.spi.PersistentBag[0]->az.coders.cinemaplus.entity.ErrorMessageTranslation["errorMessage"]->az.coders.cinemaplus.entity.ErrorMessage["translations"]->org.hibernate.collection.spi.PersistentBag[0]->az.coders.cinemaplus.entity.ErrorMessageTranslation["errorMessage"]->az.coders.cinemaplus.entity.ErrorMessage["translations"]->org.hibernate.collection.spi.PersistentBag[0]->az.coders.cinemaplus.entity.ErrorMessageTranslation["errorMessage"]->az.coders.cinemaplus.entity.ErrorMessage["translations"]->org.hibernate.collection.spi.PersistentBag[0]->az.coders.cinemaplus.entity.ErrorMessageTranslation["errorMessage"]->az.coders.cinemaplus.entity.ErrorMessage["translations"]->org.hibernate.collection.spi.PersistentBag[0]->az.coders.cinemaplus.entity.ErrorMessageTranslation["errorMessage"]->az.coders.cinemaplus.entity.ErrorMessage["translations"]->org.hibernate.collection.spi.PersistentBag[0]->az.coders.cinemaplus.entity.ErrorMessageTranslation["errorMessage"]->az.coders.cinemaplus.entity.ErrorMessage["translations"]->org.hibernate.collection.spi.PersistentBag[0]->az.coders.cinemaplus.entity.ErrorMessageTranslation["errorMessage"]->az.coders.cinemaplus.entity.ErrorMessage["translations"]->org.hibernate.collection.spi.PersistentBag[0]->az.coders.cinemaplus.entity.ErrorMessageTranslation["errorMessage"]->az.coders.cinemaplus.entity.ErrorMessage["translations"]->org.hibernate.collection.spi.PersistentBag[0]->az.coders.cinemaplus.entity.ErrorMessageTranslation["errorMessage"]->az.coders.cinemaplus.entity.ErrorMessage["translations"]->org.hibernate.collection.spi.PersistentBag[0]->az.coders.cinemaplus.entity.ErrorMessageTranslation["errorMessage"]->az.coders.cinemaplus.entity.ErrorMessage["translations"]->org.hibernate.collection.spi.PersistentBag[0]->az.coders.cinemaplus.entity.ErrorMessageTranslation["errorMessage"]->az.coders.cinemaplus.entity.ErrorMessage["translations"]->org.hibernate.collection.spi.PersistentBag[0]->az.coders.cinemaplus.entity.ErrorMessageTranslation["errorMessage"]->az.coders.cinemaplus.entity.ErrorMessage["translations"]->org.hibernate.collection.spi.PersistentBag[0]->az.coders.cinemaplus.entity.ErrorMessageTranslation["errorMessage"]->az.coders.cinemaplus.entity.ErrorMessage["translations"]->org.hibernate.collection.spi.PersistentBag[0]->az.coders.cinemaplus.entity.ErrorMessageTranslation["errorMessage"]->az.coders.cinemaplus.entity.ErrorMessage["translations"]->org.hibernate.collection.spi.PersistentBag[0]->az.coders.cinemaplus.entity.ErrorMessageTranslation["errorMessage"]->az.coders.cinemaplus.entity.ErrorMessage["translations"]->org.hibernate.collection.spi.PersistentBag[0]->az.coders.cinemaplus.entity.ErrorMessageTranslation["errorMessage"]->az.coders.cinemaplus.entity.ErrorMessage["translations"]->org.hibernate.collection.spi.PersistentBag[0]->az.coders.cinemaplus.entity.ErrorMessageTranslation["errorMessage"]->az.coders.cinemaplus.entity.ErrorMessage["translations"]->org.hibernate.collection.spi.PersistentBag[0]->az.coders.cinemaplus.entity.ErrorMessageTranslation["errorMessage"]->az.coders.cinemaplus.entity.ErrorMessage["translations"]->org.hibernate.collection.spi.PersistentBag[0]->az.coders.cinemaplus.entity.ErrorMessageTranslation["errorMessage"]->az.coders.cinemaplus.entity.ErrorMessage["translations"]->org.hibernate.collection.spi.PersistentBag[0]->az.coders.cinemaplus.entity.ErrorMessageTranslation["errorMessage"]->az.coders.cinemaplus.entity.ErrorMessage["translations"]->org.hibernate.collection.spi.PersistentBag[0]->az.coders.cinemaplus.entity.ErrorMessageTranslation["errorMessage"]->az.coders.cinemaplus.entity.ErrorMessage["translations"]->org.hibernate.collection.spi.PersistentBag[0]->az.coders.cinemaplus.entity.ErrorMessageTranslation["errorMessage"]->az.coders.cinemaplus.entity.ErrorMessage["translations"]->org.hibernate.collection.spi.PersistentBag[0]->az.coders.cinemaplus.entity.ErrorMessageTranslation["errorMessage"]->az.coders.cinemaplus.entity.ErrorMessage["translations"]->org.hibernate.collection.spi.PersistentBag[0]->az.coders.cinemaplus.entity.ErrorMessageTranslation["errorMessage"]->az.coders.cinemaplus.entity.ErrorMessage["translations"]->org.hibernate.collection.spi.PersistentBag[0]->az.coders.cinemaplus.entity.ErrorMessageTranslation["errorMessage"]->az.coders.cinemaplus.entity.ErrorMessage["translations"]->org.hibernate.collection.spi.PersistentBag[0]->az.coders.cinemaplus.entity.ErrorMessageTranslation["errorMessage"]->az.coders.cinemaplus.entity.ErrorMessage["translations"]->org.hibernate.collection.spi.PersistentBag[0]->az.coders.cinemaplus.entity.ErrorMessageTranslation["errorMessage"]->az.coders.cinemaplus.entity.ErrorMessage["translations"]->org.hibernate.collection.spi.PersistentBag[0]->az.coders.cinemaplus.entity.ErrorMessageTranslation["errorMessage"]->az.coders.cinemaplus.entity.ErrorMessage["translations"]->org.hibernate.collection.spi.PersistentBag[0]->az.coders.cinemaplus.entity.ErrorMessageTranslation["errorMessage"]->az.coders.cinemaplus.entity.ErrorMessage["translations"]->org.hibernate.collection.spi.PersistentBag[0]->az.coders.cinemaplus.entity.ErrorMessageTranslation["errorMessage"]->az.coders.cinemaplus.entity.ErrorMessage["translations"]->org.hibernate.collection.spi.PersistentBag[0]->az.coders.cinemaplus.entity.ErrorMessageTranslation["errorMessage"]->az.coders.cinemaplus.entity.ErrorMessage["translations"]->org.hibernate.collection.spi.PersistentBag[0]->az.coders.cinemaplus.entity.ErrorMessageTranslation["errorMessage"]->az.coders.cinemaplus.entity.ErrorMessage["translations"]->org.hibernate.collection.spi.PersistentBag[0]->az.coders.cinemaplus.entity.ErrorMessageTranslation["errorMessage"]->az.coders.cinemaplus.entity.ErrorMessage["translations"]->org.hibernate.collection.spi.PersistentBag[0]->az.coders.cinemaplus.entity.ErrorMessageTranslation["errorMessage"]->az.coders.cinemaplus.entity.ErrorMessage["translations"]->org.hibernate.collection.spi.PersistentBag[0]->az.coders.cinemaplus.entity.ErrorMessageTranslation["errorMessage"]->az.coders.cinemaplus.entity.ErrorMessage["translations"]->org.hibernate.collection.spi.PersistentBag[0]->az.coders.cinemaplus.entity.ErrorMessageTranslation["errorMessage"]->az.coders.cinemaplus.entity.ErrorMessage["translations"]->org.hibernate.collection.spi.PersistentBag[0]->az.coders.cinemaplus.entity.ErrorMessageTranslation["errorMessage"]->az.coders.cinemaplus.entity.ErrorMessage["translations"]->org.hibernate.collection.spi.PersistentBag[0]->az.coders.cinemaplus.entity.ErrorMessageTranslation["errorMessage"]->az.coders.cinemaplus.entity.ErrorMessage["translations"]->org.hibernate.collection.spi.PersistentBag[0]->az.coders.cinemaplus.entity.ErrorMessageTranslation["errorMessage"]->az.coders.cinemaplus.entity.ErrorMessage["translations"]->org.hibernate.collection.spi.PersistentBag[0]->az.coders.cinemaplus.entity.ErrorMessageTranslation["errorMessage"]->az.coders.cinemaplus.entity.ErrorMessage["translations"]->org.hibernate.collection.spi.PersistentBag[0]->az.coders.cinemaplus.entity.ErrorMessageTranslation["errorMessage"]->az.coders.cinemaplus.entity.ErrorMessage["translations"]->org.hibernate.collection.spi.PersistentBag[0]->az.coders.cinemaplus.entity.ErrorMessageTranslation["errorMessage"]->az.coders.cinemaplus.entity.ErrorMessage["translations"]->org.hibernate.collection.spi.PersistentBag[0]->az.coders.cinemaplus.entity.ErrorMessageTranslation["errorMessage"]->az.coders.cinemaplus.entity.ErrorMessage["translations"]->org.hibernate.collection.spi.PersistentBag[0]->az.coders.cinemaplus.entity.ErrorMessageTranslation["errorMessage"]->az.coders.cinemaplus.entity.ErrorMessage["translations"]->org.hibernate.collection.spi.PersistentBag[0]->az.coders.cinemaplus.entity.ErrorMessageTranslation["errorMessage"]->az.coders.cinemaplus.entity.ErrorMessage["translations"]->org.hibernate.collection.spi.PersistentBag[0]->az.coders.cinemaplus.entity.ErrorMessageTranslation["errorMessage"]->az.coders.cinemaplus.entity.ErrorMessage["translations"]->org.hibernate.collection.spi.PersistentBag[0]->az.coders.cinemaplus.entity.ErrorMessageTranslation["errorMessage"]->az.coders.cinemaplus.entity.ErrorMessage["translations"]->org.hibernate.collection.spi.PersistentBag[0]->az.coders.cinemaplus.entity.ErrorMessageTranslation["errorMessage"]->az.coders.cinemaplus.entity.ErrorMessage["translations"]->org.hibernate.collection.spi.PersistentBag[0]->az.coders.cinemaplus.entity.ErrorMessageTranslation["errorMessage"]->az.coders.cinemaplus.entity.ErrorMessage["translations"]->org.hibernate.collection.spi.PersistentBag[0]->az.coders.cinemaplus.entity.ErrorMessageTranslation["errorMessage"]->az.coders.cinemaplus.entity.ErrorMessage["translations"]->org.hibernate.collection.spi.PersistentBag[0]->az.coders.cinemaplus.entity.ErrorMessageTranslation["errorMessage"]->az.coders.cinemaplus.entity.ErrorMessage["translations"]->org.hibernate.collection.spi.PersistentBag[0]->az.coders.cinemaplus.entity.ErrorMessageTranslation["errorMessage"]->az.coders.cinemaplus.entity.ErrorMessage["translations"]->org.hibernate.collection.spi.PersistentBag[0]->az.coders.cinemaplus.entity.ErrorMessageTranslation["errorMessage"]->az.coders.cinemaplus.entity.ErrorMessage["translations"]->org.hibernate.collection.spi.PersistentBag[0]->az.coders.cinemaplus.entity.ErrorMessageTranslation["errorMessage"]->az.coders.cinemaplus.entity.ErrorMessage["translations"]->org.hibernate.collection.spi.PersistentBag[0]->az.coders.cinemaplus.entity.ErrorMessageTranslation["errorMessage"]->az.coders.cinemaplus.entity.ErrorMessage["translations"]->org.hibernate.collection.spi.PersistentBag[0]->az.coders.cinemaplus.entity.ErrorMessageTranslation["errorMessage"]->az.coders.cinemaplus.entity.ErrorMessage["translations"]->org.hibernate.collection.spi.PersistentBag[0]->az.coders.cinemaplus.entity.ErrorMessageTranslation["errorMessage"]->az.coders.cinemaplus.entity.ErrorMessage["translations"]->org.hibernate.collection.spi.PersistentBag[0]->az.coders.cinemaplus.entity.ErrorMessageTranslation["errorMessage"]->az.coders.cinemaplus.entity.ErrorMessage["translations"]->org.hibernate.collection.spi.PersistentBag[0]->az.coders.cinemaplus.entity.ErrorMessageTranslation["errorMessage"]->az.coders.cinemaplus.entity.ErrorMessage["translations"]->org.hibernate.collection.spi.PersistentBag[0]->az.coders.cinemaplus.entity.ErrorMessageTranslation["errorMessage"]->az.coders.cinemaplus.entity.ErrorMessage["translations"]->org.hibernate.collection.spi.PersistentBag[0]->az.coders.cinemaplus.entity.ErrorMessageTranslation["errorMessage"]->az.coders.cinemaplus.entity.ErrorMessage["translations"]->org.hibernate.collection.spi.PersistentBag[0]->az.coders.cinemaplus.entity.ErrorMessageTranslation["errorMessage"]->az.coders.cinemaplus.entity.ErrorMessage["translations"]->org.hibernate.collection.spi.PersistentBag[0]->az.coders.cinemaplus.entity.ErrorMessageTranslation["errorMessage"]->az.coders.cinemaplus.entity.ErrorMessage["translations"]->org.hibernate.collection.spi.PersistentBag[0]->az.coders.cinemaplus.entity.ErrorMessageTranslation["errorMessage"]->az.coders.cinemaplus.entity.ErrorMessage["translations"]->org.hibernate.collection.spi.PersistentBag[0]->az.coders.cinemaplus.entity.ErrorMessageTranslation["errorMessage"]->az.coders.cinemaplus.entity.ErrorMessage["translations"]->org.hibernate.collection.spi.PersistentBag[0]->az.coders.cinemaplus.entity.ErrorMessageTranslation["errorMessage"]->az.coders.cinemaplus.entity.ErrorMessage["translations"]->org.hibernate.collection.spi.PersistentBag[0]->az.coders.cinemaplus.entity.ErrorMessageTranslation["errorMessage"]->az.coders.cinemaplus.entity.ErrorMessage["translations"]->org.hibernate.collection.spi.PersistentBag[0]->az.coders.cinemaplus.entity.ErrorMessageTranslation["errorMessage"]->az.coders.cinemaplus.entity.ErrorMessage["translations"]->org.hibernate.collection.spi.PersistentBag[0]->az.coders.cinemaplus.entity.ErrorMessageTranslation["errorMessage"]->az.coders.cinemaplus.entity.ErrorMessage["translations"]->org.hibernate.collection.spi.PersistentBag[0]->az.coders.cinemaplus.entity.ErrorMessageTranslation["errorMessage"]->az.coders.cinemaplus.entity.ErrorMessage["translations"]->org.hibernate.collection.spi.PersistentBag[0]->az.coders.cinemaplus.entity.ErrorMessageTranslation["errorMessage"]->az.coders.cinemaplus.entity.ErrorMessage["translations"]->org.hibernate.collection.spi.PersistentBag[0]->az.coders.cinemaplus.entity.ErrorMessageTranslation["errorMessage"]->az.coders.cinemaplus.entity.ErrorMessage["translations"]->org.hibernate.collection.spi.PersistentBag[0]->az.coders.cinemaplus.entity.ErrorMessageTranslation["errorMessage"]->az.coders.cinemaplus.entity.ErrorMessage["translations"]->org.hibernate.collection.spi.PersistentBag[0]->az.coders.cinemaplus.entity.ErrorMessageTranslation["errorMessage"]->az.coders.cinemaplus.entity.ErrorMessage["translations"]->org.hibernate.collection.spi.PersistentBag[0]->az.coders.cinemaplus.entity.ErrorMessageTranslation["errorMessage"]->az.coders.cinemaplus.entity.ErrorMessage["translations"]->org.hibernate.collection.spi.PersistentBag[0]->az.coders.cinemaplus.entity.ErrorMessageTranslation["errorMessage"]->az.coders.cinemaplus.entity.ErrorMessage["translations"]->org.hibernate.collection.spi.PersistentBag[0]->az.coders.cinemaplus.entity.ErrorMessageTranslation["errorMessage"]->az.coders.cinemaplus.entity.ErrorMessage["translations"]->org.hibernate.collection.spi.PersistentBag[0]->az.coders.cinemaplus.entity.ErrorMessageTranslation["errorMessage"]->az.coders.cinemaplus.entity.ErrorMessage["translations"]->org.hibernate.collection.spi.PersistentBag[0]->az.coders.cinemaplus.entity.ErrorMessageTranslation["errorMessage"]->az.coders.cinemaplus.entity.ErrorMessage["translations"]->org.hibernate.collection.spi.PersistentBag[0]->az.coders.cinemaplus.entity.ErrorMessageTranslation["errorMessage"]->az.coders.cinemaplus.entity.ErrorMessage["translations"]->org.hibernate.collection.spi.PersistentBag[0]->az.coders.cinemaplus.entity.ErrorMessageTranslation["errorMessage"]->az.coders.cinemaplus.entity.ErrorMessage["translations"]->org.hibernate.collection.spi.PersistentBag[0]->az.coders.cinemaplus.entity.ErrorMessageTranslation["errorMessage"]->az.coders.cinemaplus.entity.ErrorMessage["translations"]->org.hibernate.collection.spi.PersistentBag[0]->az.coders.cinemaplus.entity.ErrorMessageTranslation["errorMessage"]->az.coders.cinemaplus.entity.ErrorMessage["translations"]->org.hibernate.collection.spi.PersistentBag[0]->az.coders.cinemaplus.entity.ErrorMessageTranslation["errorMessage"]->az.coders.cinemaplus.entity.ErrorMessage["translations"]->org.hibernate.collection.spi.PersistentBag[0]->az.coders.cinemaplus.entity.ErrorMessageTranslation["errorMessage"]->az.coders.cinemaplus.entity.ErrorMessage["translations"]->org.hibernate.collection.spi.PersistentBag[0]->az.coders.cinemaplus.entity.ErrorMessageTranslation["errorMessage"]->az.coders.cinemaplus.entity.ErrorMessage["translations"])] with root cause
java.lang.StackOverflowError: null
	at java.base/java.lang.Exception.<init>(Exception.java:85)
	at java.base/java.io.IOException.<init>(IOException.java:80)
	at com.fasterxml.jackson.core.JacksonException.<init>(JacksonException.java:26)
	at com.fasterxml.jackson.core.JsonProcessingException.<init>(JsonProcessingException.java:27)
	at com.fasterxml.jackson.databind.DatabindException.<init>(DatabindException.java:22)
	at com.fasterxml.jackson.databind.DatabindException.<init>(DatabindException.java:34)
	at com.fasterxml.jackson.databind.JsonMappingException.<init>(JsonMappingException.java:247)
	at com.fasterxml.jackson.databind.ser.std.BeanSerializerBase.serializeFields(BeanSerializerBase.java:785)
	at com.fasterxml.jackson.databind.ser.BeanSerializer.serialize(BeanSerializer.java:184)
	at com.fasterxml.jackson.databind.ser.std.CollectionSerializer.serializeContents(CollectionSerializer.java:145)
	at com.fasterxml.jackson.databind.ser.std.CollectionSerializer.serialize(CollectionSerializer.java:107)
	at com.fasterxml.jackson.databind.ser.std.CollectionSerializer.serialize(CollectionSerializer.java:25)
	at com.fasterxml.jackson.databind.ser.BeanPropertyWriter.serializeAsField(BeanPropertyWriter.java:732)
	at com.fasterxml.jackson.databind.ser.std.BeanSerializerBase.serializeFields(BeanSerializerBase.java:770)
	at com.fasterxml.jackson.databind.ser.BeanSerializer.serialize(BeanSerializer.java:184)
	at com.fasterxml.jackson.databind.ser.BeanPropertyWriter.serializeAsField(BeanPropertyWriter.java:732)
	at com.fasterxml.jackson.databind.ser.std.BeanSerializerBase.serializeFields(BeanSerializerBase.java:770)
	at com.fasterxml.jackson.databind.ser.BeanSerializer.serialize(BeanSerializer.java:184)
	at com.fasterxml.jackson.databind.ser.std.CollectionSerializer.serializeContents(CollectionSerializer.java:145)
	at com.fasterxml.jackson.databind.ser.std.CollectionSerializer.serialize(CollectionSerializer.java:107)
	at com.fasterxml.jackson.databind.ser.std.CollectionSerializer.serialize(CollectionSerializer.java:25)
	at com.fasterxml.jackson.databind.ser.BeanPropertyWriter.serializeAsField(BeanPropertyWriter.java:732)
	at com.fasterxml.jackson.databind.ser.std.BeanSerializerBase.serializeFields(BeanSerializerBase.java:770)
	at com.fasterxml.jackson.databind.ser.BeanSerializer.serialize(BeanSerializer.java:184)
	at com.fasterxml.jackson.databind.ser.BeanPropertyWriter.serializeAsField(BeanPropertyWriter.java:732)
	at com.fasterxml.jackson.databind.ser.std.BeanSerializerBase.serializeFields(BeanSerializerBase.java:770)
	at com.fasterxml.jackson.databind.ser.BeanSerializer.serialize(BeanSerializer.java:184)
	at com.fasterxml.jackson.databind.ser.std.CollectionSerializer.serializeContents(CollectionSerializer.java:145)
	at com.fasterxml.jackson.databind.ser.std.CollectionSerializer.serialize(CollectionSerializer.java:107)
	at com.fasterxml.jackson.databind.ser.std.CollectionSerializer.serialize(CollectionSerializer.java:25)
	at com.fasterxml.jackson.databind.ser.BeanPropertyWriter.serializeAsField(BeanPropertyWriter.java:732)
	at com.fasterxml.jackson.databind.ser.std.BeanSerializerBase.serializeFields(BeanSerializerBase.java:770)
	at com.fasterxml.jackson.databind.ser.BeanSerializer.serialize(BeanSerializer.java:184)
	at com.fasterxml.jackson.databind.ser.BeanPropertyWriter.serializeAsField(BeanPropertyWriter.java:732)
	at com.fasterxml.jackson.databind.ser.std.BeanSerializerBase.serializeFields(BeanSerializerBase.java:770)
	at com.fasterxml.jackson.databind.ser.BeanSerializer.serialize(BeanSerializer.java:184)
	at com.fasterxml.jackson.databind.ser.std.CollectionSerializer.serializeContents(CollectionSerializer.java:145)
	at com.fasterxml.jackson.databind.ser.std.CollectionSerializer.serialize(CollectionSerializer.java:107)
	at com.fasterxml.jackson.databind.ser.std.CollectionSerializer.serialize(CollectionSerializer.java:25)
	at com.fasterxml.jackson.databind.ser.BeanPropertyWriter.serializeAsField(BeanPropertyWriter.java:732)
	at com.fasterxml.jackson.databind.ser.std.BeanSerializerBase.serializeFields(BeanSerializerBase.java:770)
	at com.fasterxml.jackson.databind.ser.BeanSerializer.serialize(BeanSerializer.java:184)
	at com.fasterxml.jackson.databind.ser.BeanPropertyWriter.serializeAsField(BeanPropertyWriter.java:732)
	at com.fasterxml.jackson.databind.ser.std.BeanSerializerBase.serializeFields(BeanSerializerBase.java:770)
	at com.fasterxml.jackson.databind.ser.BeanSerializer.serialize(BeanSerializer.java:184)
	at com.fasterxml.jackson.databind.ser.std.CollectionSerializer.serializeContents(CollectionSerializer.java:145)
	at com.fasterxml.jackson.databind.ser.std.CollectionSerializer.serialize(CollectionSerializer.java:107)
	at com.fasterxml.jackson.databind.ser.std.CollectionSerializer.serialize(CollectionSerializer.java:25)
	at com.fasterxml.jackson.databind.ser.BeanPropertyWriter.serializeAsField(BeanPropertyWriter.java:732)
	at com.fasterxml.jackson.databind.ser.std.BeanSerializerBase.serializeFields(BeanSerializerBase.java:770)
	at com.fasterxml.jackson.databind.ser.BeanSerializer.serialize(BeanSerializer.java:184)
	at com.fasterxml.jackson.databind.ser.BeanPropertyWriter.serializeAsField(BeanPropertyWriter.java:732)
	at com.fasterxml.jackson.databind.ser.std.BeanSerializerBase.serializeFields(BeanSerializerBase.java:770)
	at com.fasterxml.jackson.databind.ser.BeanSerializer.serialize(BeanSerializer.java:184)
	at com.fasterxml.jackson.databind.ser.std.CollectionSerializer.serializeContents(CollectionSerializer.java:145)
	at com.fasterxml.jackson.databind.ser.std.CollectionSerializer.serialize(CollectionSerializer.java:107)
	at com.fasterxml.jackson.databind.ser.std.CollectionSerializer.serialize(CollectionSerializer.java:25)
	at com.fasterxml.jackson.databind.ser.BeanPropertyWriter.serializeAsField(BeanPropertyWriter.java:732)
	at com.fasterxml.jackson.databind.ser.std.BeanSerializerBase.serializeFields(BeanSerializerBase.java:770)
	at com.fasterxml.jackson.databind.ser.BeanSerializer.serialize(BeanSerializer.java:184)
	at com.fasterxml.jackson.databind.ser.BeanPropertyWriter.serializeAsField(BeanPropertyWriter.java:732)
	at com.fasterxml.jackson.databind.ser.std.BeanSerializerBase.serializeFields(BeanSerializerBase.java:770)
	at com.fasterxml.jackson.databind.ser.BeanSerializer.serialize(BeanSerializer.java:184)
	at com.fasterxml.jackson.databind.ser.std.CollectionSerializer.serializeContents(CollectionSerializer.java:145)
	at com.fasterxml.jackson.databind.ser.std.CollectionSerializer.serialize(CollectionSerializer.java:107)
	at com.fasterxml.jackson.databind.ser.std.CollectionSerializer.serialize(CollectionSerializer.java:25)
	at com.fasterxml.jackson.databind.ser.BeanPropertyWriter.serializeAsField(BeanPropertyWriter.java:732)
	at com.fasterxml.jackson.databind.ser.std.BeanSerializerBase.serializeFields(BeanSerializerBase.java:770)
	at com.fasterxml.jackson.databind.ser.BeanSerializer.serialize(BeanSerializer.java:184)
	at com.fasterxml.jackson.databind.ser.BeanPropertyWriter.serializeAsField(BeanPropertyWriter.java:732)
	at com.fasterxml.jackson.databind.ser.std.BeanSerializerBase.serializeFields(BeanSerializerBase.java:770)
	at com.fasterxml.jackson.databind.ser.BeanSerializer.serialize(BeanSerializer.java:184)
	at com.fasterxml.jackson.databind.ser.std.CollectionSerializer.serializeContents(CollectionSerializer.java:145)
	at com.fasterxml.jackson.databind.ser.std.CollectionSerializer.serialize(CollectionSerializer.java:107)
	at com.fasterxml.jackson.databind.ser.std.CollectionSerializer.serialize(CollectionSerializer.java:25)
	at com.fasterxml.jackson.databind.ser.BeanPropertyWriter.serializeAsField(BeanPropertyWriter.java:732)
	at com.fasterxml.jackson.databind.ser.std.BeanSerializerBase.serializeFields(BeanSerializerBase.java:770)
	at com.fasterxml.jackson.databind.ser.BeanSerializer.serialize(BeanSerializer.java:184)
	at com.fasterxml.jackson.databind.ser.BeanPropertyWriter.serializeAsField(BeanPropertyWriter.java:732)
	at com.fasterxml.jackson.databind.ser.std.BeanSerializerBase.serializeFields(BeanSerializerBase.java:770)
	at com.fasterxml.jackson.databind.ser.BeanSerializer.serialize(BeanSerializer.java:184)
	at com.fasterxml.jackson.databind.ser.std.CollectionSerializer.serializeContents(CollectionSerializer.java:145)
	at com.fasterxml.jackson.databind.ser.std.CollectionSerializer.serialize(CollectionSerializer.java:107)
	at com.fasterxml.jackson.databind.ser.std.CollectionSerializer.serialize(CollectionSerializer.java:25)
	at com.fasterxml.jackson.databind.ser.BeanPropertyWriter.serializeAsField(BeanPropertyWriter.java:732)
	at com.fasterxml.jackson.databind.ser.std.BeanSerializerBase.serializeFields(BeanSerializerBase.java:770)
	at com.fasterxml.jackson.databind.ser.BeanSerializer.serialize(BeanSerializer.java:184)
	at com.fasterxml.jackson.databind.ser.BeanPropertyWriter.serializeAsField(BeanPropertyWriter.java:732)
	at com.fasterxml.jackson.databind.ser.std.BeanSerializerBase.serializeFields(BeanSerializerBase.java:770)
	at com.fasterxml.jackson.databind.ser.BeanSerializer.serialize(BeanSerializer.java:184)
	at com.fasterxml.jackson.databind.ser.std.CollectionSerializer.serializeContents(CollectionSerializer.java:145)
	at com.fasterxml.jackson.databind.ser.std.CollectionSerializer.serialize(CollectionSerializer.java:107)
	at com.fasterxml.jackson.databind.ser.std.CollectionSerializer.serialize(CollectionSerializer.java:25)
	at com.fasterxml.jackson.databind.ser.BeanPropertyWriter.serializeAsField(BeanPropertyWriter.java:732)
	at com.fasterxml.jackson.databind.ser.std.BeanSerializerBase.serializeFields(BeanSerializerBase.java:770)
	at com.fasterxml.jackson.databind.ser.BeanSerializer.serialize(BeanSerializer.java:184)
	at com.fasterxml.jackson.databind.ser.BeanPropertyWriter.serializeAsField(BeanPropertyWriter.java:732)
	at com.fasterxml.jackson.databind.ser.std.BeanSerializerBase.serializeFields(BeanSerializerBase.java:770)
	at com.fasterxml.jackson.databind.ser.BeanSerializer.serialize(BeanSerializer.java:184)
	at com.fasterxml.jackson.databind.ser.std.CollectionSerializer.serializeContents(CollectionSerializer.java:145)
	at com.fasterxml.jackson.databind.ser.std.CollectionSerializer.serialize(CollectionSerializer.java:107)
	at com.fasterxml.jackson.databind.ser.std.CollectionSerializer.serialize(CollectionSerializer.java:25)
	at com.fasterxml.jackson.databind.ser.BeanPropertyWriter.serializeAsField(BeanPropertyWriter.java:732)
	at com.fasterxml.jackson.databind.ser.std.BeanSerializerBase.serializeFields(BeanSerializerBase.java:770)
	at com.fasterxml.jackson.databind.ser.BeanSerializer.serialize(BeanSerializer.java:184)
	at com.fasterxml.jackson.databind.ser.BeanPropertyWriter.serializeAsField(BeanPropertyWriter.java:732)
	at com.fasterxml.jackson.databind.ser.std.BeanSerializerBase.serializeFields(BeanSerializerBase.java:770)
	at com.fasterxml.jackson.databind.ser.BeanSerializer.serialize(BeanSerializer.java:184)
	at com.fasterxml.jackson.databind.ser.std.CollectionSerializer.serializeContents(CollectionSerializer.java:145)
	at com.fasterxml.jackson.databind.ser.std.CollectionSerializer.serialize(CollectionSerializer.java:107)
	at com.fasterxml.jackson.databind.ser.std.CollectionSerializer.serialize(CollectionSerializer.java:25)
	at com.fasterxml.jackson.databind.ser.BeanPropertyWriter.serializeAsField(BeanPropertyWriter.java:732)
	at com.fasterxml.jackson.databind.ser.std.BeanSerializerBase.serializeFields(BeanSerializerBase.java:770)
	at com.fasterxml.jackson.databind.ser.BeanSerializer.serialize(BeanSerializer.java:184)
	at com.fasterxml.jackson.databind.ser.BeanPropertyWriter.serializeAsField(BeanPropertyWriter.java:732)
	at com.fasterxml.jackson.databind.ser.std.BeanSerializerBase.serializeFields(BeanSerializerBase.java:770)
	at com.fasterxml.jackson.databind.ser.BeanSerializer.serialize(BeanSerializer.java:184)
	at com.fasterxml.jackson.databind.ser.std.CollectionSerializer.serializeContents(CollectionSerializer.java:145)
	at com.fasterxml.jackson.databind.ser.std.CollectionSerializer.serialize(CollectionSerializer.java:107)
	at com.fasterxml.jackson.databind.ser.std.CollectionSerializer.serialize(CollectionSerializer.java:25)
	at com.fasterxml.jackson.databind.ser.BeanPropertyWriter.serializeAsField(BeanPropertyWriter.java:732)
	at com.fasterxml.jackson.databind.ser.std.BeanSerializerBase.serializeFields(BeanSerializerBase.java:770)
	at com.fasterxml.jackson.databind.ser.BeanSerializer.serialize(BeanSerializer.java:184)
	at com.fasterxml.jackson.databind.ser.BeanPropertyWriter.serializeAsField(BeanPropertyWriter.java:732)
	at com.fasterxml.jackson.databind.ser.std.BeanSerializerBase.serializeFields(BeanSerializerBase.java:770)
	at com.fasterxml.jackson.databind.ser.BeanSerializer.serialize(BeanSerializer.java:184)
	at com.fasterxml.jackson.databind.ser.std.CollectionSerializer.serializeContents(CollectionSerializer.java:145)
	at com.fasterxml.jackson.databind.ser.std.CollectionSerializer.serialize(CollectionSerializer.java:107)
	at com.fasterxml.jackson.databind.ser.std.CollectionSerializer.serialize(CollectionSerializer.java:25)
	at com.fasterxml.jackson.databind.ser.BeanPropertyWriter.serializeAsField(BeanPropertyWriter.java:732)
	at com.fasterxml.jackson.databind.ser.std.BeanSerializerBase.serializeFields(BeanSerializerBase.java:770)
	at com.fasterxml.jackson.databind.ser.BeanSerializer.serialize(BeanSerializer.java:184)
	at com.fasterxml.jackson.databind.ser.BeanPropertyWriter.serializeAsField(BeanPropertyWriter.java:732)
	at com.fasterxml.jackson.databind.ser.std.BeanSerializerBase.serializeFields(BeanSerializerBase.java:770)
	at com.fasterxml.jackson.databind.ser.BeanSerializer.serialize(BeanSerializer.java:184)
	at com.fasterxml.jackson.databind.ser.std.CollectionSerializer.serializeContents(CollectionSerializer.java:145)
	at com.fasterxml.jackson.databind.ser.std.CollectionSerializer.serialize(CollectionSerializer.java:107)
	at com.fasterxml.jackson.databind.ser.std.CollectionSerializer.serialize(CollectionSerializer.java:25)
	at com.fasterxml.jackson.databind.ser.BeanPropertyWriter.serializeAsField(BeanPropertyWriter.java:732)
	at com.fasterxml.jackson.databind.ser.std.BeanSerializerBase.serializeFields(BeanSerializerBase.java:770)
	at com.fasterxml.jackson.databind.ser.BeanSerializer.serialize(BeanSerializer.java:184)
	at com.fasterxml.jackson.databind.ser.BeanPropertyWriter.serializeAsField(BeanPropertyWriter.java:732)
	at com.fasterxml.jackson.databind.ser.std.BeanSerializerBase.serializeFields(BeanSerializerBase.java:770)
	at com.fasterxml.jackson.databind.ser.BeanSerializer.serialize(BeanSerializer.java:184)
	at com.fasterxml.jackson.databind.ser.std.CollectionSerializer.serializeContents(CollectionSerializer.java:145)
	at com.fasterxml.jackson.databind.ser.std.CollectionSerializer.serialize(CollectionSerializer.java:107)
	at com.fasterxml.jackson.databind.ser.std.CollectionSerializer.serialize(CollectionSerializer.java:25)
	at com.fasterxml.jackson.databind.ser.BeanPropertyWriter.serializeAsField(BeanPropertyWriter.java:732)
	at com.fasterxml.jackson.databind.ser.std.BeanSerializerBase.serializeFields(BeanSerializerBase.java:770)
	at com.fasterxml.jackson.databind.ser.BeanSerializer.serialize(BeanSerializer.java:184)
	at com.fasterxml.jackson.databind.ser.BeanPropertyWriter.serializeAsField(BeanPropertyWriter.java:732)
	at com.fasterxml.jackson.databind.ser.std.BeanSerializerBase.serializeFields(BeanSerializerBase.java:770)
	at com.fasterxml.jackson.databind.ser.BeanSerializer.serialize(BeanSerializer.java:184)
	at com.fasterxml.jackson.databind.ser.std.CollectionSerializer.serializeContents(CollectionSerializer.java:145)
	at com.fasterxml.jackson.databind.ser.std.CollectionSerializer.serialize(CollectionSerializer.java:107)
	at com.fasterxml.jackson.databind.ser.std.CollectionSerializer.serialize(CollectionSerializer.java:25)
	at com.fasterxml.jackson.databind.ser.BeanPropertyWriter.serializeAsField(BeanPropertyWriter.java:732)
	at com.fasterxml.jackson.databind.ser.std.BeanSerializerBase.serializeFields(BeanSerializerBase.java:770)
	at com.fasterxml.jackson.databind.ser.BeanSerializer.serialize(BeanSerializer.java:184)
	at com.fasterxml.jackson.databind.ser.BeanPropertyWriter.serializeAsField(BeanPropertyWriter.java:732)
	at com.fasterxml.jackson.databind.ser.std.BeanSerializerBase.serializeFields(BeanSerializerBase.java:770)
	at com.fasterxml.jackson.databind.ser.BeanSerializer.serialize(BeanSerializer.java:184)
	at com.fasterxml.jackson.databind.ser.std.CollectionSerializer.serializeContents(CollectionSerializer.java:145)
	at com.fasterxml.jackson.databind.ser.std.CollectionSerializer.serialize(CollectionSerializer.java:107)
	at com.fasterxml.jackson.databind.ser.std.CollectionSerializer.serialize(CollectionSerializer.java:25)
	at com.fasterxml.jackson.databind.ser.BeanPropertyWriter.serializeAsField(BeanPropertyWriter.java:732)
	at com.fasterxml.jackson.databind.ser.std.BeanSerializerBase.serializeFields(BeanSerializerBase.java:770)
	at com.fasterxml.jackson.databind.ser.BeanSerializer.serialize(BeanSerializer.java:184)
	at com.fasterxml.jackson.databind.ser.BeanPropertyWriter.serializeAsField(BeanPropertyWriter.java:732)
	at com.fasterxml.jackson.databind.ser.std.BeanSerializerBase.serializeFields(BeanSerializerBase.java:770)
	at com.fasterxml.jackson.databind.ser.BeanSerializer.serialize(BeanSerializer.java:184)
	at com.fasterxml.jackson.databind.ser.std.CollectionSerializer.serializeContents(CollectionSerializer.java:145)
	at com.fasterxml.jackson.databind.ser.std.CollectionSerializer.serialize(CollectionSerializer.java:107)
	at com.fasterxml.jackson.databind.ser.std.CollectionSerializer.serialize(CollectionSerializer.java:25)
	at com.fasterxml.jackson.databind.ser.BeanPropertyWriter.serializeAsField(BeanPropertyWriter.java:732)
	at com.fasterxml.jackson.databind.ser.std.BeanSerializerBase.serializeFields(BeanSerializerBase.java:770)
	at com.fasterxml.jackson.databind.ser.BeanSerializer.serialize(BeanSerializer.java:184)
	at com.fasterxml.jackson.databind.ser.BeanPropertyWriter.serializeAsField(BeanPropertyWriter.java:732)
	at com.fasterxml.jackson.databind.ser.std.BeanSerializerBase.serializeFields(BeanSerializerBase.java:770)
	at com.fasterxml.jackson.databind.ser.BeanSerializer.serialize(BeanSerializer.java:184)
	at com.fasterxml.jackson.databind.ser.std.CollectionSerializer.serializeContents(CollectionSerializer.java:145)
	at com.fasterxml.jackson.databind.ser.std.CollectionSerializer.serialize(CollectionSerializer.java:107)
	at com.fasterxml.jackson.databind.ser.std.CollectionSerializer.serialize(CollectionSerializer.java:25)
	at com.fasterxml.jackson.databind.ser.BeanPropertyWriter.serializeAsField(BeanPropertyWriter.java:732)
	at com.fasterxml.jackson.databind.ser.std.BeanSerializerBase.serializeFields(BeanSerializerBase.java:770)
	at com.fasterxml.jackson.databind.ser.BeanSerializer.serialize(BeanSerializer.java:184)
	at com.fasterxml.jackson.databind.ser.BeanPropertyWriter.serializeAsField(BeanPropertyWriter.java:732)
	at com.fasterxml.jackson.databind.ser.std.BeanSerializerBase.serializeFields(BeanSerializerBase.java:770)
	at com.fasterxml.jackson.databind.ser.BeanSerializer.serialize(BeanSerializer.java:184)
	at com.fasterxml.jackson.databind.ser.std.CollectionSerializer.serializeContents(CollectionSerializer.java:145)
	at com.fasterxml.jackson.databind.ser.std.CollectionSerializer.serialize(CollectionSerializer.java:107)
	at com.fasterxml.jackson.databind.ser.std.CollectionSerializer.serialize(CollectionSerializer.java:25)
	at com.fasterxml.jackson.databind.ser.BeanPropertyWriter.serializeAsField(BeanPropertyWriter.java:732)
	at com.fasterxml.jackson.databind.ser.std.BeanSerializerBase.serializeFields(BeanSerializerBase.java:770)
	at com.fasterxml.jackson.databind.ser.BeanSerializer.serialize(BeanSerializer.java:184)
	at com.fasterxml.jackson.databind.ser.BeanPropertyWriter.serializeAsField(BeanPropertyWriter.java:732)
	at com.fasterxml.jackson.databind.ser.std.BeanSerializerBase.serializeFields(BeanSerializerBase.java:770)
	at com.fasterxml.jackson.databind.ser.BeanSerializer.serialize(BeanSerializer.java:184)
	at com.fasterxml.jackson.databind.ser.std.CollectionSerializer.serializeContents(CollectionSerializer.java:145)
	at com.fasterxml.jackson.databind.ser.std.CollectionSerializer.serialize(CollectionSerializer.java:107)
	at com.fasterxml.jackson.databind.ser.std.CollectionSerializer.serialize(CollectionSerializer.java:25)
	at com.fasterxml.jackson.databind.ser.BeanPropertyWriter.serializeAsField(BeanPropertyWriter.java:732)
	at com.fasterxml.jackson.databind.ser.std.BeanSerializerBase.serializeFields(BeanSerializerBase.java:770)
	at com.fasterxml.jackson.databind.ser.BeanSerializer.serialize(BeanSerializer.java:184)
	at com.fasterxml.jackson.databind.ser.BeanPropertyWriter.serializeAsField(BeanPropertyWriter.java:732)
	at com.fasterxml.jackson.databind.ser.std.BeanSerializerBase.serializeFields(BeanSerializerBase.java:770)
	at com.fasterxml.jackson.databind.ser.BeanSerializer.serialize(BeanSerializer.java:184)
	at com.fasterxml.jackson.databind.ser.std.CollectionSerializer.serializeContents(CollectionSerializer.java:145)
	at com.fasterxml.jackson.databind.ser.std.CollectionSerializer.serialize(CollectionSerializer.java:107)
	at com.fasterxml.jackson.databind.ser.std.CollectionSerializer.serialize(CollectionSerializer.java:25)
	at com.fasterxml.jackson.databind.ser.BeanPropertyWriter.serializeAsField(BeanPropertyWriter.java:732)
	at com.fasterxml.jackson.databind.ser.std.BeanSerializerBase.serializeFields(BeanSerializerBase.java:770)
	at com.fasterxml.jackson.databind.ser.BeanSerializer.serialize(BeanSerializer.java:184)
	at com.fasterxml.jackson.databind.ser.BeanPropertyWriter.serializeAsField(BeanPropertyWriter.java:732)
	at com.fasterxml.jackson.databind.ser.std.BeanSerializerBase.serializeFields(BeanSerializerBase.java:770)
	at com.fasterxml.jackson.databind.ser.BeanSerializer.serialize(BeanSerializer.java:184)
	at com.fasterxml.jackson.databind.ser.std.CollectionSerializer.serializeContents(CollectionSerializer.java:145)
	at com.fasterxml.jackson.databind.ser.std.CollectionSerializer.serialize(CollectionSerializer.java:107)
	at com.fasterxml.jackson.databind.ser.std.CollectionSerializer.serialize(CollectionSerializer.java:25)
	at com.fasterxml.jackson.databind.ser.BeanPropertyWriter.serializeAsField(BeanPropertyWriter.java:732)
	at com.fasterxml.jackson.databind.ser.std.BeanSerializerBase.serializeFields(BeanSerializerBase.java:770)
	at com.fasterxml.jackson.databind.ser.BeanSerializer.serialize(BeanSerializer.java:184)
	at com.fasterxml.jackson.databind.ser.BeanPropertyWriter.serializeAsField(BeanPropertyWriter.java:732)
	at com.fasterxml.jackson.databind.ser.std.BeanSerializerBase.serializeFields(BeanSerializerBase.java:770)
	at com.fasterxml.jackson.databind.ser.BeanSerializer.serialize(BeanSerializer.java:184)
	at com.fasterxml.jackson.databind.ser.std.CollectionSerializer.serializeContents(CollectionSerializer.java:145)
	at com.fasterxml.jackson.databind.ser.std.CollectionSerializer.serialize(CollectionSerializer.java:107)
	at com.fasterxml.jackson.databind.ser.std.CollectionSerializer.serialize(CollectionSerializer.java:25)
	at com.fasterxml.jackson.databind.ser.BeanPropertyWriter.serializeAsField(BeanPropertyWriter.java:732)
	at com.fasterxml.jackson.databind.ser.std.BeanSerializerBase.serializeFields(BeanSerializerBase.java:770)
	at com.fasterxml.jackson.databind.ser.BeanSerializer.serialize(BeanSerializer.java:184)
	at com.fasterxml.jackson.databind.ser.BeanPropertyWriter.serializeAsField(BeanPropertyWriter.java:732)
	at com.fasterxml.jackson.databind.ser.std.BeanSerializerBase.serializeFields(BeanSerializerBase.java:770)
	at com.fasterxml.jackson.databind.ser.BeanSerializer.serialize(BeanSerializer.java:184)
	at com.fasterxml.jackson.databind.ser.std.CollectionSerializer.serializeContents(CollectionSerializer.java:145)
	at com.fasterxml.jackson.databind.ser.std.CollectionSerializer.serialize(CollectionSerializer.java:107)
	at com.fasterxml.jackson.databind.ser.std.CollectionSerializer.serialize(CollectionSerializer.java:25)
	at com.fasterxml.jackson.databind.ser.BeanPropertyWriter.serializeAsField(BeanPropertyWriter.java:732)
	at com.fasterxml.jackson.databind.ser.std.BeanSerializerBase.serializeFields(BeanSerializerBase.java:770)
	at com.fasterxml.jackson.databind.ser.BeanSerializer.serialize(BeanSerializer.java:184)
	at com.fasterxml.jackson.databind.ser.BeanPropertyWriter.serializeAsField(BeanPropertyWriter.java:732)
	at com.fasterxml.jackson.databind.ser.std.BeanSerializerBase.serializeFields(BeanSerializerBase.java:770)
	at com.fasterxml.jackson.databind.ser.BeanSerializer.serialize(BeanSerializer.java:184)
	at com.fasterxml.jackson.databind.ser.std.CollectionSerializer.serializeContents(CollectionSerializer.java:145)
	at com.fasterxml.jackson.databind.ser.std.CollectionSerializer.serialize(CollectionSerializer.java:107)
	at com.fasterxml.jackson.databind.ser.std.CollectionSerializer.serialize(CollectionSerializer.java:25)
	at com.fasterxml.jackson.databind.ser.BeanPropertyWriter.serializeAsField(BeanPropertyWriter.java:732)
	at com.fasterxml.jackson.databind.ser.std.BeanSerializerBase.serializeFields(BeanSerializerBase.java:770)
	at com.fasterxml.jackson.databind.ser.BeanSerializer.serialize(BeanSerializer.java:184)
	at com.fasterxml.jackson.databind.ser.BeanPropertyWriter.serializeAsField(BeanPropertyWriter.java:732)
	at com.fasterxml.jackson.databind.ser.std.BeanSerializerBase.serializeFields(BeanSerializerBase.java:770)
	at com.fasterxml.jackson.databind.ser.BeanSerializer.serialize(BeanSerializer.java:184)
	at com.fasterxml.jackson.databind.ser.std.CollectionSerializer.serializeContents(CollectionSerializer.java:145)
	at com.fasterxml.jackson.databind.ser.std.CollectionSerializer.serialize(CollectionSerializer.java:107)
	at com.fasterxml.jackson.databind.ser.std.CollectionSerializer.serialize(CollectionSerializer.java:25)
	at com.fasterxml.jackson.databind.ser.BeanPropertyWriter.serializeAsField(BeanPropertyWriter.java:732)
	at com.fasterxml.jackson.databind.ser.std.BeanSerializerBase.serializeFields(BeanSerializerBase.java:770)
	at com.fasterxml.jackson.databind.ser.BeanSerializer.serialize(BeanSerializer.java:184)
	at com.fasterxml.jackson.databind.ser.BeanPropertyWriter.serializeAsField(BeanPropertyWriter.java:732)
	at com.fasterxml.jackson.databind.ser.std.BeanSerializerBase.serializeFields(BeanSerializerBase.java:770)
	at com.fasterxml.jackson.databind.ser.BeanSerializer.serialize(BeanSerializer.java:184)
	at com.fasterxml.jackson.databind.ser.std.CollectionSerializer.serializeContents(CollectionSerializer.java:145)
	at com.fasterxml.jackson.databind.ser.std.CollectionSerializer.serialize(CollectionSerializer.java:107)
	at com.fasterxml.jackson.databind.ser.std.CollectionSerializer.serialize(CollectionSerializer.java:25)
	at com.fasterxml.jackson.databind.ser.BeanPropertyWriter.serializeAsField(BeanPropertyWriter.java:732)
	at com.fasterxml.jackson.databind.ser.std.BeanSerializerBase.serializeFields(BeanSerializerBase.java:770)
	at com.fasterxml.jackson.databind.ser.BeanSerializer.serialize(BeanSerializer.java:184)
	at com.fasterxml.jackson.databind.ser.BeanPropertyWriter.serializeAsField(BeanPropertyWriter.java:732)
	at com.fasterxml.jackson.databind.ser.std.BeanSerializerBase.serializeFields(BeanSerializerBase.java:770)
	at com.fasterxml.jackson.databind.ser.BeanSerializer.serialize(BeanSerializer.java:184)
	at com.fasterxml.jackson.databind.ser.std.CollectionSerializer.serializeContents(CollectionSerializer.java:145)
	at com.fasterxml.jackson.databind.ser.std.CollectionSerializer.serialize(CollectionSerializer.java:107)
	at com.fasterxml.jackson.databind.ser.std.CollectionSerializer.serialize(CollectionSerializer.java:25)
	at com.fasterxml.jackson.databind.ser.BeanPropertyWriter.serializeAsField(BeanPropertyWriter.java:732)
	at com.fasterxml.jackson.databind.ser.std.BeanSerializerBase.serializeFields(BeanSerializerBase.java:770)
	at com.fasterxml.jackson.databind.ser.BeanSerializer.serialize(BeanSerializer.java:184)
	at com.fasterxml.jackson.databind.ser.BeanPropertyWriter.serializeAsField(BeanPropertyWriter.java:732)
	at com.fasterxml.jackson.databind.ser.std.BeanSerializerBase.serializeFields(BeanSerializerBase.java:770)
	at com.fasterxml.jackson.databind.ser.BeanSerializer.serialize(BeanSerializer.java:184)
	at com.fasterxml.jackson.databind.ser.std.CollectionSerializer.serializeContents(CollectionSerializer.java:145)
	at com.fasterxml.jackson.databind.ser.std.CollectionSerializer.serialize(CollectionSerializer.java:107)
	at com.fasterxml.jackson.databind.ser.std.CollectionSerializer.serialize(CollectionSerializer.java:25)
	at com.fasterxml.jackson.databind.ser.BeanPropertyWriter.serializeAsField(BeanPropertyWriter.java:732)
	at com.fasterxml.jackson.databind.ser.std.BeanSerializerBase.serializeFields(BeanSerializerBase.java:770)
	at com.fasterxml.jackson.databind.ser.BeanSerializer.serialize(BeanSerializer.java:184)
	at com.fasterxml.jackson.databind.ser.BeanPropertyWriter.serializeAsField(BeanPropertyWriter.java:732)
	at com.fasterxml.jackson.databind.ser.std.BeanSerializerBase.serializeFields(BeanSerializerBase.java:770)
	at com.fasterxml.jackson.databind.ser.BeanSerializer.serialize(BeanSerializer.java:184)
	at com.fasterxml.jackson.databind.ser.std.CollectionSerializer.serializeContents(CollectionSerializer.java:145)
	at com.fasterxml.jackson.databind.ser.std.CollectionSerializer.serialize(CollectionSerializer.java:107)
	at com.fasterxml.jackson.databind.ser.std.CollectionSerializer.serialize(CollectionSerializer.java:25)
	at com.fasterxml.jackson.databind.ser.BeanPropertyWriter.serializeAsField(BeanPropertyWriter.java:732)
	at com.fasterxml.jackson.databind.ser.std.BeanSerializerBase.serializeFields(BeanSerializerBase.java:770)
	at com.fasterxml.jackson.databind.ser.BeanSerializer.serialize(BeanSerializer.java:184)
	at com.fasterxml.jackson.databind.ser.BeanPropertyWriter.serializeAsField(BeanPropertyWriter.java:732)
	at com.fasterxml.jackson.databind.ser.std.BeanSerializerBase.serializeFields(BeanSerializerBase.java:770)
	at com.fasterxml.jackson.databind.ser.BeanSerializer.serialize(BeanSerializer.java:184)
	at com.fasterxml.jackson.databind.ser.std.CollectionSerializer.serializeContents(CollectionSerializer.java:145)
	at com.fasterxml.jackson.databind.ser.std.CollectionSerializer.serialize(CollectionSerializer.java:107)
	at com.fasterxml.jackson.databind.ser.std.CollectionSerializer.serialize(CollectionSerializer.java:25)
	at com.fasterxml.jackson.databind.ser.BeanPropertyWriter.serializeAsField(BeanPropertyWriter.java:732)
	at com.fasterxml.jackson.databind.ser.std.BeanSerializerBase.serializeFields(BeanSerializerBase.java:770)
	at com.fasterxml.jackson.databind.ser.BeanSerializer.serialize(BeanSerializer.java:184)
	at com.fasterxml.jackson.databind.ser.BeanPropertyWriter.serializeAsField(BeanPropertyWriter.java:732)
	at com.fasterxml.jackson.databind.ser.std.BeanSerializerBase.serializeFields(BeanSerializerBase.java:770)
	at com.fasterxml.jackson.databind.ser.BeanSerializer.serialize(BeanSerializer.java:184)
	at com.fasterxml.jackson.databind.ser.std.CollectionSerializer.serializeContents(CollectionSerializer.java:145)
	at com.fasterxml.jackson.databind.ser.std.CollectionSerializer.serialize(CollectionSerializer.java:107)
	at com.fasterxml.jackson.databind.ser.std.CollectionSerializer.serialize(CollectionSerializer.java:25)
	at com.fasterxml.jackson.databind.ser.BeanPropertyWriter.serializeAsField(BeanPropertyWriter.java:732)
	at com.fasterxml.jackson.databind.ser.std.BeanSerializerBase.serializeFields(BeanSerializerBase.java:770)
	at com.fasterxml.jackson.databind.ser.BeanSerializer.serialize(BeanSerializer.java:184)
	at com.fasterxml.jackson.databind.ser.BeanPropertyWriter.serializeAsField(BeanPropertyWriter.java:732)
	at com.fasterxml.jackson.databind.ser.std.BeanSerializerBase.serializeFields(BeanSerializerBase.java:770)
	at com.fasterxml.jackson.databind.ser.BeanSerializer.serialize(BeanSerializer.java:184)
	at com.fasterxml.jackson.databind.ser.std.CollectionSerializer.serializeContents(CollectionSerializer.java:145)
	at com.fasterxml.jackson.databind.ser.std.CollectionSerializer.serialize(CollectionSerializer.java:107)
	at com.fasterxml.jackson.databind.ser.std.CollectionSerializer.serialize(CollectionSerializer.java:25)
	at com.fasterxml.jackson.databind.ser.BeanPropertyWriter.serializeAsField(BeanPropertyWriter.java:732)
	at com.fasterxml.jackson.databind.ser.std.BeanSerializerBase.serializeFields(BeanSerializerBase.java:770)
	at com.fasterxml.jackson.databind.ser.BeanSerializer.serialize(BeanSerializer.java:184)
	at com.fasterxml.jackson.databind.ser.BeanPropertyWriter.serializeAsField(BeanPropertyWriter.java:732)
	at com.fasterxml.jackson.databind.ser.std.BeanSerializerBase.serializeFields(BeanSerializerBase.java:770)
	at com.fasterxml.jackson.databind.ser.BeanSerializer.serialize(BeanSerializer.java:184)
	at com.fasterxml.jackson.databind.ser.std.CollectionSerializer.serializeContents(CollectionSerializer.java:145)
	at com.fasterxml.jackson.databind.ser.std.CollectionSerializer.serialize(CollectionSerializer.java:107)
	at com.fasterxml.jackson.databind.ser.std.CollectionSerializer.serialize(CollectionSerializer.java:25)
	at com.fasterxml.jackson.databind.ser.BeanPropertyWriter.serializeAsField(BeanPropertyWriter.java:732)
	at com.fasterxml.jackson.databind.ser.std.BeanSerializerBase.serializeFields(BeanSerializerBase.java:770)
	at com.fasterxml.jackson.databind.ser.BeanSerializer.serialize(BeanSerializer.java:184)
	at com.fasterxml.jackson.databind.ser.BeanPropertyWriter.serializeAsField(BeanPropertyWriter.java:732)
	at com.fasterxml.jackson.databind.ser.std.BeanSerializerBase.serializeFields(BeanSerializerBase.java:770)
	at com.fasterxml.jackson.databind.ser.BeanSerializer.serialize(BeanSerializer.java:184)
	at com.fasterxml.jackson.databind.ser.std.CollectionSerializer.serializeContents(CollectionSerializer.java:145)
	at com.fasterxml.jackson.databind.ser.std.CollectionSerializer.serialize(CollectionSerializer.java:107)
	at com.fasterxml.jackson.databind.ser.std.CollectionSerializer.serialize(CollectionSerializer.java:25)
	at com.fasterxml.jackson.databind.ser.BeanPropertyWriter.serializeAsField(BeanPropertyWriter.java:732)
	at com.fasterxml.jackson.databind.ser.std.BeanSerializerBase.serializeFields(BeanSerializerBase.java:770)
	at com.fasterxml.jackson.databind.ser.BeanSerializer.serialize(BeanSerializer.java:184)
	at com.fasterxml.jackson.databind.ser.BeanPropertyWriter.serializeAsField(BeanPropertyWriter.java:732)
	at com.fasterxml.jackson.databind.ser.std.BeanSerializerBase.serializeFields(BeanSerializerBase.java:770)
	at com.fasterxml.jackson.databind.ser.BeanSerializer.serialize(BeanSerializer.java:184)
	at com.fasterxml.jackson.databind.ser.std.CollectionSerializer.serializeContents(CollectionSerializer.java:145)
	at com.fasterxml.jackson.databind.ser.std.CollectionSerializer.serialize(CollectionSerializer.java:107)
	at com.fasterxml.jackson.databind.ser.std.CollectionSerializer.serialize(CollectionSerializer.java:25)
	at com.fasterxml.jackson.databind.ser.BeanPropertyWriter.serializeAsField(BeanPropertyWriter.java:732)
	at com.fasterxml.jackson.databind.ser.std.BeanSerializerBase.serializeFields(BeanSerializerBase.java:770)
	at com.fasterxml.jackson.databind.ser.BeanSerializer.serialize(BeanSerializer.java:184)
	at com.fasterxml.jackson.databind.ser.BeanPropertyWriter.serializeAsField(BeanPropertyWriter.java:732)
	at com.fasterxml.jackson.databind.ser.std.BeanSerializerBase.serializeFields(BeanSerializerBase.java:770)
	at com.fasterxml.jackson.databind.ser.BeanSerializer.serialize(BeanSerializer.java:184)
	at com.fasterxml.jackson.databind.ser.std.CollectionSerializer.serializeContents(CollectionSerializer.java:145)
	at com.fasterxml.jackson.databind.ser.std.CollectionSerializer.serialize(CollectionSerializer.java:107)
	at com.fasterxml.jackson.databind.ser.std.CollectionSerializer.serialize(CollectionSerializer.java:25)
	at com.fasterxml.jackson.databind.ser.BeanPropertyWriter.serializeAsField(BeanPropertyWriter.java:732)
	at com.fasterxml.jackson.databind.ser.std.BeanSerializerBase.serializeFields(BeanSerializerBase.java:770)
	at com.fasterxml.jackson.databind.ser.BeanSerializer.serialize(BeanSerializer.java:184)
	at com.fasterxml.jackson.databind.ser.BeanPropertyWriter.serializeAsField(BeanPropertyWriter.java:732)
	at com.fasterxml.jackson.databind.ser.std.BeanSerializerBase.serializeFields(BeanSerializerBase.java:770)
	at com.fasterxml.jackson.databind.ser.BeanSerializer.serialize(BeanSerializer.java:184)
	at com.fasterxml.jackson.databind.ser.std.CollectionSerializer.serializeContents(CollectionSerializer.java:145)
	at com.fasterxml.jackson.databind.ser.std.CollectionSerializer.serialize(CollectionSerializer.java:107)
	at com.fasterxml.jackson.databind.ser.std.CollectionSerializer.serialize(CollectionSerializer.java:25)
	at com.fasterxml.jackson.databind.ser.BeanPropertyWriter.serializeAsField(BeanPropertyWriter.java:732)
	at com.fasterxml.jackson.databind.ser.std.BeanSerializerBase.serializeFields(BeanSerializerBase.java:770)
	at com.fasterxml.jackson.databind.ser.BeanSerializer.serialize(BeanSerializer.java:184)
	at com.fasterxml.jackson.databind.ser.BeanPropertyWriter.serializeAsField(BeanPropertyWriter.java:732)
	at com.fasterxml.jackson.databind.ser.std.BeanSerializerBase.serializeFields(BeanSerializerBase.java:770)
	at com.fasterxml.jackson.databind.ser.BeanSerializer.serialize(BeanSerializer.java:184)
	at com.fasterxml.jackson.databind.ser.std.CollectionSerializer.serializeContents(CollectionSerializer.java:145)
	at com.fasterxml.jackson.databind.ser.std.CollectionSerializer.serialize(CollectionSerializer.java:107)
	at com.fasterxml.jackson.databind.ser.std.CollectionSerializer.serialize(CollectionSerializer.java:25)
	at com.fasterxml.jackson.databind.ser.BeanPropertyWriter.serializeAsField(BeanPropertyWriter.java:732)
	at com.fasterxml.jackson.databind.ser.std.BeanSerializerBase.serializeFields(BeanSerializerBase.java:770)
	at com.fasterxml.jackson.databind.ser.BeanSerializer.serialize(BeanSerializer.java:184)
	at com.fasterxml.jackson.databind.ser.BeanPropertyWriter.serializeAsField(BeanPropertyWriter.java:732)
	at com.fasterxml.jackson.databind.ser.std.BeanSerializerBase.serializeFields(BeanSerializerBase.java:770)
	at com.fasterxml.jackson.databind.ser.BeanSerializer.serialize(BeanSerializer.java:184)
	at com.fasterxml.jackson.databind.ser.std.CollectionSerializer.serializeContents(CollectionSerializer.java:145)
	at com.fasterxml.jackson.databind.ser.std.CollectionSerializer.serialize(CollectionSerializer.java:107)
	at com.fasterxml.jackson.databind.ser.std.CollectionSerializer.serialize(CollectionSerializer.java:25)
	at com.fasterxml.jackson.databind.ser.BeanPropertyWriter.serializeAsField(BeanPropertyWriter.java:732)
	at com.fasterxml.jackson.databind.ser.std.BeanSerializerBase.serializeFields(BeanSerializerBase.java:770)
	at com.fasterxml.jackson.databind.ser.BeanSerializer.serialize(BeanSerializer.java:184)
	at com.fasterxml.jackson.databind.ser.BeanPropertyWriter.serializeAsField(BeanPropertyWriter.java:732)
	at com.fasterxml.jackson.databind.ser.std.BeanSerializerBase.serializeFields(BeanSerializerBase.java:770)
	at com.fasterxml.jackson.databind.ser.BeanSerializer.serialize(BeanSerializer.java:184)
	at com.fasterxml.jackson.databind.ser.std.CollectionSerializer.serializeContents(CollectionSerializer.java:145)
	at com.fasterxml.jackson.databind.ser.std.CollectionSerializer.serialize(CollectionSerializer.java:107)
	at com.fasterxml.jackson.databind.ser.std.CollectionSerializer.serialize(CollectionSerializer.java:25)
	at com.fasterxml.jackson.databind.ser.BeanPropertyWriter.serializeAsField(BeanPropertyWriter.java:732)
	at com.fasterxml.jackson.databind.ser.std.BeanSerializerBase.serializeFields(BeanSerializerBase.java:770)
	at com.fasterxml.jackson.databind.ser.BeanSerializer.serialize(BeanSerializer.java:184)
	at com.fasterxml.jackson.databind.ser.BeanPropertyWriter.serializeAsField(BeanPropertyWriter.java:732)
	at com.fasterxml.jackson.databind.ser.std.BeanSerializerBase.serializeFields(BeanSerializerBase.java:770)
	at com.fasterxml.jackson.databind.ser.BeanSerializer.serialize(BeanSerializer.java:184)
	at com.fasterxml.jackson.databind.ser.std.CollectionSerializer.serializeContents(CollectionSerializer.java:145)
	at com.fasterxml.jackson.databind.ser.std.CollectionSerializer.serialize(CollectionSerializer.java:107)
	at com.fasterxml.jackson.databind.ser.std.CollectionSerializer.serialize(CollectionSerializer.java:25)
	at com.fasterxml.jackson.databind.ser.BeanPropertyWriter.serializeAsField(BeanPropertyWriter.java:732)
	at com.fasterxml.jackson.databind.ser.std.BeanSerializerBase.serializeFields(BeanSerializerBase.java:770)
	at com.fasterxml.jackson.databind.ser.BeanSerializer.serialize(BeanSerializer.java:184)
	at com.fasterxml.jackson.databind.ser.BeanPropertyWriter.serializeAsField(BeanPropertyWriter.java:732)
	at com.fasterxml.jackson.databind.ser.std.BeanSerializerBase.serializeFields(BeanSerializerBase.java:770)
	at com.fasterxml.jackson.databind.ser.BeanSerializer.serialize(BeanSerializer.java:184)
	at com.fasterxml.jackson.databind.ser.std.CollectionSerializer.serializeContents(CollectionSerializer.java:145)
	at com.fasterxml.jackson.databind.ser.std.CollectionSerializer.serialize(CollectionSerializer.java:107)
	at com.fasterxml.jackson.databind.ser.std.CollectionSerializer.serialize(CollectionSerializer.java:25)
	at com.fasterxml.jackson.databind.ser.BeanPropertyWriter.serializeAsField(BeanPropertyWriter.java:732)
	at com.fasterxml.jackson.databind.ser.std.BeanSerializerBase.serializeFields(BeanSerializerBase.java:770)
	at com.fasterxml.jackson.databind.ser.BeanSerializer.serialize(BeanSerializer.java:184)
	at com.fasterxml.jackson.databind.ser.BeanPropertyWriter.serializeAsField(BeanPropertyWriter.java:732)
	at com.fasterxml.jackson.databind.ser.std.BeanSerializerBase.serializeFields(BeanSerializerBase.java:770)
	at com.fasterxml.jackson.databind.ser.BeanSerializer.serialize(BeanSerializer.java:184)
	at com.fasterxml.jackson.databind.ser.std.CollectionSerializer.serializeContents(CollectionSerializer.java:145)
	at com.fasterxml.jackson.databind.ser.std.CollectionSerializer.serialize(CollectionSerializer.java:107)
	at com.fasterxml.jackson.databind.ser.std.CollectionSerializer.serialize(CollectionSerializer.java:25)
	at com.fasterxml.jackson.databind.ser.BeanPropertyWriter.serializeAsField(BeanPropertyWriter.java:732)
	at com.fasterxml.jackson.databind.ser.std.BeanSerializerBase.serializeFields(BeanSerializerBase.java:770)
	at com.fasterxml.jackson.databind.ser.BeanSerializer.serialize(BeanSerializer.java:184)
	at com.fasterxml.jackson.databind.ser.BeanPropertyWriter.serializeAsField(BeanPropertyWriter.java:732)
	at com.fasterxml.jackson.databind.ser.std.BeanSerializerBase.serializeFields(BeanSerializerBase.java:770)
	at com.fasterxml.jackson.databind.ser.BeanSerializer.serialize(BeanSerializer.java:184)
	at com.fasterxml.jackson.databind.ser.std.CollectionSerializer.serializeContents(CollectionSerializer.java:145)
	at com.fasterxml.jackson.databind.ser.std.CollectionSerializer.serialize(CollectionSerializer.java:107)
	at com.fasterxml.jackson.databind.ser.std.CollectionSerializer.serialize(CollectionSerializer.java:25)
	at com.fasterxml.jackson.databind.ser.BeanPropertyWriter.serializeAsField(BeanPropertyWriter.java:732)
	at com.fasterxml.jackson.databind.ser.std.BeanSerializerBase.serializeFields(BeanSerializerBase.java:770)
	at com.fasterxml.jackson.databind.ser.BeanSerializer.serialize(BeanSerializer.java:184)
	at com.fasterxml.jackson.databind.ser.BeanPropertyWriter.serializeAsField(BeanPropertyWriter.java:732)
	at com.fasterxml.jackson.databind.ser.std.BeanSerializerBase.serializeFields(BeanSerializerBase.java:770)
	at com.fasterxml.jackson.databind.ser.BeanSerializer.serialize(BeanSerializer.java:184)
	at com.fasterxml.jackson.databind.ser.std.CollectionSerializer.serializeContents(CollectionSerializer.java:145)
	at com.fasterxml.jackson.databind.ser.std.CollectionSerializer.serialize(CollectionSerializer.java:107)
	at com.fasterxml.jackson.databind.ser.std.CollectionSerializer.serialize(CollectionSerializer.java:25)
	at com.fasterxml.jackson.databind.ser.BeanPropertyWriter.serializeAsField(BeanPropertyWriter.java:732)
	at com.fasterxml.jackson.databind.ser.std.BeanSerializerBase.serializeFields(BeanSerializerBase.java:770)
	at com.fasterxml.jackson.databind.ser.BeanSerializer.serialize(BeanSerializer.java:184)
	at com.fasterxml.jackson.databind.ser.BeanPropertyWriter.serializeAsField(BeanPropertyWriter.java:732)
	at com.fasterxml.jackson.databind.ser.std.BeanSerializerBase.serializeFields(BeanSerializerBase.java:770)
	at com.fasterxml.jackson.databind.ser.BeanSerializer.serialize(BeanSerializer.java:184)
	at com.fasterxml.jackson.databind.ser.std.CollectionSerializer.serializeContents(CollectionSerializer.java:145)
	at com.fasterxml.jackson.databind.ser.std.CollectionSerializer.serialize(CollectionSerializer.java:107)
	at com.fasterxml.jackson.databind.ser.std.CollectionSerializer.serialize(CollectionSerializer.java:25)
	at com.fasterxml.jackson.databind.ser.BeanPropertyWriter.serializeAsField(BeanPropertyWriter.java:732)
	at com.fasterxml.jackson.databind.ser.std.BeanSerializerBase.serializeFields(BeanSerializerBase.java:770)
	at com.fasterxml.jackson.databind.ser.BeanSerializer.serialize(BeanSerializer.java:184)
	at com.fasterxml.jackson.databind.ser.BeanPropertyWriter.serializeAsField(BeanPropertyWriter.java:732)
	at com.fasterxml.jackson.databind.ser.std.BeanSerializerBase.serializeFields(BeanSerializerBase.java:770)
	at com.fasterxml.jackson.databind.ser.BeanSerializer.serialize(BeanSerializer.java:184)
	at com.fasterxml.jackson.databind.ser.std.CollectionSerializer.serializeContents(CollectionSerializer.java:145)
	at com.fasterxml.jackson.databind.ser.std.CollectionSerializer.serialize(CollectionSerializer.java:107)
	at com.fasterxml.jackson.databind.ser.std.CollectionSerializer.serialize(CollectionSerializer.java:25)
	at com.fasterxml.jackson.databind.ser.BeanPropertyWriter.serializeAsField(BeanPropertyWriter.java:732)
	at com.fasterxml.jackson.databind.ser.std.BeanSerializerBase.serializeFields(BeanSerializerBase.java:770)
	at com.fasterxml.jackson.databind.ser.BeanSerializer.serialize(BeanSerializer.java:184)
	at com.fasterxml.jackson.databind.ser.BeanPropertyWriter.serializeAsField(BeanPropertyWriter.java:732)
	at com.fasterxml.jackson.databind.ser.std.BeanSerializerBase.serializeFields(BeanSerializerBase.java:770)
	at com.fasterxml.jackson.databind.ser.BeanSerializer.serialize(BeanSerializer.java:184)
	at com.fasterxml.jackson.databind.ser.std.CollectionSerializer.serializeContents(CollectionSerializer.java:145)
	at com.fasterxml.jackson.databind.ser.std.CollectionSerializer.serialize(CollectionSerializer.java:107)
	at com.fasterxml.jackson.databind.ser.std.CollectionSerializer.serialize(CollectionSerializer.java:25)
	at com.fasterxml.jackson.databind.ser.BeanPropertyWriter.serializeAsField(BeanPropertyWriter.java:732)
	at com.fasterxml.jackson.databind.ser.std.BeanSerializerBase.serializeFields(BeanSerializerBase.java:770)
	at com.fasterxml.jackson.databind.ser.BeanSerializer.serialize(BeanSerializer.java:184)
	at com.fasterxml.jackson.databind.ser.BeanPropertyWriter.serializeAsField(BeanPropertyWriter.java:732)
	at com.fasterxml.jackson.databind.ser.std.BeanSerializerBase.serializeFields(BeanSerializerBase.java:770)
	at com.fasterxml.jackson.databind.ser.BeanSerializer.serialize(BeanSerializer.java:184)
	at com.fasterxml.jackson.databind.ser.std.CollectionSerializer.serializeContents(CollectionSerializer.java:145)
	at com.fasterxml.jackson.databind.ser.std.CollectionSerializer.serialize(CollectionSerializer.java:107)
	at com.fasterxml.jackson.databind.ser.std.CollectionSerializer.serialize(CollectionSerializer.java:25)
	at com.fasterxml.jackson.databind.ser.BeanPropertyWriter.serializeAsField(BeanPropertyWriter.java:732)
	at com.fasterxml.jackson.databind.ser.std.BeanSerializerBase.serializeFields(BeanSerializerBase.java:770)
	at com.fasterxml.jackson.databind.ser.BeanSerializer.serialize(BeanSerializer.java:184)
	at com.fasterxml.jackson.databind.ser.BeanPropertyWriter.serializeAsField(BeanPropertyWriter.java:732)
	at com.fasterxml.jackson.databind.ser.std.BeanSerializerBase.serializeFields(BeanSerializerBase.java:770)
	at com.fasterxml.jackson.databind.ser.BeanSerializer.serialize(BeanSerializer.java:184)
	at com.fasterxml.jackson.databind.ser.std.CollectionSerializer.serializeContents(CollectionSerializer.java:145)
	at com.fasterxml.jackson.databind.ser.std.CollectionSerializer.serialize(CollectionSerializer.java:107)
	at com.fasterxml.jackson.databind.ser.std.CollectionSerializer.serialize(CollectionSerializer.java:25)
	at com.fasterxml.jackson.databind.ser.BeanPropertyWriter.serializeAsField(BeanPropertyWriter.java:732)
	at com.fasterxml.jackson.databind.ser.std.BeanSerializerBase.serializeFields(BeanSerializerBase.java:770)
	at com.fasterxml.jackson.databind.ser.BeanSerializer.serialize(BeanSerializer.java:184)
	at com.fasterxml.jackson.databind.ser.BeanPropertyWriter.serializeAsField(BeanPropertyWriter.java:732)
	at com.fasterxml.jackson.databind.ser.std.BeanSerializerBase.serializeFields(BeanSerializerBase.java:770)
	at com.fasterxml.jackson.databind.ser.BeanSerializer.serialize(BeanSerializer.java:184)
	at com.fasterxml.jackson.databind.ser.std.CollectionSerializer.serializeContents(CollectionSerializer.java:145)
	at com.fasterxml.jackson.databind.ser.std.CollectionSerializer.serialize(CollectionSerializer.java:107)
	at com.fasterxml.jackson.databind.ser.std.CollectionSerializer.serialize(CollectionSerializer.java:25)
	at com.fasterxml.jackson.databind.ser.BeanPropertyWriter.serializeAsField(BeanPropertyWriter.java:732)
	at com.fasterxml.jackson.databind.ser.std.BeanSerializerBase.serializeFields(BeanSerializerBase.java:770)
	at com.fasterxml.jackson.databind.ser.BeanSerializer.serialize(BeanSerializer.java:184)
	at com.fasterxml.jackson.databind.ser.BeanPropertyWriter.serializeAsField(BeanPropertyWriter.java:732)
	at com.fasterxml.jackson.databind.ser.std.BeanSerializerBase.serializeFields(BeanSerializerBase.java:770)
	at com.fasterxml.jackson.databind.ser.BeanSerializer.serialize(BeanSerializer.java:184)
	at com.fasterxml.jackson.databind.ser.std.CollectionSerializer.serializeContents(CollectionSerializer.java:145)
	at com.fasterxml.jackson.databind.ser.std.CollectionSerializer.serialize(CollectionSerializer.java:107)
	at com.fasterxml.jackson.databind.ser.std.CollectionSerializer.serialize(CollectionSerializer.java:25)
	at com.fasterxml.jackson.databind.ser.BeanPropertyWriter.serializeAsField(BeanPropertyWriter.java:732)
	at com.fasterxml.jackson.databind.ser.std.BeanSerializerBase.serializeFields(BeanSerializerBase.java:770)
	at com.fasterxml.jackson.databind.ser.BeanSerializer.serialize(BeanSerializer.java:184)
	at com.fasterxml.jackson.databind.ser.BeanPropertyWriter.serializeAsField(BeanPropertyWriter.java:732)
	at com.fasterxml.jackson.databind.ser.std.BeanSerializerBase.serializeFields(BeanSerializerBase.java:770)
	at com.fasterxml.jackson.databind.ser.BeanSerializer.serialize(BeanSerializer.java:184)
	at com.fasterxml.jackson.databind.ser.std.CollectionSerializer.serializeContents(CollectionSerializer.java:145)
	at com.fasterxml.jackson.databind.ser.std.CollectionSerializer.serialize(CollectionSerializer.java:107)
	at com.fasterxml.jackson.databind.ser.std.CollectionSerializer.serialize(CollectionSerializer.java:25)
	at com.fasterxml.jackson.databind.ser.BeanPropertyWriter.serializeAsField(BeanPropertyWriter.java:732)
	at com.fasterxml.jackson.databind.ser.std.BeanSerializerBase.serializeFields(BeanSerializerBase.java:770)
	at com.fasterxml.jackson.databind.ser.BeanSerializer.serialize(BeanSerializer.java:184)
	at com.fasterxml.jackson.databind.ser.BeanPropertyWriter.serializeAsField(BeanPropertyWriter.java:732)
	at com.fasterxml.jackson.databind.ser.std.BeanSerializerBase.serializeFields(BeanSerializerBase.java:770)
	at com.fasterxml.jackson.databind.ser.BeanSerializer.serialize(BeanSerializer.java:184)
	at com.fasterxml.jackson.databind.ser.std.CollectionSerializer.serializeContents(CollectionSerializer.java:145)
	at com.fasterxml.jackson.databind.ser.std.CollectionSerializer.serialize(CollectionSerializer.java:107)
	at com.fasterxml.jackson.databind.ser.std.CollectionSerializer.serialize(CollectionSerializer.java:25)
	at com.fasterxml.jackson.databind.ser.BeanPropertyWriter.serializeAsField(BeanPropertyWriter.java:732)
	at com.fasterxml.jackson.databind.ser.std.BeanSerializerBase.serializeFields(BeanSerializerBase.java:770)
	at com.fasterxml.jackson.databind.ser.BeanSerializer.serialize(BeanSerializer.java:184)
	at com.fasterxml.jackson.databind.ser.BeanPropertyWriter.serializeAsField(BeanPropertyWriter.java:732)
	at com.fasterxml.jackson.databind.ser.std.BeanSerializerBase.serializeFields(BeanSerializerBase.java:770)
	at com.fasterxml.jackson.databind.ser.BeanSerializer.serialize(BeanSerializer.java:184)
	at com.fasterxml.jackson.databind.ser.std.CollectionSerializer.serializeContents(CollectionSerializer.java:145)
	at com.fasterxml.jackson.databind.ser.std.CollectionSerializer.serialize(CollectionSerializer.java:107)
	at com.fasterxml.jackson.databind.ser.std.CollectionSerializer.serialize(CollectionSerializer.java:25)
	at com.fasterxml.jackson.databind.ser.BeanPropertyWriter.serializeAsField(BeanPropertyWriter.java:732)
	at com.fasterxml.jackson.databind.ser.std.BeanSerializerBase.serializeFields(BeanSerializerBase.java:770)
	at com.fasterxml.jackson.databind.ser.BeanSerializer.serialize(BeanSerializer.java:184)
	at com.fasterxml.jackson.databind.ser.BeanPropertyWriter.serializeAsField(BeanPropertyWriter.java:732)
	at com.fasterxml.jackson.databind.ser.std.BeanSerializerBase.serializeFields(BeanSerializerBase.java:770)
	at com.fasterxml.jackson.databind.ser.BeanSerializer.serialize(BeanSerializer.java:184)
	at com.fasterxml.jackson.databind.ser.std.CollectionSerializer.serializeContents(CollectionSerializer.java:145)
	at com.fasterxml.jackson.databind.ser.std.CollectionSerializer.serialize(CollectionSerializer.java:107)
	at com.fasterxml.jackson.databind.ser.std.CollectionSerializer.serialize(CollectionSerializer.java:25)
	at com.fasterxml.jackson.databind.ser.BeanPropertyWriter.serializeAsField(BeanPropertyWriter.java:732)
	at com.fasterxml.jackson.databind.ser.std.BeanSerializerBase.serializeFields(BeanSerializerBase.java:770)
	at com.fasterxml.jackson.databind.ser.BeanSerializer.serialize(BeanSerializer.java:184)
	at com.fasterxml.jackson.databind.ser.BeanPropertyWriter.serializeAsField(BeanPropertyWriter.java:732)
	at com.fasterxml.jackson.databind.ser.std.BeanSerializerBase.serializeFields(BeanSerializerBase.java:770)
	at com.fasterxml.jackson.databind.ser.BeanSerializer.serialize(BeanSerializer.java:184)
	at com.fasterxml.jackson.databind.ser.std.CollectionSerializer.serializeContents(CollectionSerializer.java:145)
	at com.fasterxml.jackson.databind.ser.std.CollectionSerializer.serialize(CollectionSerializer.java:107)
	at com.fasterxml.jackson.databind.ser.std.CollectionSerializer.serialize(CollectionSerializer.java:25)
	at com.fasterxml.jackson.databind.ser.BeanPropertyWriter.serializeAsField(BeanPropertyWriter.java:732)
	at com.fasterxml.jackson.databind.ser.std.BeanSerializerBase.serializeFields(BeanSerializerBase.java:770)
	at com.fasterxml.jackson.databind.ser.BeanSerializer.serialize(BeanSerializer.java:184)
	at com.fasterxml.jackson.databind.ser.BeanPropertyWriter.serializeAsField(BeanPropertyWriter.java:732)
	at com.fasterxml.jackson.databind.ser.std.BeanSerializerBase.serializeFields(BeanSerializerBase.java:770)
	at com.fasterxml.jackson.databind.ser.BeanSerializer.serialize(BeanSerializer.java:184)
	at com.fasterxml.jackson.databind.ser.std.CollectionSerializer.serializeContents(CollectionSerializer.java:145)
	at com.fasterxml.jackson.databind.ser.std.CollectionSerializer.serialize(CollectionSerializer.java:107)
	at com.fasterxml.jackson.databind.ser.std.CollectionSerializer.serialize(CollectionSerializer.java:25)
	at com.fasterxml.jackson.databind.ser.BeanPropertyWriter.serializeAsField(BeanPropertyWriter.java:732)
	at com.fasterxml.jackson.databind.ser.std.BeanSerializerBase.serializeFields(BeanSerializerBase.java:770)
	at com.fasterxml.jackson.databind.ser.BeanSerializer.serialize(BeanSerializer.java:184)
	at com.fasterxml.jackson.databind.ser.BeanPropertyWriter.serializeAsField(BeanPropertyWriter.java:732)
	at com.fasterxml.jackson.databind.ser.std.BeanSerializerBase.serializeFields(BeanSerializerBase.java:770)
	at com.fasterxml.jackson.databind.ser.BeanSerializer.serialize(BeanSerializer.java:184)
	at com.fasterxml.jackson.databind.ser.std.CollectionSerializer.serializeContents(CollectionSerializer.java:145)
	at com.fasterxml.jackson.databind.ser.std.CollectionSerializer.serialize(CollectionSerializer.java:107)
	at com.fasterxml.jackson.databind.ser.std.CollectionSerializer.serialize(CollectionSerializer.java:25)
	at com.fasterxml.jackson.databind.ser.BeanPropertyWriter.serializeAsField(BeanPropertyWriter.java:732)
	at com.fasterxml.jackson.databind.ser.std.BeanSerializerBase.serializeFields(BeanSerializerBase.java:770)
	at com.fasterxml.jackson.databind.ser.BeanSerializer.serialize(BeanSerializer.java:184)
	at com.fasterxml.jackson.databind.ser.BeanPropertyWriter.serializeAsField(BeanPropertyWriter.java:732)
	at com.fasterxml.jackson.databind.ser.std.BeanSerializerBase.serializeFields(BeanSerializerBase.java:770)
	at com.fasterxml.jackson.databind.ser.BeanSerializer.serialize(BeanSerializer.java:184)
	at com.fasterxml.jackson.databind.ser.std.CollectionSerializer.serializeContents(CollectionSerializer.java:145)
	at com.fasterxml.jackson.databind.ser.std.CollectionSerializer.serialize(CollectionSerializer.java:107)
	at com.fasterxml.jackson.databind.ser.std.CollectionSerializer.serialize(CollectionSerializer.java:25)
	at com.fasterxml.jackson.databind.ser.BeanPropertyWriter.serializeAsField(BeanPropertyWriter.java:732)
	at com.fasterxml.jackson.databind.ser.std.BeanSerializerBase.serializeFields(BeanSerializerBase.java:770)
	at com.fasterxml.jackson.databind.ser.BeanSerializer.serialize(BeanSerializer.java:184)
	at com.fasterxml.jackson.databind.ser.BeanPropertyWriter.serializeAsField(BeanPropertyWriter.java:732)
	at com.fasterxml.jackson.databind.ser.std.BeanSerializerBase.serializeFields(BeanSerializerBase.java:770)
	at com.fasterxml.jackson.databind.ser.BeanSerializer.serialize(BeanSerializer.java:184)
	at com.fasterxml.jackson.databind.ser.std.CollectionSerializer.serializeContents(CollectionSerializer.java:145)
	at com.fasterxml.jackson.databind.ser.std.CollectionSerializer.serialize(CollectionSerializer.java:107)
	at com.fasterxml.jackson.databind.ser.std.CollectionSerializer.serialize(CollectionSerializer.java:25)
	at com.fasterxml.jackson.databind.ser.BeanPropertyWriter.serializeAsField(BeanPropertyWriter.java:732)
	at com.fasterxml.jackson.databind.ser.std.BeanSerializerBase.serializeFields(BeanSerializerBase.java:770)
	at com.fasterxml.jackson.databind.ser.BeanSerializer.serialize(BeanSerializer.java:184)
	at com.fasterxml.jackson.databind.ser.BeanPropertyWriter.serializeAsField(BeanPropertyWriter.java:732)
	at com.fasterxml.jackson.databind.ser.std.BeanSerializerBase.serializeFields(BeanSerializerBase.java:770)
	at com.fasterxml.jackson.databind.ser.BeanSerializer.serialize(BeanSerializer.java:184)
	at com.fasterxml.jackson.databind.ser.std.CollectionSerializer.serializeContents(CollectionSerializer.java:145)
	at com.fasterxml.jackson.databind.ser.std.CollectionSerializer.serialize(CollectionSerializer.java:107)
	at com.fasterxml.jackson.databind.ser.std.CollectionSerializer.serialize(CollectionSerializer.java:25)
	at com.fasterxml.jackson.databind.ser.BeanPropertyWriter.serializeAsField(BeanPropertyWriter.java:732)
	at com.fasterxml.jackson.databind.ser.std.BeanSerializerBase.serializeFields(BeanSerializerBase.java:770)
	at com.fasterxml.jackson.databind.ser.BeanSerializer.serialize(BeanSerializer.java:184)
	at com.fasterxml.jackson.databind.ser.BeanPropertyWriter.serializeAsField(BeanPropertyWriter.java:732)
	at com.fasterxml.jackson.databind.ser.std.BeanSerializerBase.serializeFields(BeanSerializerBase.java:770)
	at com.fasterxml.jackson.databind.ser.BeanSerializer.serialize(BeanSerializer.java:184)
	at com.fasterxml.jackson.databind.ser.std.CollectionSerializer.serializeContents(CollectionSerializer.java:145)
	at com.fasterxml.jackson.databind.ser.std.CollectionSerializer.serialize(CollectionSerializer.java:107)
	at com.fasterxml.jackson.databind.ser.std.CollectionSerializer.serialize(CollectionSerializer.java:25)
	at com.fasterxml.jackson.databind.ser.BeanPropertyWriter.serializeAsField(BeanPropertyWriter.java:732)
	at com.fasterxml.jackson.databind.ser.std.BeanSerializerBase.serializeFields(BeanSerializerBase.java:770)
	at com.fasterxml.jackson.databind.ser.BeanSerializer.serialize(BeanSerializer.java:184)
	at com.fasterxml.jackson.databind.ser.BeanPropertyWriter.serializeAsField(BeanPropertyWriter.java:732)
	at com.fasterxml.jackson.databind.ser.std.BeanSerializerBase.serializeFields(BeanSerializerBase.java:770)
	at com.fasterxml.jackson.databind.ser.BeanSerializer.serialize(BeanSerializer.java:184)
	at com.fasterxml.jackson.databind.ser.std.CollectionSerializer.serializeContents(CollectionSerializer.java:145)
	at com.fasterxml.jackson.databind.ser.std.CollectionSerializer.serialize(CollectionSerializer.java:107)
	at com.fasterxml.jackson.databind.ser.std.CollectionSerializer.serialize(CollectionSerializer.java:25)
	at com.fasterxml.jackson.databind.ser.BeanPropertyWriter.serializeAsField(BeanPropertyWriter.java:732)
	at com.fasterxml.jackson.databind.ser.std.BeanSerializerBase.serializeFields(BeanSerializerBase.java:770)
	at com.fasterxml.jackson.databind.ser.BeanSerializer.serialize(BeanSerializer.java:184)
	at com.fasterxml.jackson.databind.ser.BeanPropertyWriter.serializeAsField(BeanPropertyWriter.java:732)
	at com.fasterxml.jackson.databind.ser.std.BeanSerializerBase.serializeFields(BeanSerializerBase.java:770)
	at com.fasterxml.jackson.databind.ser.BeanSerializer.serialize(BeanSerializer.java:184)
	at com.fasterxml.jackson.databind.ser.std.CollectionSerializer.serializeContents(CollectionSerializer.java:145)
	at com.fasterxml.jackson.databind.ser.std.CollectionSerializer.serialize(CollectionSerializer.java:107)
	at com.fasterxml.jackson.databind.ser.std.CollectionSerializer.serialize(CollectionSerializer.java:25)
	at com.fasterxml.jackson.databind.ser.BeanPropertyWriter.serializeAsField(BeanPropertyWriter.java:732)
	at com.fasterxml.jackson.databind.ser.std.BeanSerializerBase.serializeFields(BeanSerializerBase.java:770)
	at com.fasterxml.jackson.databind.ser.BeanSerializer.serialize(BeanSerializer.java:184)
	at com.fasterxml.jackson.databind.ser.BeanPropertyWriter.serializeAsField(BeanPropertyWriter.java:732)
	at com.fasterxml.jackson.databind.ser.std.BeanSerializerBase.serializeFields(BeanSerializerBase.java:770)
	at com.fasterxml.jackson.databind.ser.BeanSerializer.serialize(BeanSerializer.java:184)
	at com.fasterxml.jackson.databind.ser.std.CollectionSerializer.serializeContents(CollectionSerializer.java:145)
	at com.fasterxml.jackson.databind.ser.std.CollectionSerializer.serialize(CollectionSerializer.java:107)
	at com.fasterxml.jackson.databind.ser.std.CollectionSerializer.serialize(CollectionSerializer.java:25)
	at com.fasterxml.jackson.databind.ser.BeanPropertyWriter.serializeAsField(BeanPropertyWriter.java:732)
	at com.fasterxml.jackson.databind.ser.std.BeanSerializerBase.serializeFields(BeanSerializerBase.java:770)
	at com.fasterxml.jackson.databind.ser.BeanSerializer.serialize(BeanSerializer.java:184)
	at com.fasterxml.jackson.databind.ser.BeanPropertyWriter.serializeAsField(BeanPropertyWriter.java:732)
	at com.fasterxml.jackson.databind.ser.std.BeanSerializerBase.serializeFields(BeanSerializerBase.java:770)
	at com.fasterxml.jackson.databind.ser.BeanSerializer.serialize(BeanSerializer.java:184)
	at com.fasterxml.jackson.databind.ser.std.CollectionSerializer.serializeContents(CollectionSerializer.java:145)
	at com.fasterxml.jackson.databind.ser.std.CollectionSerializer.serialize(CollectionSerializer.java:107)
	at com.fasterxml.jackson.databind.ser.std.CollectionSerializer.serialize(CollectionSerializer.java:25)
	at com.fasterxml.jackson.databind.ser.BeanPropertyWriter.serializeAsField(BeanPropertyWriter.java:732)
	at com.fasterxml.jackson.databind.ser.std.BeanSerializerBase.serializeFields(BeanSerializerBase.java:770)
	at com.fasterxml.jackson.databind.ser.BeanSerializer.serialize(BeanSerializer.java:184)
	at com.fasterxml.jackson.databind.ser.BeanPropertyWriter.serializeAsField(BeanPropertyWriter.java:732)
	at com.fasterxml.jackson.databind.ser.std.BeanSerializerBase.serializeFields(BeanSerializerBase.java:770)
	at com.fasterxml.jackson.databind.ser.BeanSerializer.serialize(BeanSerializer.java:184)
	at com.fasterxml.jackson.databind.ser.std.CollectionSerializer.serializeContents(CollectionSerializer.java:145)
	at com.fasterxml.jackson.databind.ser.std.CollectionSerializer.serialize(CollectionSerializer.java:107)
	at com.fasterxml.jackson.databind.ser.std.CollectionSerializer.serialize(CollectionSerializer.java:25)
	at com.fasterxml.jackson.databind.ser.BeanPropertyWriter.serializeAsField(BeanPropertyWriter.java:732)
	at com.fasterxml.jackson.databind.ser.std.BeanSerializerBase.serializeFields(BeanSerializerBase.java:770)
	at com.fasterxml.jackson.databind.ser.BeanSerializer.serialize(BeanSerializer.java:184)
	at com.fasterxml.jackson.databind.ser.BeanPropertyWriter.serializeAsField(BeanPropertyWriter.java:732)
	at com.fasterxml.jackson.databind.ser.std.BeanSerializerBase.serializeFields(BeanSerializerBase.java:770)
	at com.fasterxml.jackson.databind.ser.BeanSerializer.serialize(BeanSerializer.java:184)
	at com.fasterxml.jackson.databind.ser.std.CollectionSerializer.serializeContents(CollectionSerializer.java:145)
	at com.fasterxml.jackson.databind.ser.std.CollectionSerializer.serialize(CollectionSerializer.java:107)
	at com.fasterxml.jackson.databind.ser.std.CollectionSerializer.serialize(CollectionSerializer.java:25)
	at com.fasterxml.jackson.databind.ser.BeanPropertyWriter.serializeAsField(BeanPropertyWriter.java:732)
	at com.fasterxml.jackson.databind.ser.std.BeanSerializerBase.serializeFields(BeanSerializerBase.java:770)
	at com.fasterxml.jackson.databind.ser.BeanSerializer.serialize(BeanSerializer.java:184)
	at com.fasterxml.jackson.databind.ser.BeanPropertyWriter.serializeAsField(BeanPropertyWriter.java:732)
	at com.fasterxml.jackson.databind.ser.std.BeanSerializerBase.serializeFields(BeanSerializerBase.java:770)
	at com.fasterxml.jackson.databind.ser.BeanSerializer.serialize(BeanSerializer.java:184)
	at com.fasterxml.jackson.databind.ser.std.CollectionSerializer.serializeContents(CollectionSerializer.java:145)
	at com.fasterxml.jackson.databind.ser.std.CollectionSerializer.serialize(CollectionSerializer.java:107)
	at com.fasterxml.jackson.databind.ser.std.CollectionSerializer.serialize(CollectionSerializer.java:25)
	at com.fasterxml.jackson.databind.ser.BeanPropertyWriter.serializeAsField(BeanPropertyWriter.java:732)
	at com.fasterxml.jackson.databind.ser.std.BeanSerializerBase.serializeFields(BeanSerializerBase.java:770)
	at com.fasterxml.jackson.databind.ser.BeanSerializer.serialize(BeanSerializer.java:184)
	at com.fasterxml.jackson.databind.ser.BeanPropertyWriter.serializeAsField(BeanPropertyWriter.java:732)
	at com.fasterxml.jackson.databind.ser.std.BeanSerializerBase.serializeFields(BeanSerializerBase.java:770)
	at com.fasterxml.jackson.databind.ser.BeanSerializer.serialize(BeanSerializer.java:184)
	at com.fasterxml.jackson.databind.ser.std.CollectionSerializer.serializeContents(CollectionSerializer.java:145)
	at com.fasterxml.jackson.databind.ser.std.CollectionSerializer.serialize(CollectionSerializer.java:107)
	at com.fasterxml.jackson.databind.ser.std.CollectionSerializer.serialize(CollectionSerializer.java:25)
	at com.fasterxml.jackson.databind.ser.BeanPropertyWriter.serializeAsField(BeanPropertyWriter.java:732)
	at com.fasterxml.jackson.databind.ser.std.BeanSerializerBase.serializeFields(BeanSerializerBase.java:770)
	at com.fasterxml.jackson.databind.ser.BeanSerializer.serialize(BeanSerializer.java:184)
	at com.fasterxml.jackson.databind.ser.BeanPropertyWriter.serializeAsField(BeanPropertyWriter.java:732)
	at com.fasterxml.jackson.databind.ser.std.BeanSerializerBase.serializeFields(BeanSerializerBase.java:770)
	at com.fasterxml.jackson.databind.ser.BeanSerializer.serialize(BeanSerializer.java:184)
	at com.fasterxml.jackson.databind.ser.std.CollectionSerializer.serializeContents(CollectionSerializer.java:145)
	at com.fasterxml.jackson.databind.ser.std.CollectionSerializer.serialize(CollectionSerializer.java:107)
	at com.fasterxml.jackson.databind.ser.std.CollectionSerializer.serialize(CollectionSerializer.java:25)
	at com.fasterxml.jackson.databind.ser.BeanPropertyWriter.serializeAsField(BeanPropertyWriter.java:732)
	at com.fasterxml.jackson.databind.ser.std.BeanSerializerBase.serializeFields(BeanSerializerBase.java:770)
	at com.fasterxml.jackson.databind.ser.BeanSerializer.serialize(BeanSerializer.java:184)
	at com.fasterxml.jackson.databind.ser.BeanPropertyWriter.serializeAsField(BeanPropertyWriter.java:732)
	at com.fasterxml.jackson.databind.ser.std.BeanSerializerBase.serializeFields(BeanSerializerBase.java:770)
	at com.fasterxml.jackson.databind.ser.BeanSerializer.serialize(BeanSerializer.java:184)
	at com.fasterxml.jackson.databind.ser.std.CollectionSerializer.serializeContents(CollectionSerializer.java:145)
	at com.fasterxml.jackson.databind.ser.std.CollectionSerializer.serialize(CollectionSerializer.java:107)
	at com.fasterxml.jackson.databind.ser.std.CollectionSerializer.serialize(CollectionSerializer.java:25)
	at com.fasterxml.jackson.databind.ser.BeanPropertyWriter.serializeAsField(BeanPropertyWriter.java:732)
	at com.fasterxml.jackson.databind.ser.std.BeanSerializerBase.serializeFields(BeanSerializerBase.java:770)
	at com.fasterxml.jackson.databind.ser.BeanSerializer.serialize(BeanSerializer.java:184)
	at com.fasterxml.jackson.databind.ser.BeanPropertyWriter.serializeAsField(BeanPropertyWriter.java:732)
	at com.fasterxml.jackson.databind.ser.std.BeanSerializerBase.serializeFields(BeanSerializerBase.java:770)
	at com.fasterxml.jackson.databind.ser.BeanSerializer.serialize(BeanSerializer.java:184)
	at com.fasterxml.jackson.databind.ser.std.CollectionSerializer.serializeContents(CollectionSerializer.java:145)
	at com.fasterxml.jackson.databind.ser.std.CollectionSerializer.serialize(CollectionSerializer.java:107)
	at com.fasterxml.jackson.databind.ser.std.CollectionSerializer.serialize(CollectionSerializer.java:25)
	at com.fasterxml.jackson.databind.ser.BeanPropertyWriter.serializeAsField(BeanPropertyWriter.java:732)
	at com.fasterxml.jackson.databind.ser.std.BeanSerializerBase.serializeFields(BeanSerializerBase.java:770)
	at com.fasterxml.jackson.databind.ser.BeanSerializer.serialize(BeanSerializer.java:184)
	at com.fasterxml.jackson.databind.ser.BeanPropertyWriter.serializeAsField(BeanPropertyWriter.java:732)
	at com.fasterxml.jackson.databind.ser.std.BeanSerializerBase.serializeFields(BeanSerializerBase.java:770)
	at com.fasterxml.jackson.databind.ser.BeanSerializer.serialize(BeanSerializer.java:184)
	at com.fasterxml.jackson.databind.ser.std.CollectionSerializer.serializeContents(CollectionSerializer.java:145)
	at com.fasterxml.jackson.databind.ser.std.CollectionSerializer.serialize(CollectionSerializer.java:107)
	at com.fasterxml.jackson.databind.ser.std.CollectionSerializer.serialize(CollectionSerializer.java:25)
	at com.fasterxml.jackson.databind.ser.BeanPropertyWriter.serializeAsField(BeanPropertyWriter.java:732)
	at com.fasterxml.jackson.databind.ser.std.BeanSerializerBase.serializeFields(BeanSerializerBase.java:770)
	at com.fasterxml.jackson.databind.ser.BeanSerializer.serialize(BeanSerializer.java:184)
	at com.fasterxml.jackson.databind.ser.BeanPropertyWriter.serializeAsField(BeanPropertyWriter.java:732)
	at com.fasterxml.jackson.databind.ser.std.BeanSerializerBase.serializeFields(BeanSerializerBase.java:770)
	at com.fasterxml.jackson.databind.ser.BeanSerializer.serialize(BeanSerializer.java:184)
	at com.fasterxml.jackson.databind.ser.std.CollectionSerializer.serializeContents(CollectionSerializer.java:145)
	at com.fasterxml.jackson.databind.ser.std.CollectionSerializer.serialize(CollectionSerializer.java:107)
	at com.fasterxml.jackson.databind.ser.std.CollectionSerializer.serialize(CollectionSerializer.java:25)
	at com.fasterxml.jackson.databind.ser.BeanPropertyWriter.serializeAsField(BeanPropertyWriter.java:732)
	at com.fasterxml.jackson.databind.ser.std.BeanSerializerBase.serializeFields(BeanSerializerBase.java:770)
	at com.fasterxml.jackson.databind.ser.BeanSerializer.serialize(BeanSerializer.java:184)
	at com.fasterxml.jackson.databind.ser.BeanPropertyWriter.serializeAsField(BeanPropertyWriter.java:732)
	at com.fasterxml.jackson.databind.ser.std.BeanSerializerBase.serializeFields(BeanSerializerBase.java:770)
	at com.fasterxml.jackson.databind.ser.BeanSerializer.serialize(BeanSerializer.java:184)
	at com.fasterxml.jackson.databind.ser.std.CollectionSerializer.serializeContents(CollectionSerializer.java:145)
	at com.fasterxml.jackson.databind.ser.std.CollectionSerializer.serialize(CollectionSerializer.java:107)
	at com.fasterxml.jackson.databind.ser.std.CollectionSerializer.serialize(CollectionSerializer.java:25)
	at com.fasterxml.jackson.databind.ser.BeanPropertyWriter.serializeAsField(BeanPropertyWriter.java:732)
	at com.fasterxml.jackson.databind.ser.std.BeanSerializerBase.serializeFields(BeanSerializerBase.java:770)
	at com.fasterxml.jackson.databind.ser.BeanSerializer.serialize(BeanSerializer.java:184)
	at com.fasterxml.jackson.databind.ser.BeanPropertyWriter.serializeAsField(BeanPropertyWriter.java:732)
	at com.fasterxml.jackson.databind.ser.std.BeanSerializerBase.serializeFields(BeanSerializerBase.java:770)
	at com.fasterxml.jackson.databind.ser.BeanSerializer.serialize(BeanSerializer.java:184)
	at com.fasterxml.jackson.databind.ser.std.CollectionSerializer.serializeContents(CollectionSerializer.java:145)
	at com.fasterxml.jackson.databind.ser.std.CollectionSerializer.serialize(CollectionSerializer.java:107)
	at com.fasterxml.jackson.databind.ser.std.CollectionSerializer.serialize(CollectionSerializer.java:25)
	at com.fasterxml.jackson.databind.ser.BeanPropertyWriter.serializeAsField(BeanPropertyWriter.java:732)
	at com.fasterxml.jackson.databind.ser.std.BeanSerializerBase.serializeFields(BeanSerializerBase.java:770)
	at com.fasterxml.jackson.databind.ser.BeanSerializer.serialize(BeanSerializer.java:184)
	at com.fasterxml.jackson.databind.ser.BeanPropertyWriter.serializeAsField(BeanPropertyWriter.java:732)
	at com.fasterxml.jackson.databind.ser.std.BeanSerializerBase.serializeFields(BeanSerializerBase.java:770)
	at com.fasterxml.jackson.databind.ser.BeanSerializer.serialize(BeanSerializer.java:184)
	at com.fasterxml.jackson.databind.ser.std.CollectionSerializer.serializeContents(CollectionSerializer.java:145)
	at com.fasterxml.jackson.databind.ser.std.CollectionSerializer.serialize(CollectionSerializer.java:107)
	at com.fasterxml.jackson.databind.ser.std.CollectionSerializer.serialize(CollectionSerializer.java:25)
	at com.fasterxml.jackson.databind.ser.BeanPropertyWriter.serializeAsField(BeanPropertyWriter.java:732)
	at com.fasterxml.jackson.databind.ser.std.BeanSerializerBase.serializeFields(BeanSerializerBase.java:770)
	at com.fasterxml.jackson.databind.ser.BeanSerializer.serialize(BeanSerializer.java:184)
	at com.fasterxml.jackson.databind.ser.BeanPropertyWriter.serializeAsField(BeanPropertyWriter.java:732)
	at com.fasterxml.jackson.databind.ser.std.BeanSerializerBase.serializeFields(BeanSerializerBase.java:770)
	at com.fasterxml.jackson.databind.ser.BeanSerializer.serialize(BeanSerializer.java:184)
	at com.fasterxml.jackson.databind.ser.std.CollectionSerializer.serializeContents(CollectionSerializer.java:145)
	at com.fasterxml.jackson.databind.ser.std.CollectionSerializer.serialize(CollectionSerializer.java:107)
	at com.fasterxml.jackson.databind.ser.std.CollectionSerializer.serialize(CollectionSerializer.java:25)
	at com.fasterxml.jackson.databind.ser.BeanPropertyWriter.serializeAsField(BeanPropertyWriter.java:732)
	at com.fasterxml.jackson.databind.ser.std.BeanSerializerBase.serializeFields(BeanSerializerBase.java:770)
	at com.fasterxml.jackson.databind.ser.BeanSerializer.serialize(BeanSerializer.java:184)
	at com.fasterxml.jackson.databind.ser.BeanPropertyWriter.serializeAsField(BeanPropertyWriter.java:732)
	at com.fasterxml.jackson.databind.ser.std.BeanSerializerBase.serializeFields(BeanSerializerBase.java:770)
	at com.fasterxml.jackson.databind.ser.BeanSerializer.serialize(BeanSerializer.java:184)
	at com.fasterxml.jackson.databind.ser.std.CollectionSerializer.serializeContents(CollectionSerializer.java:145)
	at com.fasterxml.jackson.databind.ser.std.CollectionSerializer.serialize(CollectionSerializer.java:107)
	at com.fasterxml.jackson.databind.ser.std.CollectionSerializer.serialize(CollectionSerializer.java:25)
	at com.fasterxml.jackson.databind.ser.BeanPropertyWriter.serializeAsField(BeanPropertyWriter.java:732)
	at com.fasterxml.jackson.databind.ser.std.BeanSerializerBase.serializeFields(BeanSerializerBase.java:770)
	at com.fasterxml.jackson.databind.ser.BeanSerializer.serialize(BeanSerializer.java:184)
	at com.fasterxml.jackson.databind.ser.BeanPropertyWriter.serializeAsField(BeanPropertyWriter.java:732)
	at com.fasterxml.jackson.databind.ser.std.BeanSerializerBase.serializeFields(BeanSerializerBase.java:770)
	at com.fasterxml.jackson.databind.ser.BeanSerializer.serialize(BeanSerializer.java:184)
	at com.fasterxml.jackson.databind.ser.std.CollectionSerializer.serializeContents(CollectionSerializer.java:145)
	at com.fasterxml.jackson.databind.ser.std.CollectionSerializer.serialize(CollectionSerializer.java:107)
	at com.fasterxml.jackson.databind.ser.std.CollectionSerializer.serialize(CollectionSerializer.java:25)
	at com.fasterxml.jackson.databind.ser.BeanPropertyWriter.serializeAsField(BeanPropertyWriter.java:732)
	at com.fasterxml.jackson.databind.ser.std.BeanSerializerBase.serializeFields(BeanSerializerBase.java:770)
	at com.fasterxml.jackson.databind.ser.BeanSerializer.serialize(BeanSerializer.java:184)
	at com.fasterxml.jackson.databind.ser.BeanPropertyWriter.serializeAsField(BeanPropertyWriter.java:732)
	at com.fasterxml.jackson.databind.ser.std.BeanSerializerBase.serializeFields(BeanSerializerBase.java:770)
	at com.fasterxml.jackson.databind.ser.BeanSerializer.serialize(BeanSerializer.java:184)
	at com.fasterxml.jackson.databind.ser.std.CollectionSerializer.serializeContents(CollectionSerializer.java:145)
	at com.fasterxml.jackson.databind.ser.std.CollectionSerializer.serialize(CollectionSerializer.java:107)
	at com.fasterxml.jackson.databind.ser.std.CollectionSerializer.serialize(CollectionSerializer.java:25)
	at com.fasterxml.jackson.databind.ser.BeanPropertyWriter.serializeAsField(BeanPropertyWriter.java:732)
	at com.fasterxml.jackson.databind.ser.std.BeanSerializerBase.serializeFields(BeanSerializerBase.java:770)
	at com.fasterxml.jackson.databind.ser.BeanSerializer.serialize(BeanSerializer.java:184)
	at com.fasterxml.jackson.databind.ser.BeanPropertyWriter.serializeAsField(BeanPropertyWriter.java:732)
	at com.fasterxml.jackson.databind.ser.std.BeanSerializerBase.serializeFields(BeanSerializerBase.java:770)
	at com.fasterxml.jackson.databind.ser.BeanSerializer.serialize(BeanSerializer.java:184)
	at com.fasterxml.jackson.databind.ser.std.CollectionSerializer.serializeContents(CollectionSerializer.java:145)
	at com.fasterxml.jackson.databind.ser.std.CollectionSerializer.serialize(CollectionSerializer.java:107)
	at com.fasterxml.jackson.databind.ser.std.CollectionSerializer.serialize(CollectionSerializer.java:25)
	at com.fasterxml.jackson.databind.ser.BeanPropertyWriter.serializeAsField(BeanPropertyWriter.java:732)
	at com.fasterxml.jackson.databind.ser.std.BeanSerializerBase.serializeFields(BeanSerializerBase.java:770)
	at com.fasterxml.jackson.databind.ser.BeanSerializer.serialize(BeanSerializer.java:184)
	at com.fasterxml.jackson.databind.ser.BeanPropertyWriter.serializeAsField(BeanPropertyWriter.java:732)
	at com.fasterxml.jackson.databind.ser.std.BeanSerializerBase.serializeFields(BeanSerializerBase.java:770)
	at com.fasterxml.jackson.databind.ser.BeanSerializer.serialize(BeanSerializer.java:184)
	at com.fasterxml.jackson.databind.ser.std.CollectionSerializer.serializeContents(CollectionSerializer.java:145)
	at com.fasterxml.jackson.databind.ser.std.CollectionSerializer.serialize(CollectionSerializer.java:107)
	at com.fasterxml.jackson.databind.ser.std.CollectionSerializer.serialize(CollectionSerializer.java:25)
	at com.fasterxml.jackson.databind.ser.BeanPropertyWriter.serializeAsField(BeanPropertyWriter.java:732)
	at com.fasterxml.jackson.databind.ser.std.BeanSerializerBase.serializeFields(BeanSerializerBase.java:770)
	at com.fasterxml.jackson.databind.ser.BeanSerializer.serialize(BeanSerializer.java:184)
	at com.fasterxml.jackson.databind.ser.BeanPropertyWriter.serializeAsField(BeanPropertyWriter.java:732)
	at com.fasterxml.jackson.databind.ser.std.BeanSerializerBase.serializeFields(BeanSerializerBase.java:770)
	at com.fasterxml.jackson.databind.ser.BeanSerializer.serialize(BeanSerializer.java:184)
	at com.fasterxml.jackson.databind.ser.std.CollectionSerializer.serializeContents(CollectionSerializer.java:145)
	at com.fasterxml.jackson.databind.ser.std.CollectionSerializer.serialize(CollectionSerializer.java:107)
	at com.fasterxml.jackson.databind.ser.std.CollectionSerializer.serialize(CollectionSerializer.java:25)
	at com.fasterxml.jackson.databind.ser.BeanPropertyWriter.serializeAsField(BeanPropertyWriter.java:732)
	at com.fasterxml.jackson.databind.ser.std.BeanSerializerBase.serializeFields(BeanSerializerBase.java:770)
	at com.fasterxml.jackson.databind.ser.BeanSerializer.serialize(BeanSerializer.java:184)
	at com.fasterxml.jackson.databind.ser.BeanPropertyWriter.serializeAsField(BeanPropertyWriter.java:732)
	at com.fasterxml.jackson.databind.ser.std.BeanSerializerBase.serializeFields(BeanSerializerBase.java:770)
	at com.fasterxml.jackson.databind.ser.BeanSerializer.serialize(BeanSerializer.java:184)
	at com.fasterxml.jackson.databind.ser.std.CollectionSerializer.serializeContents(CollectionSerializer.java:145)
	at com.fasterxml.jackson.databind.ser.std.CollectionSerializer.serialize(CollectionSerializer.java:107)
	at com.fasterxml.jackson.databind.ser.std.CollectionSerializer.serialize(CollectionSerializer.java:25)
	at com.fasterxml.jackson.databind.ser.BeanPropertyWriter.serializeAsField(BeanPropertyWriter.java:732)
	at com.fasterxml.jackson.databind.ser.std.BeanSerializerBase.serializeFields(BeanSerializerBase.java:770)
	at com.fasterxml.jackson.databind.ser.BeanSerializer.serialize(BeanSerializer.java:184)
	at com.fasterxml.jackson.databind.ser.BeanPropertyWriter.serializeAsField(BeanPropertyWriter.java:732)
	at com.fasterxml.jackson.databind.ser.std.BeanSerializerBase.serializeFields(BeanSerializerBase.java:770)
	at com.fasterxml.jackson.databind.ser.BeanSerializer.serialize(BeanSerializer.java:184)
	at com.fasterxml.jackson.databind.ser.std.CollectionSerializer.serializeContents(CollectionSerializer.java:145)
	at com.fasterxml.jackson.databind.ser.std.CollectionSerializer.serialize(CollectionSerializer.java:107)
	at com.fasterxml.jackson.databind.ser.std.CollectionSerializer.serialize(CollectionSerializer.java:25)
	at com.fasterxml.jackson.databind.ser.BeanPropertyWriter.serializeAsField(BeanPropertyWriter.java:732)
	at com.fasterxml.jackson.databind.ser.std.BeanSerializerBase.serializeFields(BeanSerializerBase.java:770)
	at com.fasterxml.jackson.databind.ser.BeanSerializer.serialize(BeanSerializer.java:184)
	at com.fasterxml.jackson.databind.ser.BeanPropertyWriter.serializeAsField(BeanPropertyWriter.java:732)
	at com.fasterxml.jackson.databind.ser.std.BeanSerializerBase.serializeFields(BeanSerializerBase.java:770)
	at com.fasterxml.jackson.databind.ser.BeanSerializer.serialize(BeanSerializer.java:184)
	at com.fasterxml.jackson.databind.ser.std.CollectionSerializer.serializeContents(CollectionSerializer.java:145)
	at com.fasterxml.jackson.databind.ser.std.CollectionSerializer.serialize(CollectionSerializer.java:107)
	at com.fasterxml.jackson.databind.ser.std.CollectionSerializer.serialize(CollectionSerializer.java:25)
	at com.fasterxml.jackson.databind.ser.BeanPropertyWriter.serializeAsField(BeanPropertyWriter.java:732)
	at com.fasterxml.jackson.databind.ser.std.BeanSerializerBase.serializeFields(BeanSerializerBase.java:770)
	at com.fasterxml.jackson.databind.ser.BeanSerializer.serialize(BeanSerializer.java:184)
	at com.fasterxml.jackson.databind.ser.BeanPropertyWriter.serializeAsField(BeanPropertyWriter.java:732)
	at com.fasterxml.jackson.databind.ser.std.BeanSerializerBase.serializeFields(BeanSerializerBase.java:770)
	at com.fasterxml.jackson.databind.ser.BeanSerializer.serialize(BeanSerializer.java:184)
	at com.fasterxml.jackson.databind.ser.std.CollectionSerializer.serializeContents(CollectionSerializer.java:145)
	at com.fasterxml.jackson.databind.ser.std.CollectionSerializer.serialize(CollectionSerializer.java:107)
	at com.fasterxml.jackson.databind.ser.std.CollectionSerializer.serialize(CollectionSerializer.java:25)
	at com.fasterxml.jackson.databind.ser.BeanPropertyWriter.serializeAsField(BeanPropertyWriter.java:732)
	at com.fasterxml.jackson.databind.ser.std.BeanSerializerBase.serializeFields(BeanSerializerBase.java:770)
	at com.fasterxml.jackson.databind.ser.BeanSerializer.serialize(BeanSerializer.java:184)
	at com.fasterxml.jackson.databind.ser.BeanPropertyWriter.serializeAsField(BeanPropertyWriter.java:732)
	at com.fasterxml.jackson.databind.ser.std.BeanSerializerBase.serializeFields(BeanSerializerBase.java:770)
	at com.fasterxml.jackson.databind.ser.BeanSerializer.serialize(BeanSerializer.java:184)
	at com.fasterxml.jackson.databind.ser.std.CollectionSerializer.serializeContents(CollectionSerializer.java:145)
	at com.fasterxml.jackson.databind.ser.std.CollectionSerializer.serialize(CollectionSerializer.java:107)
	at com.fasterxml.jackson.databind.ser.std.CollectionSerializer.serialize(CollectionSerializer.java:25)
	at com.fasterxml.jackson.databind.ser.BeanPropertyWriter.serializeAsField(BeanPropertyWriter.java:732)
	at com.fasterxml.jackson.databind.ser.std.BeanSerializerBase.serializeFields(BeanSerializerBase.java:770)
	at com.fasterxml.jackson.databind.ser.BeanSerializer.serialize(BeanSerializer.java:184)
	at com.fasterxml.jackson.databind.ser.BeanPropertyWriter.serializeAsField(BeanPropertyWriter.java:732)
	at com.fasterxml.jackson.databind.ser.std.BeanSerializerBase.serializeFields(BeanSerializerBase.java:770)
	at com.fasterxml.jackson.databind.ser.BeanSerializer.serialize(BeanSerializer.java:184)
	at com.fasterxml.jackson.databind.ser.std.CollectionSerializer.serializeContents(CollectionSerializer.java:145)
	at com.fasterxml.jackson.databind.ser.std.CollectionSerializer.serialize(CollectionSerializer.java:107)
	at com.fasterxml.jackson.databind.ser.std.CollectionSerializer.serialize(CollectionSerializer.java:25)
	at com.fasterxml.jackson.databind.ser.BeanPropertyWriter.serializeAsField(BeanPropertyWriter.java:732)
	at com.fasterxml.jackson.databind.ser.std.BeanSerializerBase.serializeFields(BeanSerializerBase.java:770)
	at com.fasterxml.jackson.databind.ser.BeanSerializer.serialize(BeanSerializer.java:184)
	at com.fasterxml.jackson.databind.ser.BeanPropertyWriter.serializeAsField(BeanPropertyWriter.java:732)
	at com.fasterxml.jackson.databind.ser.std.BeanSerializerBase.serializeFields(BeanSerializerBase.java:770)
	at com.fasterxml.jackson.databind.ser.BeanSerializer.serialize(BeanSerializer.java:184)
	at com.fasterxml.jackson.databind.ser.std.CollectionSerializer.serializeContents(CollectionSerializer.java:145)
	at com.fasterxml.jackson.databind.ser.std.CollectionSerializer.serialize(CollectionSerializer.java:107)
	at com.fasterxml.jackson.databind.ser.std.CollectionSerializer.serialize(CollectionSerializer.java:25)
	at com.fasterxml.jackson.databind.ser.BeanPropertyWriter.serializeAsField(BeanPropertyWriter.java:732)
	at com.fasterxml.jackson.databind.ser.std.BeanSerializerBase.serializeFields(BeanSerializerBase.java:770)
	at com.fasterxml.jackson.databind.ser.BeanSerializer.serialize(BeanSerializer.java:184)
	at com.fasterxml.jackson.databind.ser.BeanPropertyWriter.serializeAsField(BeanPropertyWriter.java:732)
	at com.fasterxml.jackson.databind.ser.std.BeanSerializerBase.serializeFields(BeanSerializerBase.java:770)
	at com.fasterxml.jackson.databind.ser.BeanSerializer.serialize(BeanSerializer.java:184)
	at com.fasterxml.jackson.databind.ser.std.CollectionSerializer.serializeContents(CollectionSerializer.java:145)
	at com.fasterxml.jackson.databind.ser.std.CollectionSerializer.serialize(CollectionSerializer.java:107)
	at com.fasterxml.jackson.databind.ser.std.CollectionSerializer.serialize(CollectionSerializer.java:25)
	at com.fasterxml.jackson.databind.ser.BeanPropertyWriter.serializeAsField(BeanPropertyWriter.java:732)
	at com.fasterxml.jackson.databind.ser.std.BeanSerializerBase.serializeFields(BeanSerializerBase.java:770)
	at com.fasterxml.jackson.databind.ser.BeanSerializer.serialize(BeanSerializer.java:184)
	at com.fasterxml.jackson.databind.ser.BeanPropertyWriter.serializeAsField(BeanPropertyWriter.java:732)
	at com.fasterxml.jackson.databind.ser.std.BeanSerializerBase.serializeFields(BeanSerializerBase.java:770)
	at com.fasterxml.jackson.databind.ser.BeanSerializer.serialize(BeanSerializer.java:184)
	at com.fasterxml.jackson.databind.ser.std.CollectionSerializer.serializeContents(CollectionSerializer.java:145)
	at com.fasterxml.jackson.databind.ser.std.CollectionSerializer.serialize(CollectionSerializer.java:107)
	at com.fasterxml.jackson.databind.ser.std.CollectionSerializer.serialize(CollectionSerializer.java:25)
	at com.fasterxml.jackson.databind.ser.BeanPropertyWriter.serializeAsField(BeanPropertyWriter.java:732)
	at com.fasterxml.jackson.databind.ser.std.BeanSerializerBase.serializeFields(BeanSerializerBase.java:770)
	at com.fasterxml.jackson.databind.ser.BeanSerializer.serialize(BeanSerializer.java:184)
	at com.fasterxml.jackson.databind.ser.BeanPropertyWriter.serializeAsField(BeanPropertyWriter.java:732)
	at com.fasterxml.jackson.databind.ser.std.BeanSerializerBase.serializeFields(BeanSerializerBase.java:770)
	at com.fasterxml.jackson.databind.ser.BeanSerializer.serialize(BeanSerializer.java:184)
	at com.fasterxml.jackson.databind.ser.std.CollectionSerializer.serializeContents(CollectionSerializer.java:145)
	at com.fasterxml.jackson.databind.ser.std.CollectionSerializer.serialize(CollectionSerializer.java:107)
	at com.fasterxml.jackson.databind.ser.std.CollectionSerializer.serialize(CollectionSerializer.java:25)
	at com.fasterxml.jackson.databind.ser.BeanPropertyWriter.serializeAsField(BeanPropertyWriter.java:732)
	at com.fasterxml.jackson.databind.ser.std.BeanSerializerBase.serializeFields(BeanSerializerBase.java:770)
	at com.fasterxml.jackson.databind.ser.BeanSerializer.serialize(BeanSerializer.java:184)
	at com.fasterxml.jackson.databind.ser.BeanPropertyWriter.serializeAsField(BeanPropertyWriter.java:732)
	at com.fasterxml.jackson.databind.ser.std.BeanSerializerBase.serializeFields(BeanSerializerBase.java:770)
	at com.fasterxml.jackson.databind.ser.BeanSerializer.serialize(BeanSerializer.java:184)
	at com.fasterxml.jackson.databind.ser.std.CollectionSerializer.serializeContents(CollectionSerializer.java:145)
	at com.fasterxml.jackson.databind.ser.std.CollectionSerializer.serialize(CollectionSerializer.java:107)
	at com.fasterxml.jackson.databind.ser.std.CollectionSerializer.serialize(CollectionSerializer.java:25)
	at com.fasterxml.jackson.databind.ser.BeanPropertyWriter.serializeAsField(BeanPropertyWriter.java:732)
	at com.fasterxml.jackson.databind.ser.std.BeanSerializerBase.serializeFields(BeanSerializerBase.java:770)
	at com.fasterxml.jackson.databind.ser.BeanSerializer.serialize(BeanSerializer.java:184)
	at com.fasterxml.jackson.databind.ser.BeanPropertyWriter.serializeAsField(BeanPropertyWriter.java:732)
	at com.fasterxml.jackson.databind.ser.std.BeanSerializerBase.serializeFields(BeanSerializerBase.java:770)
	at com.fasterxml.jackson.databind.ser.BeanSerializer.serialize(BeanSerializer.java:184)
	at com.fasterxml.jackson.databind.ser.std.CollectionSerializer.serializeContents(CollectionSerializer.java:145)
	at com.fasterxml.jackson.databind.ser.std.CollectionSerializer.serialize(CollectionSerializer.java:107)
	at com.fasterxml.jackson.databind.ser.std.CollectionSerializer.serialize(CollectionSerializer.java:25)
	at com.fasterxml.jackson.databind.ser.BeanPropertyWriter.serializeAsField(BeanPropertyWriter.java:732)
	at com.fasterxml.jackson.databind.ser.std.BeanSerializerBase.serializeFields(BeanSerializerBase.java:770)
	at com.fasterxml.jackson.databind.ser.BeanSerializer.serialize(BeanSerializer.java:184)
	at com.fasterxml.jackson.databind.ser.BeanPropertyWriter.serializeAsField(BeanPropertyWriter.java:732)
	at com.fasterxml.jackson.databind.ser.std.BeanSerializerBase.serializeFields(BeanSerializerBase.java:770)
	at com.fasterxml.jackson.databind.ser.BeanSerializer.serialize(BeanSerializer.java:184)
	at com.fasterxml.jackson.databind.ser.std.CollectionSerializer.serializeContents(CollectionSerializer.java:145)
	at com.fasterxml.jackson.databind.ser.std.CollectionSerializer.serialize(CollectionSerializer.java:107)
	at com.fasterxml.jackson.databind.ser.std.CollectionSerializer.serialize(CollectionSerializer.java:25)
	at com.fasterxml.jackson.databind.ser.BeanPropertyWriter.serializeAsField(BeanPropertyWriter.java:732)
	at com.fasterxml.jackson.databind.ser.std.BeanSerializerBase.serializeFields(BeanSerializerBase.java:770)
	at com.fasterxml.jackson.databind.ser.BeanSerializer.serialize(BeanSerializer.java:184)
	at com.fasterxml.jackson.databind.ser.BeanPropertyWriter.serializeAsField(BeanPropertyWriter.java:732)
	at com.fasterxml.jackson.databind.ser.std.BeanSerializerBase.serializeFields(BeanSerializerBase.java:770)
	at com.fasterxml.jackson.databind.ser.BeanSerializer.serialize(BeanSerializer.java:184)
	at com.fasterxml.jackson.databind.ser.std.CollectionSerializer.serializeContents(CollectionSerializer.java:145)
	at com.fasterxml.jackson.databind.ser.std.CollectionSerializer.serialize(CollectionSerializer.java:107)
	at com.fasterxml.jackson.databind.ser.std.CollectionSerializer.serialize(CollectionSerializer.java:25)
	at com.fasterxml.jackson.databind.ser.BeanPropertyWriter.serializeAsField(BeanPropertyWriter.java:732)
	at com.fasterxml.jackson.databind.ser.std.BeanSerializerBase.serializeFields(BeanSerializerBase.java:770)
	at com.fasterxml.jackson.databind.ser.BeanSerializer.serialize(BeanSerializer.java:184)
	at com.fasterxml.jackson.databind.ser.BeanPropertyWriter.serializeAsField(BeanPropertyWriter.java:732)
	at com.fasterxml.jackson.databind.ser.std.BeanSerializerBase.serializeFields(BeanSerializerBase.java:770)
	at com.fasterxml.jackson.databind.ser.BeanSerializer.serialize(BeanSerializer.java:184)
	at com.fasterxml.jackson.databind.ser.std.CollectionSerializer.serializeContents(CollectionSerializer.java:145)
	at com.fasterxml.jackson.databind.ser.std.CollectionSerializer.serialize(CollectionSerializer.java:107)
	at com.fasterxml.jackson.databind.ser.std.CollectionSerializer.serialize(CollectionSerializer.java:25)
	at com.fasterxml.jackson.databind.ser.BeanPropertyWriter.serializeAsField(BeanPropertyWriter.java:732)
	at com.fasterxml.jackson.databind.ser.std.BeanSerializerBase.serializeFields(BeanSerializerBase.java:770)
	at com.fasterxml.jackson.databind.ser.BeanSerializer.serialize(BeanSerializer.java:184)
	at com.fasterxml.jackson.databind.ser.BeanPropertyWriter.serializeAsField(BeanPropertyWriter.java:732)
	at com.fasterxml.jackson.databind.ser.std.BeanSerializerBase.serializeFields(BeanSerializerBase.java:770)
	at com.fasterxml.jackson.databind.ser.BeanSerializer.serialize(BeanSerializer.java:184)
	at com.fasterxml.jackson.databind.ser.std.CollectionSerializer.serializeContents(CollectionSerializer.java:145)
	at com.fasterxml.jackson.databind.ser.std.CollectionSerializer.serialize(CollectionSerializer.java:107)
	at com.fasterxml.jackson.databind.ser.std.CollectionSerializer.serialize(CollectionSerializer.java:25)
	at com.fasterxml.jackson.databind.ser.BeanPropertyWriter.serializeAsField(BeanPropertyWriter.java:732)
	at com.fasterxml.jackson.databind.ser.std.BeanSerializerBase.serializeFields(BeanSerializerBase.java:770)
	at com.fasterxml.jackson.databind.ser.BeanSerializer.serialize(BeanSerializer.java:184)
	at com.fasterxml.jackson.databind.ser.BeanPropertyWriter.serializeAsField(BeanPropertyWriter.java:732)
	at com.fasterxml.jackson.databind.ser.std.BeanSerializerBase.serializeFields(BeanSerializerBase.java:770)
	at com.fasterxml.jackson.databind.ser.BeanSerializer.serialize(BeanSerializer.java:184)
	at com.fasterxml.jackson.databind.ser.std.CollectionSerializer.serializeContents(CollectionSerializer.java:145)
	at com.fasterxml.jackson.databind.ser.std.CollectionSerializer.serialize(CollectionSerializer.java:107)
	at com.fasterxml.jackson.databind.ser.std.CollectionSerializer.serialize(CollectionSerializer.java:25)
	at com.fasterxml.jackson.databind.ser.BeanPropertyWriter.serializeAsField(BeanPropertyWriter.java:732)
	at com.fasterxml.jackson.databind.ser.std.BeanSerializerBase.serializeFields(BeanSerializerBase.java:770)
	at com.fasterxml.jackson.databind.ser.BeanSerializer.serialize(BeanSerializer.java:184)
	at com.fasterxml.jackson.databind.ser.BeanPropertyWriter.serializeAsField(BeanPropertyWriter.java:732)
	at com.fasterxml.jackson.databind.ser.std.BeanSerializerBase.serializeFields(BeanSerializerBase.java:770)
	at com.fasterxml.jackson.databind.ser.BeanSerializer.serialize(BeanSerializer.java:184)
	at com.fasterxml.jackson.databind.ser.std.CollectionSerializer.serializeContents(CollectionSerializer.java:145)
	at com.fasterxml.jackson.databind.ser.std.CollectionSerializer.serialize(CollectionSerializer.java:107)
	at com.fasterxml.jackson.databind.ser.std.CollectionSerializer.serialize(CollectionSerializer.java:25)
	at com.fasterxml.jackson.databind.ser.BeanPropertyWriter.serializeAsField(BeanPropertyWriter.java:732)
	at com.fasterxml.jackson.databind.ser.std.BeanSerializerBase.serializeFields(BeanSerializerBase.java:770)
	at com.fasterxml.jackson.databind.ser.BeanSerializer.serialize(BeanSerializer.java:184)
	at com.fasterxml.jackson.databind.ser.BeanPropertyWriter.serializeAsField(BeanPropertyWriter.java:732)
	at com.fasterxml.jackson.databind.ser.std.BeanSerializerBase.serializeFields(BeanSerializerBase.java:770)
	at com.fasterxml.jackson.databind.ser.BeanSerializer.serialize(BeanSerializer.java:184)
	at com.fasterxml.jackson.databind.ser.std.CollectionSerializer.serializeContents(CollectionSerializer.java:145)
	at com.fasterxml.jackson.databind.ser.std.CollectionSerializer.serialize(CollectionSerializer.java:107)
	at com.fasterxml.jackson.databind.ser.std.CollectionSerializer.serialize(CollectionSerializer.java:25)
	at com.fasterxml.jackson.databind.ser.BeanPropertyWriter.serializeAsField(BeanPropertyWriter.java:732)
	at com.fasterxml.jackson.databind.ser.std.BeanSerializerBase.serializeFields(BeanSerializerBase.java:770)
	at com.fasterxml.jackson.databind.ser.BeanSerializer.serialize(BeanSerializer.java:184)
	at com.fasterxml.jackson.databind.ser.BeanPropertyWriter.serializeAsField(BeanPropertyWriter.java:732)
	at com.fasterxml.jackson.databind.ser.std.BeanSerializerBase.serializeFields(BeanSerializerBase.java:770)
	at com.fasterxml.jackson.databind.ser.BeanSerializer.serialize(BeanSerializer.java:184)
	at com.fasterxml.jackson.databind.ser.std.CollectionSerializer.serializeContents(CollectionSerializer.java:145)
	at com.fasterxml.jackson.databind.ser.std.CollectionSerializer.serialize(CollectionSerializer.java:107)
	at com.fasterxml.jackson.databind.ser.std.CollectionSerializer.serialize(CollectionSerializer.java:25)
	at com.fasterxml.jackson.databind.ser.BeanPropertyWriter.serializeAsField(BeanPropertyWriter.java:732)
	at com.fasterxml.jackson.databind.ser.std.BeanSerializerBase.serializeFields(BeanSerializerBase.java:770)
	at com.fasterxml.jackson.databind.ser.BeanSerializer.serialize(BeanSerializer.java:184)
	at com.fasterxml.jackson.databind.ser.BeanPropertyWriter.serializeAsField(BeanPropertyWriter.java:732)
	at com.fasterxml.jackson.databind.ser.std.BeanSerializerBase.serializeFields(BeanSerializerBase.java:770)
	at com.fasterxml.jackson.databind.ser.BeanSerializer.serialize(BeanSerializer.java:184)
	at com.fasterxml.jackson.databind.ser.std.CollectionSerializer.serializeContents(CollectionSerializer.java:145)
	at com.fasterxml.jackson.databind.ser.std.CollectionSerializer.serialize(CollectionSerializer.java:107)
	at com.fasterxml.jackson.databind.ser.std.CollectionSerializer.serialize(CollectionSerializer.java:25)
	at com.fasterxml.jackson.databind.ser.BeanPropertyWriter.serializeAsField(BeanPropertyWriter.java:732)
	at com.fasterxml.jackson.databind.ser.std.BeanSerializerBase.serializeFields(BeanSerializerBase.java:770)
	at com.fasterxml.jackson.databind.ser.BeanSerializer.serialize(BeanSerializer.java:184)
	at com.fasterxml.jackson.databind.ser.BeanPropertyWriter.serializeAsField(BeanPropertyWriter.java:732)
	at com.fasterxml.jackson.databind.ser.std.BeanSerializerBase.serializeFields(BeanSerializerBase.java:770)
	at com.fasterxml.jackson.databind.ser.BeanSerializer.serialize(BeanSerializer.java:184)
	at com.fasterxml.jackson.databind.ser.std.CollectionSerializer.serializeContents(CollectionSerializer.java:145)
	at com.fasterxml.jackson.databind.ser.std.CollectionSerializer.serialize(CollectionSerializer.java:107)
	at com.fasterxml.jackson.databind.ser.std.CollectionSerializer.serialize(CollectionSerializer.java:25)
	at com.fasterxml.jackson.databind.ser.BeanPropertyWriter.serializeAsField(BeanPropertyWriter.java:732)
	at com.fasterxml.jackson.databind.ser.std.BeanSerializerBase.serializeFields(BeanSerializerBase.java:770)
	at com.fasterxml.jackson.databind.ser.BeanSerializer.serialize(BeanSerializer.java:184)
	at com.fasterxml.jackson.databind.ser.BeanPropertyWriter.serializeAsField(BeanPropertyWriter.java:732)
	at com.fasterxml.jackson.databind.ser.std.BeanSerializerBase.serializeFields(BeanSerializerBase.java:770)
	at com.fasterxml.jackson.databind.ser.BeanSerializer.serialize(BeanSerializer.java:184)
	at com.fasterxml.jackson.databind.ser.std.CollectionSerializer.serializeContents(CollectionSerializer.java:145)
	at com.fasterxml.jackson.databind.ser.std.CollectionSerializer.serialize(CollectionSerializer.java:107)
	at com.fasterxml.jackson.databind.ser.std.CollectionSerializer.serialize(CollectionSerializer.java:25)
	at com.fasterxml.jackson.databind.ser.BeanPropertyWriter.serializeAsField(BeanPropertyWriter.java:732)
	at com.fasterxml.jackson.databind.ser.std.BeanSerializerBase.serializeFields(BeanSerializerBase.java:770)
	at com.fasterxml.jackson.databind.ser.BeanSerializer.serialize(BeanSerializer.java:184)
	at com.fasterxml.jackson.databind.ser.BeanPropertyWriter.serializeAsField(BeanPropertyWriter.java:732)
	at com.fasterxml.jackson.databind.ser.std.BeanSerializerBase.serializeFields(BeanSerializerBase.java:770)
	at com.fasterxml.jackson.databind.ser.BeanSerializer.serialize(BeanSerializer.java:184)
	at com.fasterxml.jackson.databind.ser.std.CollectionSerializer.serializeContents(CollectionSerializer.java:145)
	at com.fasterxml.jackson.databind.ser.std.CollectionSerializer.serialize(CollectionSerializer.java:107)
	at com.fasterxml.jackson.databind.ser.std.CollectionSerializer.serialize(CollectionSerializer.java:25)
	at com.fasterxml.jackson.databind.ser.BeanPropertyWriter.serializeAsField(BeanPropertyWriter.java:732)
	at com.fasterxml.jackson.databind.ser.std.BeanSerializerBase.serializeFields(BeanSerializerBase.java:770)
	at com.fasterxml.jackson.databind.ser.BeanSerializer.serialize(BeanSerializer.java:184)
	at com.fasterxml.jackson.databind.ser.BeanPropertyWriter.serializeAsField(BeanPropertyWriter.java:732)
2025-04-25 19:40:19 [http-nio-8080-exec-8] ERROR o.a.c.c.C.[.[.[.[dispatcherServlet] - Servlet.service() for servlet [dispatcherServlet] in context with path [] threw exception [Request processing failed: org.springframework.orm.ObjectOptimisticLockingFailureException: Row was updated or deleted by another transaction (or unsaved-value mapping was incorrect): [az.coders.cinemaplus.entity.ErrorMessage#11]] with root cause
org.hibernate.StaleObjectStateException: Row was updated or deleted by another transaction (or unsaved-value mapping was incorrect): [az.coders.cinemaplus.entity.ErrorMessage#11]
	at org.hibernate.event.internal.DefaultMergeEventListener.entityIsDetached(DefaultMergeEventListener.java:426)
	at org.hibernate.event.internal.DefaultMergeEventListener.merge(DefaultMergeEventListener.java:214)
	at org.hibernate.event.internal.DefaultMergeEventListener.doMerge(DefaultMergeEventListener.java:152)
	at org.hibernate.event.internal.DefaultMergeEventListener.onMerge(DefaultMergeEventListener.java:136)
	at org.hibernate.event.internal.DefaultMergeEventListener.onMerge(DefaultMergeEventListener.java:89)
	at org.hibernate.event.service.internal.EventListenerGroupImpl.fireEventOnEachListener(EventListenerGroupImpl.java:127)
	at org.hibernate.internal.SessionImpl.fireMerge(SessionImpl.java:854)
	at org.hibernate.internal.SessionImpl.merge(SessionImpl.java:840)
	at java.base/jdk.internal.reflect.DirectMethodHandleAccessor.invoke(DirectMethodHandleAccessor.java:103)
	at java.base/java.lang.reflect.Method.invoke(Method.java:580)
	at org.springframework.orm.jpa.ExtendedEntityManagerCreator$ExtendedEntityManagerInvocationHandler.invoke(ExtendedEntityManagerCreator.java:364)
	at jdk.proxy2/jdk.proxy2.$Proxy130.merge(Unknown Source)
	at java.base/jdk.internal.reflect.DirectMethodHandleAccessor.invoke(DirectMethodHandleAccessor.java:103)
	at java.base/java.lang.reflect.Method.invoke(Method.java:580)
	at org.springframework.orm.jpa.SharedEntityManagerCreator$SharedEntityManagerInvocationHandler.invoke(SharedEntityManagerCreator.java:320)
	at jdk.proxy2/jdk.proxy2.$Proxy130.merge(Unknown Source)
	at org.springframework.data.jpa.repository.support.SimpleJpaRepository.save(SimpleJpaRepository.java:639)
	at java.base/jdk.internal.reflect.DirectMethodHandleAccessor.invoke(DirectMethodHandleAccessor.java:103)
	at java.base/java.lang.reflect.Method.invoke(Method.java:580)
	at org.springframework.aop.support.AopUtils.invokeJoinpointUsingReflection(AopUtils.java:359)
	at org.springframework.data.repository.core.support.RepositoryMethodInvoker$RepositoryFragmentMethodInvoker.lambda$new$0(RepositoryMethodInvoker.java:277)
	at org.springframework.data.repository.core.support.RepositoryMethodInvoker.doInvoke(RepositoryMethodInvoker.java:170)
	at org.springframework.data.repository.core.support.RepositoryMethodInvoker.invoke(RepositoryMethodInvoker.java:158)
	at org.springframework.data.repository.core.support.RepositoryComposition$RepositoryFragments.invoke(RepositoryComposition.java:515)
	at org.springframework.data.repository.core.support.RepositoryComposition.invoke(RepositoryComposition.java:284)
	at org.springframework.data.repository.core.support.RepositoryFactorySupport$ImplementationMethodExecutionInterceptor.invoke(RepositoryFactorySupport.java:731)
	at org.springframework.aop.framework.ReflectiveMethodInvocation.proceed(ReflectiveMethodInvocation.java:184)
	at org.springframework.data.repository.core.support.QueryExecutorMethodInterceptor.doInvoke(QueryExecutorMethodInterceptor.java:174)
	at org.springframework.data.repository.core.support.QueryExecutorMethodInterceptor.invoke(QueryExecutorMethodInterceptor.java:149)
	at org.springframework.aop.framework.ReflectiveMethodInvocation.proceed(ReflectiveMethodInvocation.java:184)
	at org.springframework.data.projection.DefaultMethodInvokingMethodInterceptor.invoke(DefaultMethodInvokingMethodInterceptor.java:69)
	at org.springframework.aop.framework.ReflectiveMethodInvocation.proceed(ReflectiveMethodInvocation.java:184)
	at org.springframework.transaction.interceptor.TransactionAspectSupport.invokeWithinTransaction(TransactionAspectSupport.java:380)
	at org.springframework.transaction.interceptor.TransactionInterceptor.invoke(TransactionInterceptor.java:119)
	at org.springframework.aop.framework.ReflectiveMethodInvocation.proceed(ReflectiveMethodInvocation.java:184)
	at org.springframework.dao.support.PersistenceExceptionTranslationInterceptor.invoke(PersistenceExceptionTranslationInterceptor.java:138)
	at org.springframework.aop.framework.ReflectiveMethodInvocation.proceed(ReflectiveMethodInvocation.java:184)
	at org.springframework.data.jpa.repository.support.CrudMethodMetadataPostProcessor$CrudMethodMetadataPopulatingMethodInterceptor.invoke(CrudMethodMetadataPostProcessor.java:165)
	at org.springframework.aop.framework.ReflectiveMethodInvocation.proceed(ReflectiveMethodInvocation.java:184)
	at org.springframework.aop.framework.JdkDynamicAopProxy.invoke(JdkDynamicAopProxy.java:223)
	at jdk.proxy2/jdk.proxy2.$Proxy142.save(Unknown Source)
	at az.coders.cinemaplus.service.impl.ErrorMessageServiceImpl.createErrorMessage(ErrorMessageServiceImpl.java:51)
	at az.coders.cinemaplus.controller.admin.ErrorMessageController.createErrorMessage(ErrorMessageController.java:30)
	at java.base/jdk.internal.reflect.DirectMethodHandleAccessor.invoke(DirectMethodHandleAccessor.java:103)
	at java.base/java.lang.reflect.Method.invoke(Method.java:580)
	at org.springframework.web.method.support.InvocableHandlerMethod.doInvoke(InvocableHandlerMethod.java:258)
	at org.springframework.web.method.support.InvocableHandlerMethod.invokeForRequest(InvocableHandlerMethod.java:191)
	at org.springframework.web.servlet.mvc.method.annotation.ServletInvocableHandlerMethod.invokeAndHandle(ServletInvocableHandlerMethod.java:118)
	at org.springframework.web.servlet.mvc.method.annotation.RequestMappingHandlerAdapter.invokeHandlerMethod(RequestMappingHandlerAdapter.java:986)
	at org.springframework.web.servlet.mvc.method.annotation.RequestMappingHandlerAdapter.handleInternal(RequestMappingHandlerAdapter.java:891)
	at org.springframework.web.servlet.mvc.method.AbstractHandlerMethodAdapter.handle(AbstractHandlerMethodAdapter.java:87)
	at org.springframework.web.servlet.DispatcherServlet.doDispatch(DispatcherServlet.java:1089)
	at org.springframework.web.servlet.DispatcherServlet.doService(DispatcherServlet.java:979)
	at org.springframework.web.servlet.FrameworkServlet.processRequest(FrameworkServlet.java:1014)
	at org.springframework.web.servlet.FrameworkServlet.doPost(FrameworkServlet.java:914)
	at jakarta.servlet.http.HttpServlet.service(HttpServlet.java:590)
	at org.springframework.web.servlet.FrameworkServlet.service(FrameworkServlet.java:885)
	at jakarta.servlet.http.HttpServlet.service(HttpServlet.java:658)
	at org.apache.catalina.core.ApplicationFilterChain.internalDoFilter(ApplicationFilterChain.java:195)
	at org.apache.catalina.core.ApplicationFilterChain.doFilter(ApplicationFilterChain.java:140)
	at org.apache.tomcat.websocket.server.WsFilter.doFilter(WsFilter.java:51)
	at org.apache.catalina.core.ApplicationFilterChain.internalDoFilter(ApplicationFilterChain.java:164)
	at org.apache.catalina.core.ApplicationFilterChain.doFilter(ApplicationFilterChain.java:140)
	at az.coders.cinemaplus.config.LoggingFilter.doFilterInternal(LoggingFilter.java:28)
	at org.springframework.web.filter.OncePerRequestFilter.doFilter(OncePerRequestFilter.java:116)
	at org.apache.catalina.core.ApplicationFilterChain.internalDoFilter(ApplicationFilterChain.java:164)
	at org.apache.catalina.core.ApplicationFilterChain.doFilter(ApplicationFilterChain.java:140)
	at org.springframework.web.filter.OncePerRequestFilter.doFilter(OncePerRequestFilter.java:110)
	at org.apache.catalina.core.ApplicationFilterChain.internalDoFilter(ApplicationFilterChain.java:164)
	at org.apache.catalina.core.ApplicationFilterChain.doFilter(ApplicationFilterChain.java:140)
	at org.springframework.web.filter.CompositeFilter$VirtualFilterChain.doFilter(CompositeFilter.java:108)
	at org.springframework.security.web.FilterChainProxy.lambda$doFilterInternal$3(FilterChainProxy.java:231)
	at org.springframework.security.web.FilterChainProxy$VirtualFilterChain.doFilter(FilterChainProxy.java:365)
	at org.springframework.security.web.access.intercept.AuthorizationFilter.doFilter(AuthorizationFilter.java:101)
	at org.springframework.security.web.FilterChainProxy$VirtualFilterChain.doFilter(FilterChainProxy.java:374)
	at org.springframework.security.web.access.ExceptionTranslationFilter.doFilter(ExceptionTranslationFilter.java:126)
	at org.springframework.security.web.access.ExceptionTranslationFilter.doFilter(ExceptionTranslationFilter.java:120)
	at org.springframework.security.web.FilterChainProxy$VirtualFilterChain.doFilter(FilterChainProxy.java:374)
	at org.springframework.security.web.authentication.AnonymousAuthenticationFilter.doFilter(AnonymousAuthenticationFilter.java:100)
	at org.springframework.security.web.FilterChainProxy$VirtualFilterChain.doFilter(FilterChainProxy.java:374)
	at org.springframework.security.web.servletapi.SecurityContextHolderAwareRequestFilter.doFilter(SecurityContextHolderAwareRequestFilter.java:179)
	at org.springframework.security.web.FilterChainProxy$VirtualFilterChain.doFilter(FilterChainProxy.java:374)
	at org.springframework.security.web.savedrequest.RequestCacheAwareFilter.doFilter(RequestCacheAwareFilter.java:63)
	at org.springframework.security.web.FilterChainProxy$VirtualFilterChain.doFilter(FilterChainProxy.java:374)
	at az.coders.cinemaplus.config.JwtFilter.doFilterInternal(JwtFilter.java:42)
	at org.springframework.web.filter.OncePerRequestFilter.doFilter(OncePerRequestFilter.java:116)
	at org.springframework.security.web.FilterChainProxy$VirtualFilterChain.doFilter(FilterChainProxy.java:374)
	at org.springframework.security.web.authentication.logout.LogoutFilter.doFilter(LogoutFilter.java:107)
	at org.springframework.security.web.authentication.logout.LogoutFilter.doFilter(LogoutFilter.java:93)
	at org.springframework.security.web.FilterChainProxy$VirtualFilterChain.doFilter(FilterChainProxy.java:374)
	at org.springframework.security.web.header.HeaderWriterFilter.doHeadersAfter(HeaderWriterFilter.java:90)
	at org.springframework.security.web.header.HeaderWriterFilter.doFilterInternal(HeaderWriterFilter.java:75)
	at org.springframework.web.filter.OncePerRequestFilter.doFilter(OncePerRequestFilter.java:116)
	at org.springframework.security.web.FilterChainProxy$VirtualFilterChain.doFilter(FilterChainProxy.java:374)
	at org.springframework.security.web.context.SecurityContextHolderFilter.doFilter(SecurityContextHolderFilter.java:82)
	at org.springframework.security.web.context.SecurityContextHolderFilter.doFilter(SecurityContextHolderFilter.java:69)
	at org.springframework.security.web.FilterChainProxy$VirtualFilterChain.doFilter(FilterChainProxy.java:374)
	at org.springframework.security.web.context.request.async.WebAsyncManagerIntegrationFilter.doFilterInternal(WebAsyncManagerIntegrationFilter.java:62)
	at org.springframework.web.filter.OncePerRequestFilter.doFilter(OncePerRequestFilter.java:116)
	at org.springframework.security.web.FilterChainProxy$VirtualFilterChain.doFilter(FilterChainProxy.java:374)
	at org.springframework.security.web.session.DisableEncodeUrlFilter.doFilterInternal(DisableEncodeUrlFilter.java:42)
	at org.springframework.web.filter.OncePerRequestFilter.doFilter(OncePerRequestFilter.java:116)
	at org.springframework.security.web.FilterChainProxy$VirtualFilterChain.doFilter(FilterChainProxy.java:374)
	at org.springframework.security.web.FilterChainProxy.doFilterInternal(FilterChainProxy.java:233)
	at org.springframework.security.web.FilterChainProxy.doFilter(FilterChainProxy.java:191)
	at org.springframework.web.filter.CompositeFilter$VirtualFilterChain.doFilter(CompositeFilter.java:113)
	at org.springframework.web.servlet.handler.HandlerMappingIntrospector.lambda$createCacheFilter$3(HandlerMappingIntrospector.java:243)
	at org.springframework.web.filter.CompositeFilter$VirtualFilterChain.doFilter(CompositeFilter.java:113)
	at org.springframework.web.filter.CompositeFilter.doFilter(CompositeFilter.java:74)
	at org.springframework.security.config.annotation.web.configuration.WebMvcSecurityConfiguration$CompositeFilterChainProxy.doFilter(WebMvcSecurityConfiguration.java:238)
	at org.springframework.web.filter.DelegatingFilterProxy.invokeDelegate(DelegatingFilterProxy.java:362)
	at org.springframework.web.filter.DelegatingFilterProxy.doFilter(DelegatingFilterProxy.java:278)
	at org.apache.catalina.core.ApplicationFilterChain.internalDoFilter(ApplicationFilterChain.java:164)
	at org.apache.catalina.core.ApplicationFilterChain.doFilter(ApplicationFilterChain.java:140)
	at org.springframework.web.filter.RequestContextFilter.doFilterInternal(RequestContextFilter.java:100)
	at org.springframework.web.filter.OncePerRequestFilter.doFilter(OncePerRequestFilter.java:116)
	at org.apache.catalina.core.ApplicationFilterChain.internalDoFilter(ApplicationFilterChain.java:164)
	at org.apache.catalina.core.ApplicationFilterChain.doFilter(ApplicationFilterChain.java:140)
	at org.springframework.web.filter.FormContentFilter.doFilterInternal(FormContentFilter.java:93)
	at org.springframework.web.filter.OncePerRequestFilter.doFilter(OncePerRequestFilter.java:116)
	at org.apache.catalina.core.ApplicationFilterChain.internalDoFilter(ApplicationFilterChain.java:164)
	at org.apache.catalina.core.ApplicationFilterChain.doFilter(ApplicationFilterChain.java:140)
	at org.springframework.web.filter.CharacterEncodingFilter.doFilterInternal(CharacterEncodingFilter.java:201)
	at org.springframework.web.filter.OncePerRequestFilter.doFilter(OncePerRequestFilter.java:116)
	at org.apache.catalina.core.ApplicationFilterChain.internalDoFilter(ApplicationFilterChain.java:164)
	at org.apache.catalina.core.ApplicationFilterChain.doFilter(ApplicationFilterChain.java:140)
	at org.apache.catalina.core.StandardWrapperValve.invoke(StandardWrapperValve.java:167)
	at org.apache.catalina.core.StandardContextValve.invoke(StandardContextValve.java:90)
	at org.apache.catalina.authenticator.AuthenticatorBase.invoke(AuthenticatorBase.java:483)
	at org.apache.catalina.core.StandardHostValve.invoke(StandardHostValve.java:115)
	at org.apache.catalina.valves.ErrorReportValve.invoke(ErrorReportValve.java:93)
	at org.apache.catalina.core.StandardEngineValve.invoke(StandardEngineValve.java:74)
	at org.apache.catalina.connector.CoyoteAdapter.service(CoyoteAdapter.java:344)
	at org.apache.coyote.http11.Http11Processor.service(Http11Processor.java:397)
	at org.apache.coyote.AbstractProcessorLight.process(AbstractProcessorLight.java:63)
	at org.apache.coyote.AbstractProtocol$ConnectionHandler.process(AbstractProtocol.java:905)
	at org.apache.tomcat.util.net.NioEndpoint$SocketProcessor.doRun(NioEndpoint.java:1743)
	at org.apache.tomcat.util.net.SocketProcessorBase.run(SocketProcessorBase.java:52)
	at org.apache.tomcat.util.threads.ThreadPoolExecutor.runWorker(ThreadPoolExecutor.java:1190)
	at org.apache.tomcat.util.threads.ThreadPoolExecutor$Worker.run(ThreadPoolExecutor.java:659)
	at org.apache.tomcat.util.threads.TaskThread$WrappingRunnable.run(TaskThread.java:63)
	at java.base/java.lang.Thread.run(Thread.java:1570)
2025-04-25 19:40:49 [http-nio-8080-exec-6] ERROR o.a.c.c.C.[.[.[.[dispatcherServlet] - Servlet.service() for servlet [dispatcherServlet] in context with path [] threw exception [Request processing failed: org.springframework.orm.ObjectOptimisticLockingFailureException: Row was updated or deleted by another transaction (or unsaved-value mapping was incorrect): [az.coders.cinemaplus.entity.ErrorMessage#11]] with root cause
org.hibernate.StaleObjectStateException: Row was updated or deleted by another transaction (or unsaved-value mapping was incorrect): [az.coders.cinemaplus.entity.ErrorMessage#11]
	at org.hibernate.event.internal.DefaultMergeEventListener.entityIsDetached(DefaultMergeEventListener.java:426)
	at org.hibernate.event.internal.DefaultMergeEventListener.merge(DefaultMergeEventListener.java:214)
	at org.hibernate.event.internal.DefaultMergeEventListener.doMerge(DefaultMergeEventListener.java:152)
	at org.hibernate.event.internal.DefaultMergeEventListener.onMerge(DefaultMergeEventListener.java:136)
	at org.hibernate.event.internal.DefaultMergeEventListener.onMerge(DefaultMergeEventListener.java:89)
	at org.hibernate.event.service.internal.EventListenerGroupImpl.fireEventOnEachListener(EventListenerGroupImpl.java:127)
	at org.hibernate.internal.SessionImpl.fireMerge(SessionImpl.java:854)
	at org.hibernate.internal.SessionImpl.merge(SessionImpl.java:840)
	at java.base/jdk.internal.reflect.DirectMethodHandleAccessor.invoke(DirectMethodHandleAccessor.java:103)
	at java.base/java.lang.reflect.Method.invoke(Method.java:580)
	at org.springframework.orm.jpa.ExtendedEntityManagerCreator$ExtendedEntityManagerInvocationHandler.invoke(ExtendedEntityManagerCreator.java:364)
	at jdk.proxy2/jdk.proxy2.$Proxy130.merge(Unknown Source)
	at java.base/jdk.internal.reflect.DirectMethodHandleAccessor.invoke(DirectMethodHandleAccessor.java:103)
	at java.base/java.lang.reflect.Method.invoke(Method.java:580)
	at org.springframework.orm.jpa.SharedEntityManagerCreator$SharedEntityManagerInvocationHandler.invoke(SharedEntityManagerCreator.java:320)
	at jdk.proxy2/jdk.proxy2.$Proxy130.merge(Unknown Source)
	at org.springframework.data.jpa.repository.support.SimpleJpaRepository.save(SimpleJpaRepository.java:639)
	at java.base/jdk.internal.reflect.DirectMethodHandleAccessor.invoke(DirectMethodHandleAccessor.java:103)
	at java.base/java.lang.reflect.Method.invoke(Method.java:580)
	at org.springframework.aop.support.AopUtils.invokeJoinpointUsingReflection(AopUtils.java:359)
	at org.springframework.data.repository.core.support.RepositoryMethodInvoker$RepositoryFragmentMethodInvoker.lambda$new$0(RepositoryMethodInvoker.java:277)
	at org.springframework.data.repository.core.support.RepositoryMethodInvoker.doInvoke(RepositoryMethodInvoker.java:170)
	at org.springframework.data.repository.core.support.RepositoryMethodInvoker.invoke(RepositoryMethodInvoker.java:158)
	at org.springframework.data.repository.core.support.RepositoryComposition$RepositoryFragments.invoke(RepositoryComposition.java:515)
	at org.springframework.data.repository.core.support.RepositoryComposition.invoke(RepositoryComposition.java:284)
	at org.springframework.data.repository.core.support.RepositoryFactorySupport$ImplementationMethodExecutionInterceptor.invoke(RepositoryFactorySupport.java:731)
	at org.springframework.aop.framework.ReflectiveMethodInvocation.proceed(ReflectiveMethodInvocation.java:184)
	at org.springframework.data.repository.core.support.QueryExecutorMethodInterceptor.doInvoke(QueryExecutorMethodInterceptor.java:174)
	at org.springframework.data.repository.core.support.QueryExecutorMethodInterceptor.invoke(QueryExecutorMethodInterceptor.java:149)
	at org.springframework.aop.framework.ReflectiveMethodInvocation.proceed(ReflectiveMethodInvocation.java:184)
	at org.springframework.data.projection.DefaultMethodInvokingMethodInterceptor.invoke(DefaultMethodInvokingMethodInterceptor.java:69)
	at org.springframework.aop.framework.ReflectiveMethodInvocation.proceed(ReflectiveMethodInvocation.java:184)
	at org.springframework.transaction.interceptor.TransactionAspectSupport.invokeWithinTransaction(TransactionAspectSupport.java:380)
	at org.springframework.transaction.interceptor.TransactionInterceptor.invoke(TransactionInterceptor.java:119)
	at org.springframework.aop.framework.ReflectiveMethodInvocation.proceed(ReflectiveMethodInvocation.java:184)
	at org.springframework.dao.support.PersistenceExceptionTranslationInterceptor.invoke(PersistenceExceptionTranslationInterceptor.java:138)
	at org.springframework.aop.framework.ReflectiveMethodInvocation.proceed(ReflectiveMethodInvocation.java:184)
	at org.springframework.data.jpa.repository.support.CrudMethodMetadataPostProcessor$CrudMethodMetadataPopulatingMethodInterceptor.invoke(CrudMethodMetadataPostProcessor.java:165)
	at org.springframework.aop.framework.ReflectiveMethodInvocation.proceed(ReflectiveMethodInvocation.java:184)
	at org.springframework.aop.framework.JdkDynamicAopProxy.invoke(JdkDynamicAopProxy.java:223)
	at jdk.proxy2/jdk.proxy2.$Proxy142.save(Unknown Source)
	at az.coders.cinemaplus.service.impl.ErrorMessageServiceImpl.createErrorMessage(ErrorMessageServiceImpl.java:51)
	at az.coders.cinemaplus.controller.admin.ErrorMessageController.createErrorMessage(ErrorMessageController.java:30)
	at java.base/jdk.internal.reflect.DirectMethodHandleAccessor.invoke(DirectMethodHandleAccessor.java:103)
	at java.base/java.lang.reflect.Method.invoke(Method.java:580)
	at org.springframework.web.method.support.InvocableHandlerMethod.doInvoke(InvocableHandlerMethod.java:258)
	at org.springframework.web.method.support.InvocableHandlerMethod.invokeForRequest(InvocableHandlerMethod.java:191)
	at org.springframework.web.servlet.mvc.method.annotation.ServletInvocableHandlerMethod.invokeAndHandle(ServletInvocableHandlerMethod.java:118)
	at org.springframework.web.servlet.mvc.method.annotation.RequestMappingHandlerAdapter.invokeHandlerMethod(RequestMappingHandlerAdapter.java:986)
	at org.springframework.web.servlet.mvc.method.annotation.RequestMappingHandlerAdapter.handleInternal(RequestMappingHandlerAdapter.java:891)
	at org.springframework.web.servlet.mvc.method.AbstractHandlerMethodAdapter.handle(AbstractHandlerMethodAdapter.java:87)
	at org.springframework.web.servlet.DispatcherServlet.doDispatch(DispatcherServlet.java:1089)
	at org.springframework.web.servlet.DispatcherServlet.doService(DispatcherServlet.java:979)
	at org.springframework.web.servlet.FrameworkServlet.processRequest(FrameworkServlet.java:1014)
	at org.springframework.web.servlet.FrameworkServlet.doPost(FrameworkServlet.java:914)
	at jakarta.servlet.http.HttpServlet.service(HttpServlet.java:590)
	at org.springframework.web.servlet.FrameworkServlet.service(FrameworkServlet.java:885)
	at jakarta.servlet.http.HttpServlet.service(HttpServlet.java:658)
	at org.apache.catalina.core.ApplicationFilterChain.internalDoFilter(ApplicationFilterChain.java:195)
	at org.apache.catalina.core.ApplicationFilterChain.doFilter(ApplicationFilterChain.java:140)
	at org.apache.tomcat.websocket.server.WsFilter.doFilter(WsFilter.java:51)
	at org.apache.catalina.core.ApplicationFilterChain.internalDoFilter(ApplicationFilterChain.java:164)
	at org.apache.catalina.core.ApplicationFilterChain.doFilter(ApplicationFilterChain.java:140)
	at az.coders.cinemaplus.config.LoggingFilter.doFilterInternal(LoggingFilter.java:28)
	at org.springframework.web.filter.OncePerRequestFilter.doFilter(OncePerRequestFilter.java:116)
	at org.apache.catalina.core.ApplicationFilterChain.internalDoFilter(ApplicationFilterChain.java:164)
	at org.apache.catalina.core.ApplicationFilterChain.doFilter(ApplicationFilterChain.java:140)
	at org.springframework.web.filter.OncePerRequestFilter.doFilter(OncePerRequestFilter.java:110)
	at org.apache.catalina.core.ApplicationFilterChain.internalDoFilter(ApplicationFilterChain.java:164)
	at org.apache.catalina.core.ApplicationFilterChain.doFilter(ApplicationFilterChain.java:140)
	at org.springframework.web.filter.CompositeFilter$VirtualFilterChain.doFilter(CompositeFilter.java:108)
	at org.springframework.security.web.FilterChainProxy.lambda$doFilterInternal$3(FilterChainProxy.java:231)
	at org.springframework.security.web.FilterChainProxy$VirtualFilterChain.doFilter(FilterChainProxy.java:365)
	at org.springframework.security.web.access.intercept.AuthorizationFilter.doFilter(AuthorizationFilter.java:101)
	at org.springframework.security.web.FilterChainProxy$VirtualFilterChain.doFilter(FilterChainProxy.java:374)
	at org.springframework.security.web.access.ExceptionTranslationFilter.doFilter(ExceptionTranslationFilter.java:126)
	at org.springframework.security.web.access.ExceptionTranslationFilter.doFilter(ExceptionTranslationFilter.java:120)
	at org.springframework.security.web.FilterChainProxy$VirtualFilterChain.doFilter(FilterChainProxy.java:374)
	at org.springframework.security.web.authentication.AnonymousAuthenticationFilter.doFilter(AnonymousAuthenticationFilter.java:100)
	at org.springframework.security.web.FilterChainProxy$VirtualFilterChain.doFilter(FilterChainProxy.java:374)
	at org.springframework.security.web.servletapi.SecurityContextHolderAwareRequestFilter.doFilter(SecurityContextHolderAwareRequestFilter.java:179)
	at org.springframework.security.web.FilterChainProxy$VirtualFilterChain.doFilter(FilterChainProxy.java:374)
	at org.springframework.security.web.savedrequest.RequestCacheAwareFilter.doFilter(RequestCacheAwareFilter.java:63)
	at org.springframework.security.web.FilterChainProxy$VirtualFilterChain.doFilter(FilterChainProxy.java:374)
	at az.coders.cinemaplus.config.JwtFilter.doFilterInternal(JwtFilter.java:42)
	at org.springframework.web.filter.OncePerRequestFilter.doFilter(OncePerRequestFilter.java:116)
	at org.springframework.security.web.FilterChainProxy$VirtualFilterChain.doFilter(FilterChainProxy.java:374)
	at org.springframework.security.web.authentication.logout.LogoutFilter.doFilter(LogoutFilter.java:107)
	at org.springframework.security.web.authentication.logout.LogoutFilter.doFilter(LogoutFilter.java:93)
	at org.springframework.security.web.FilterChainProxy$VirtualFilterChain.doFilter(FilterChainProxy.java:374)
	at org.springframework.security.web.header.HeaderWriterFilter.doHeadersAfter(HeaderWriterFilter.java:90)
	at org.springframework.security.web.header.HeaderWriterFilter.doFilterInternal(HeaderWriterFilter.java:75)
	at org.springframework.web.filter.OncePerRequestFilter.doFilter(OncePerRequestFilter.java:116)
	at org.springframework.security.web.FilterChainProxy$VirtualFilterChain.doFilter(FilterChainProxy.java:374)
	at org.springframework.security.web.context.SecurityContextHolderFilter.doFilter(SecurityContextHolderFilter.java:82)
	at org.springframework.security.web.context.SecurityContextHolderFilter.doFilter(SecurityContextHolderFilter.java:69)
	at org.springframework.security.web.FilterChainProxy$VirtualFilterChain.doFilter(FilterChainProxy.java:374)
	at org.springframework.security.web.context.request.async.WebAsyncManagerIntegrationFilter.doFilterInternal(WebAsyncManagerIntegrationFilter.java:62)
	at org.springframework.web.filter.OncePerRequestFilter.doFilter(OncePerRequestFilter.java:116)
	at org.springframework.security.web.FilterChainProxy$VirtualFilterChain.doFilter(FilterChainProxy.java:374)
	at org.springframework.security.web.session.DisableEncodeUrlFilter.doFilterInternal(DisableEncodeUrlFilter.java:42)
	at org.springframework.web.filter.OncePerRequestFilter.doFilter(OncePerRequestFilter.java:116)
	at org.springframework.security.web.FilterChainProxy$VirtualFilterChain.doFilter(FilterChainProxy.java:374)
	at org.springframework.security.web.FilterChainProxy.doFilterInternal(FilterChainProxy.java:233)
	at org.springframework.security.web.FilterChainProxy.doFilter(FilterChainProxy.java:191)
	at org.springframework.web.filter.CompositeFilter$VirtualFilterChain.doFilter(CompositeFilter.java:113)
	at org.springframework.web.servlet.handler.HandlerMappingIntrospector.lambda$createCacheFilter$3(HandlerMappingIntrospector.java:243)
	at org.springframework.web.filter.CompositeFilter$VirtualFilterChain.doFilter(CompositeFilter.java:113)
	at org.springframework.web.filter.CompositeFilter.doFilter(CompositeFilter.java:74)
	at org.springframework.security.config.annotation.web.configuration.WebMvcSecurityConfiguration$CompositeFilterChainProxy.doFilter(WebMvcSecurityConfiguration.java:238)
	at org.springframework.web.filter.DelegatingFilterProxy.invokeDelegate(DelegatingFilterProxy.java:362)
	at org.springframework.web.filter.DelegatingFilterProxy.doFilter(DelegatingFilterProxy.java:278)
	at org.apache.catalina.core.ApplicationFilterChain.internalDoFilter(ApplicationFilterChain.java:164)
	at org.apache.catalina.core.ApplicationFilterChain.doFilter(ApplicationFilterChain.java:140)
	at org.springframework.web.filter.RequestContextFilter.doFilterInternal(RequestContextFilter.java:100)
	at org.springframework.web.filter.OncePerRequestFilter.doFilter(OncePerRequestFilter.java:116)
	at org.apache.catalina.core.ApplicationFilterChain.internalDoFilter(ApplicationFilterChain.java:164)
	at org.apache.catalina.core.ApplicationFilterChain.doFilter(ApplicationFilterChain.java:140)
	at org.springframework.web.filter.FormContentFilter.doFilterInternal(FormContentFilter.java:93)
	at org.springframework.web.filter.OncePerRequestFilter.doFilter(OncePerRequestFilter.java:116)
	at org.apache.catalina.core.ApplicationFilterChain.internalDoFilter(ApplicationFilterChain.java:164)
	at org.apache.catalina.core.ApplicationFilterChain.doFilter(ApplicationFilterChain.java:140)
	at org.springframework.web.filter.CharacterEncodingFilter.doFilterInternal(CharacterEncodingFilter.java:201)
	at org.springframework.web.filter.OncePerRequestFilter.doFilter(OncePerRequestFilter.java:116)
	at org.apache.catalina.core.ApplicationFilterChain.internalDoFilter(ApplicationFilterChain.java:164)
	at org.apache.catalina.core.ApplicationFilterChain.doFilter(ApplicationFilterChain.java:140)
	at org.apache.catalina.core.StandardWrapperValve.invoke(StandardWrapperValve.java:167)
	at org.apache.catalina.core.StandardContextValve.invoke(StandardContextValve.java:90)
	at org.apache.catalina.authenticator.AuthenticatorBase.invoke(AuthenticatorBase.java:483)
	at org.apache.catalina.core.StandardHostValve.invoke(StandardHostValve.java:115)
	at org.apache.catalina.valves.ErrorReportValve.invoke(ErrorReportValve.java:93)
	at org.apache.catalina.core.StandardEngineValve.invoke(StandardEngineValve.java:74)
	at org.apache.catalina.connector.CoyoteAdapter.service(CoyoteAdapter.java:344)
	at org.apache.coyote.http11.Http11Processor.service(Http11Processor.java:397)
	at org.apache.coyote.AbstractProcessorLight.process(AbstractProcessorLight.java:63)
	at org.apache.coyote.AbstractProtocol$ConnectionHandler.process(AbstractProtocol.java:905)
	at org.apache.tomcat.util.net.NioEndpoint$SocketProcessor.doRun(NioEndpoint.java:1743)
	at org.apache.tomcat.util.net.SocketProcessorBase.run(SocketProcessorBase.java:52)
	at org.apache.tomcat.util.threads.ThreadPoolExecutor.runWorker(ThreadPoolExecutor.java:1190)
	at org.apache.tomcat.util.threads.ThreadPoolExecutor$Worker.run(ThreadPoolExecutor.java:659)
	at org.apache.tomcat.util.threads.TaskThread$WrappingRunnable.run(TaskThread.java:63)
	at java.base/java.lang.Thread.run(Thread.java:1570)
2025-04-25 19:41:11 [http-nio-8080-exec-9] ERROR o.a.c.c.C.[.[.[.[dispatcherServlet] - Servlet.service() for servlet [dispatcherServlet] in context with path [] threw exception [Request processing failed: org.springframework.orm.ObjectOptimisticLockingFailureException: Row was updated or deleted by another transaction (or unsaved-value mapping was incorrect): [az.coders.cinemaplus.entity.ErrorMessage#11]] with root cause
org.hibernate.StaleObjectStateException: Row was updated or deleted by another transaction (or unsaved-value mapping was incorrect): [az.coders.cinemaplus.entity.ErrorMessage#11]
	at org.hibernate.event.internal.DefaultMergeEventListener.entityIsDetached(DefaultMergeEventListener.java:426)
	at org.hibernate.event.internal.DefaultMergeEventListener.merge(DefaultMergeEventListener.java:214)
	at org.hibernate.event.internal.DefaultMergeEventListener.doMerge(DefaultMergeEventListener.java:152)
	at org.hibernate.event.internal.DefaultMergeEventListener.onMerge(DefaultMergeEventListener.java:136)
	at org.hibernate.event.internal.DefaultMergeEventListener.onMerge(DefaultMergeEventListener.java:89)
	at org.hibernate.event.service.internal.EventListenerGroupImpl.fireEventOnEachListener(EventListenerGroupImpl.java:127)
	at org.hibernate.internal.SessionImpl.fireMerge(SessionImpl.java:854)
	at org.hibernate.internal.SessionImpl.merge(SessionImpl.java:840)
	at java.base/jdk.internal.reflect.DirectMethodHandleAccessor.invoke(DirectMethodHandleAccessor.java:103)
	at java.base/java.lang.reflect.Method.invoke(Method.java:580)
	at org.springframework.orm.jpa.ExtendedEntityManagerCreator$ExtendedEntityManagerInvocationHandler.invoke(ExtendedEntityManagerCreator.java:364)
	at jdk.proxy2/jdk.proxy2.$Proxy130.merge(Unknown Source)
	at java.base/jdk.internal.reflect.DirectMethodHandleAccessor.invoke(DirectMethodHandleAccessor.java:103)
	at java.base/java.lang.reflect.Method.invoke(Method.java:580)
	at org.springframework.orm.jpa.SharedEntityManagerCreator$SharedEntityManagerInvocationHandler.invoke(SharedEntityManagerCreator.java:320)
	at jdk.proxy2/jdk.proxy2.$Proxy130.merge(Unknown Source)
	at org.springframework.data.jpa.repository.support.SimpleJpaRepository.save(SimpleJpaRepository.java:639)
	at java.base/jdk.internal.reflect.DirectMethodHandleAccessor.invoke(DirectMethodHandleAccessor.java:103)
	at java.base/java.lang.reflect.Method.invoke(Method.java:580)
	at org.springframework.aop.support.AopUtils.invokeJoinpointUsingReflection(AopUtils.java:359)
	at org.springframework.data.repository.core.support.RepositoryMethodInvoker$RepositoryFragmentMethodInvoker.lambda$new$0(RepositoryMethodInvoker.java:277)
	at org.springframework.data.repository.core.support.RepositoryMethodInvoker.doInvoke(RepositoryMethodInvoker.java:170)
	at org.springframework.data.repository.core.support.RepositoryMethodInvoker.invoke(RepositoryMethodInvoker.java:158)
	at org.springframework.data.repository.core.support.RepositoryComposition$RepositoryFragments.invoke(RepositoryComposition.java:515)
	at org.springframework.data.repository.core.support.RepositoryComposition.invoke(RepositoryComposition.java:284)
	at org.springframework.data.repository.core.support.RepositoryFactorySupport$ImplementationMethodExecutionInterceptor.invoke(RepositoryFactorySupport.java:731)
	at org.springframework.aop.framework.ReflectiveMethodInvocation.proceed(ReflectiveMethodInvocation.java:184)
	at org.springframework.data.repository.core.support.QueryExecutorMethodInterceptor.doInvoke(QueryExecutorMethodInterceptor.java:174)
	at org.springframework.data.repository.core.support.QueryExecutorMethodInterceptor.invoke(QueryExecutorMethodInterceptor.java:149)
	at org.springframework.aop.framework.ReflectiveMethodInvocation.proceed(ReflectiveMethodInvocation.java:184)
	at org.springframework.data.projection.DefaultMethodInvokingMethodInterceptor.invoke(DefaultMethodInvokingMethodInterceptor.java:69)
	at org.springframework.aop.framework.ReflectiveMethodInvocation.proceed(ReflectiveMethodInvocation.java:184)
	at org.springframework.transaction.interceptor.TransactionAspectSupport.invokeWithinTransaction(TransactionAspectSupport.java:380)
	at org.springframework.transaction.interceptor.TransactionInterceptor.invoke(TransactionInterceptor.java:119)
	at org.springframework.aop.framework.ReflectiveMethodInvocation.proceed(ReflectiveMethodInvocation.java:184)
	at org.springframework.dao.support.PersistenceExceptionTranslationInterceptor.invoke(PersistenceExceptionTranslationInterceptor.java:138)
	at org.springframework.aop.framework.ReflectiveMethodInvocation.proceed(ReflectiveMethodInvocation.java:184)
	at org.springframework.data.jpa.repository.support.CrudMethodMetadataPostProcessor$CrudMethodMetadataPopulatingMethodInterceptor.invoke(CrudMethodMetadataPostProcessor.java:165)
	at org.springframework.aop.framework.ReflectiveMethodInvocation.proceed(ReflectiveMethodInvocation.java:184)
	at org.springframework.aop.framework.JdkDynamicAopProxy.invoke(JdkDynamicAopProxy.java:223)
	at jdk.proxy2/jdk.proxy2.$Proxy142.save(Unknown Source)
	at az.coders.cinemaplus.service.impl.ErrorMessageServiceImpl.createErrorMessage(ErrorMessageServiceImpl.java:51)
	at az.coders.cinemaplus.controller.admin.ErrorMessageController.createErrorMessage(ErrorMessageController.java:30)
	at java.base/jdk.internal.reflect.DirectMethodHandleAccessor.invoke(DirectMethodHandleAccessor.java:103)
	at java.base/java.lang.reflect.Method.invoke(Method.java:580)
	at org.springframework.web.method.support.InvocableHandlerMethod.doInvoke(InvocableHandlerMethod.java:258)
	at org.springframework.web.method.support.InvocableHandlerMethod.invokeForRequest(InvocableHandlerMethod.java:191)
	at org.springframework.web.servlet.mvc.method.annotation.ServletInvocableHandlerMethod.invokeAndHandle(ServletInvocableHandlerMethod.java:118)
	at org.springframework.web.servlet.mvc.method.annotation.RequestMappingHandlerAdapter.invokeHandlerMethod(RequestMappingHandlerAdapter.java:986)
	at org.springframework.web.servlet.mvc.method.annotation.RequestMappingHandlerAdapter.handleInternal(RequestMappingHandlerAdapter.java:891)
	at org.springframework.web.servlet.mvc.method.AbstractHandlerMethodAdapter.handle(AbstractHandlerMethodAdapter.java:87)
	at org.springframework.web.servlet.DispatcherServlet.doDispatch(DispatcherServlet.java:1089)
	at org.springframework.web.servlet.DispatcherServlet.doService(DispatcherServlet.java:979)
	at org.springframework.web.servlet.FrameworkServlet.processRequest(FrameworkServlet.java:1014)
	at org.springframework.web.servlet.FrameworkServlet.doPost(FrameworkServlet.java:914)
	at jakarta.servlet.http.HttpServlet.service(HttpServlet.java:590)
	at org.springframework.web.servlet.FrameworkServlet.service(FrameworkServlet.java:885)
	at jakarta.servlet.http.HttpServlet.service(HttpServlet.java:658)
	at org.apache.catalina.core.ApplicationFilterChain.internalDoFilter(ApplicationFilterChain.java:195)
	at org.apache.catalina.core.ApplicationFilterChain.doFilter(ApplicationFilterChain.java:140)
	at org.apache.tomcat.websocket.server.WsFilter.doFilter(WsFilter.java:51)
	at org.apache.catalina.core.ApplicationFilterChain.internalDoFilter(ApplicationFilterChain.java:164)
	at org.apache.catalina.core.ApplicationFilterChain.doFilter(ApplicationFilterChain.java:140)
	at az.coders.cinemaplus.config.LoggingFilter.doFilterInternal(LoggingFilter.java:28)
	at org.springframework.web.filter.OncePerRequestFilter.doFilter(OncePerRequestFilter.java:116)
	at org.apache.catalina.core.ApplicationFilterChain.internalDoFilter(ApplicationFilterChain.java:164)
	at org.apache.catalina.core.ApplicationFilterChain.doFilter(ApplicationFilterChain.java:140)
	at org.springframework.web.filter.OncePerRequestFilter.doFilter(OncePerRequestFilter.java:110)
	at org.apache.catalina.core.ApplicationFilterChain.internalDoFilter(ApplicationFilterChain.java:164)
	at org.apache.catalina.core.ApplicationFilterChain.doFilter(ApplicationFilterChain.java:140)
	at org.springframework.web.filter.CompositeFilter$VirtualFilterChain.doFilter(CompositeFilter.java:108)
	at org.springframework.security.web.FilterChainProxy.lambda$doFilterInternal$3(FilterChainProxy.java:231)
	at org.springframework.security.web.FilterChainProxy$VirtualFilterChain.doFilter(FilterChainProxy.java:365)
	at org.springframework.security.web.access.intercept.AuthorizationFilter.doFilter(AuthorizationFilter.java:101)
	at org.springframework.security.web.FilterChainProxy$VirtualFilterChain.doFilter(FilterChainProxy.java:374)
	at org.springframework.security.web.access.ExceptionTranslationFilter.doFilter(ExceptionTranslationFilter.java:126)
	at org.springframework.security.web.access.ExceptionTranslationFilter.doFilter(ExceptionTranslationFilter.java:120)
	at org.springframework.security.web.FilterChainProxy$VirtualFilterChain.doFilter(FilterChainProxy.java:374)
	at org.springframework.security.web.authentication.AnonymousAuthenticationFilter.doFilter(AnonymousAuthenticationFilter.java:100)
	at org.springframework.security.web.FilterChainProxy$VirtualFilterChain.doFilter(FilterChainProxy.java:374)
	at org.springframework.security.web.servletapi.SecurityContextHolderAwareRequestFilter.doFilter(SecurityContextHolderAwareRequestFilter.java:179)
	at org.springframework.security.web.FilterChainProxy$VirtualFilterChain.doFilter(FilterChainProxy.java:374)
	at org.springframework.security.web.savedrequest.RequestCacheAwareFilter.doFilter(RequestCacheAwareFilter.java:63)
	at org.springframework.security.web.FilterChainProxy$VirtualFilterChain.doFilter(FilterChainProxy.java:374)
	at az.coders.cinemaplus.config.JwtFilter.doFilterInternal(JwtFilter.java:42)
	at org.springframework.web.filter.OncePerRequestFilter.doFilter(OncePerRequestFilter.java:116)
	at org.springframework.security.web.FilterChainProxy$VirtualFilterChain.doFilter(FilterChainProxy.java:374)
	at org.springframework.security.web.authentication.logout.LogoutFilter.doFilter(LogoutFilter.java:107)
	at org.springframework.security.web.authentication.logout.LogoutFilter.doFilter(LogoutFilter.java:93)
	at org.springframework.security.web.FilterChainProxy$VirtualFilterChain.doFilter(FilterChainProxy.java:374)
	at org.springframework.security.web.header.HeaderWriterFilter.doHeadersAfter(HeaderWriterFilter.java:90)
	at org.springframework.security.web.header.HeaderWriterFilter.doFilterInternal(HeaderWriterFilter.java:75)
	at org.springframework.web.filter.OncePerRequestFilter.doFilter(OncePerRequestFilter.java:116)
	at org.springframework.security.web.FilterChainProxy$VirtualFilterChain.doFilter(FilterChainProxy.java:374)
	at org.springframework.security.web.context.SecurityContextHolderFilter.doFilter(SecurityContextHolderFilter.java:82)
	at org.springframework.security.web.context.SecurityContextHolderFilter.doFilter(SecurityContextHolderFilter.java:69)
	at org.springframework.security.web.FilterChainProxy$VirtualFilterChain.doFilter(FilterChainProxy.java:374)
	at org.springframework.security.web.context.request.async.WebAsyncManagerIntegrationFilter.doFilterInternal(WebAsyncManagerIntegrationFilter.java:62)
	at org.springframework.web.filter.OncePerRequestFilter.doFilter(OncePerRequestFilter.java:116)
	at org.springframework.security.web.FilterChainProxy$VirtualFilterChain.doFilter(FilterChainProxy.java:374)
	at org.springframework.security.web.session.DisableEncodeUrlFilter.doFilterInternal(DisableEncodeUrlFilter.java:42)
	at org.springframework.web.filter.OncePerRequestFilter.doFilter(OncePerRequestFilter.java:116)
	at org.springframework.security.web.FilterChainProxy$VirtualFilterChain.doFilter(FilterChainProxy.java:374)
	at org.springframework.security.web.FilterChainProxy.doFilterInternal(FilterChainProxy.java:233)
	at org.springframework.security.web.FilterChainProxy.doFilter(FilterChainProxy.java:191)
	at org.springframework.web.filter.CompositeFilter$VirtualFilterChain.doFilter(CompositeFilter.java:113)
	at org.springframework.web.servlet.handler.HandlerMappingIntrospector.lambda$createCacheFilter$3(HandlerMappingIntrospector.java:243)
	at org.springframework.web.filter.CompositeFilter$VirtualFilterChain.doFilter(CompositeFilter.java:113)
	at org.springframework.web.filter.CompositeFilter.doFilter(CompositeFilter.java:74)
	at org.springframework.security.config.annotation.web.configuration.WebMvcSecurityConfiguration$CompositeFilterChainProxy.doFilter(WebMvcSecurityConfiguration.java:238)
	at org.springframework.web.filter.DelegatingFilterProxy.invokeDelegate(DelegatingFilterProxy.java:362)
	at org.springframework.web.filter.DelegatingFilterProxy.doFilter(DelegatingFilterProxy.java:278)
	at org.apache.catalina.core.ApplicationFilterChain.internalDoFilter(ApplicationFilterChain.java:164)
	at org.apache.catalina.core.ApplicationFilterChain.doFilter(ApplicationFilterChain.java:140)
	at org.springframework.web.filter.RequestContextFilter.doFilterInternal(RequestContextFilter.java:100)
	at org.springframework.web.filter.OncePerRequestFilter.doFilter(OncePerRequestFilter.java:116)
	at org.apache.catalina.core.ApplicationFilterChain.internalDoFilter(ApplicationFilterChain.java:164)
	at org.apache.catalina.core.ApplicationFilterChain.doFilter(ApplicationFilterChain.java:140)
	at org.springframework.web.filter.FormContentFilter.doFilterInternal(FormContentFilter.java:93)
	at org.springframework.web.filter.OncePerRequestFilter.doFilter(OncePerRequestFilter.java:116)
	at org.apache.catalina.core.ApplicationFilterChain.internalDoFilter(ApplicationFilterChain.java:164)
	at org.apache.catalina.core.ApplicationFilterChain.doFilter(ApplicationFilterChain.java:140)
	at org.springframework.web.filter.CharacterEncodingFilter.doFilterInternal(CharacterEncodingFilter.java:201)
	at org.springframework.web.filter.OncePerRequestFilter.doFilter(OncePerRequestFilter.java:116)
	at org.apache.catalina.core.ApplicationFilterChain.internalDoFilter(ApplicationFilterChain.java:164)
	at org.apache.catalina.core.ApplicationFilterChain.doFilter(ApplicationFilterChain.java:140)
	at org.apache.catalina.core.StandardWrapperValve.invoke(StandardWrapperValve.java:167)
	at org.apache.catalina.core.StandardContextValve.invoke(StandardContextValve.java:90)
	at org.apache.catalina.authenticator.AuthenticatorBase.invoke(AuthenticatorBase.java:483)
	at org.apache.catalina.core.StandardHostValve.invoke(StandardHostValve.java:115)
	at org.apache.catalina.valves.ErrorReportValve.invoke(ErrorReportValve.java:93)
	at org.apache.catalina.core.StandardEngineValve.invoke(StandardEngineValve.java:74)
	at org.apache.catalina.connector.CoyoteAdapter.service(CoyoteAdapter.java:344)
	at org.apache.coyote.http11.Http11Processor.service(Http11Processor.java:397)
	at org.apache.coyote.AbstractProcessorLight.process(AbstractProcessorLight.java:63)
	at org.apache.coyote.AbstractProtocol$ConnectionHandler.process(AbstractProtocol.java:905)
	at org.apache.tomcat.util.net.NioEndpoint$SocketProcessor.doRun(NioEndpoint.java:1743)
	at org.apache.tomcat.util.net.SocketProcessorBase.run(SocketProcessorBase.java:52)
	at org.apache.tomcat.util.threads.ThreadPoolExecutor.runWorker(ThreadPoolExecutor.java:1190)
	at org.apache.tomcat.util.threads.ThreadPoolExecutor$Worker.run(ThreadPoolExecutor.java:659)
	at org.apache.tomcat.util.threads.TaskThread$WrappingRunnable.run(TaskThread.java:63)
	at java.base/java.lang.Thread.run(Thread.java:1570)
2025-04-25 19:41:29 [http-nio-8080-exec-3] ERROR o.a.c.c.C.[.[.[.[dispatcherServlet] - Servlet.service() for servlet [dispatcherServlet] in context with path [] threw exception [Request processing failed: org.springframework.orm.ObjectOptimisticLockingFailureException: Row was updated or deleted by another transaction (or unsaved-value mapping was incorrect): [az.coders.cinemaplus.entity.ErrorMessage#7]] with root cause
org.hibernate.StaleObjectStateException: Row was updated or deleted by another transaction (or unsaved-value mapping was incorrect): [az.coders.cinemaplus.entity.ErrorMessage#7]
	at org.hibernate.event.internal.DefaultMergeEventListener.entityIsDetached(DefaultMergeEventListener.java:426)
	at org.hibernate.event.internal.DefaultMergeEventListener.merge(DefaultMergeEventListener.java:214)
	at org.hibernate.event.internal.DefaultMergeEventListener.doMerge(DefaultMergeEventListener.java:152)
	at org.hibernate.event.internal.DefaultMergeEventListener.onMerge(DefaultMergeEventListener.java:136)
	at org.hibernate.event.internal.DefaultMergeEventListener.onMerge(DefaultMergeEventListener.java:89)
	at org.hibernate.event.service.internal.EventListenerGroupImpl.fireEventOnEachListener(EventListenerGroupImpl.java:127)
	at org.hibernate.internal.SessionImpl.fireMerge(SessionImpl.java:854)
	at org.hibernate.internal.SessionImpl.merge(SessionImpl.java:840)
	at java.base/jdk.internal.reflect.DirectMethodHandleAccessor.invoke(DirectMethodHandleAccessor.java:103)
	at java.base/java.lang.reflect.Method.invoke(Method.java:580)
	at org.springframework.orm.jpa.ExtendedEntityManagerCreator$ExtendedEntityManagerInvocationHandler.invoke(ExtendedEntityManagerCreator.java:364)
	at jdk.proxy2/jdk.proxy2.$Proxy130.merge(Unknown Source)
	at java.base/jdk.internal.reflect.DirectMethodHandleAccessor.invoke(DirectMethodHandleAccessor.java:103)
	at java.base/java.lang.reflect.Method.invoke(Method.java:580)
	at org.springframework.orm.jpa.SharedEntityManagerCreator$SharedEntityManagerInvocationHandler.invoke(SharedEntityManagerCreator.java:320)
	at jdk.proxy2/jdk.proxy2.$Proxy130.merge(Unknown Source)
	at org.springframework.data.jpa.repository.support.SimpleJpaRepository.save(SimpleJpaRepository.java:639)
	at java.base/jdk.internal.reflect.DirectMethodHandleAccessor.invoke(DirectMethodHandleAccessor.java:103)
	at java.base/java.lang.reflect.Method.invoke(Method.java:580)
	at org.springframework.aop.support.AopUtils.invokeJoinpointUsingReflection(AopUtils.java:359)
	at org.springframework.data.repository.core.support.RepositoryMethodInvoker$RepositoryFragmentMethodInvoker.lambda$new$0(RepositoryMethodInvoker.java:277)
	at org.springframework.data.repository.core.support.RepositoryMethodInvoker.doInvoke(RepositoryMethodInvoker.java:170)
	at org.springframework.data.repository.core.support.RepositoryMethodInvoker.invoke(RepositoryMethodInvoker.java:158)
	at org.springframework.data.repository.core.support.RepositoryComposition$RepositoryFragments.invoke(RepositoryComposition.java:515)
	at org.springframework.data.repository.core.support.RepositoryComposition.invoke(RepositoryComposition.java:284)
	at org.springframework.data.repository.core.support.RepositoryFactorySupport$ImplementationMethodExecutionInterceptor.invoke(RepositoryFactorySupport.java:731)
	at org.springframework.aop.framework.ReflectiveMethodInvocation.proceed(ReflectiveMethodInvocation.java:184)
	at org.springframework.data.repository.core.support.QueryExecutorMethodInterceptor.doInvoke(QueryExecutorMethodInterceptor.java:174)
	at org.springframework.data.repository.core.support.QueryExecutorMethodInterceptor.invoke(QueryExecutorMethodInterceptor.java:149)
	at org.springframework.aop.framework.ReflectiveMethodInvocation.proceed(ReflectiveMethodInvocation.java:184)
	at org.springframework.data.projection.DefaultMethodInvokingMethodInterceptor.invoke(DefaultMethodInvokingMethodInterceptor.java:69)
	at org.springframework.aop.framework.ReflectiveMethodInvocation.proceed(ReflectiveMethodInvocation.java:184)
	at org.springframework.transaction.interceptor.TransactionAspectSupport.invokeWithinTransaction(TransactionAspectSupport.java:380)
	at org.springframework.transaction.interceptor.TransactionInterceptor.invoke(TransactionInterceptor.java:119)
	at org.springframework.aop.framework.ReflectiveMethodInvocation.proceed(ReflectiveMethodInvocation.java:184)
	at org.springframework.dao.support.PersistenceExceptionTranslationInterceptor.invoke(PersistenceExceptionTranslationInterceptor.java:138)
	at org.springframework.aop.framework.ReflectiveMethodInvocation.proceed(ReflectiveMethodInvocation.java:184)
	at org.springframework.data.jpa.repository.support.CrudMethodMetadataPostProcessor$CrudMethodMetadataPopulatingMethodInterceptor.invoke(CrudMethodMetadataPostProcessor.java:165)
	at org.springframework.aop.framework.ReflectiveMethodInvocation.proceed(ReflectiveMethodInvocation.java:184)
	at org.springframework.aop.framework.JdkDynamicAopProxy.invoke(JdkDynamicAopProxy.java:223)
	at jdk.proxy2/jdk.proxy2.$Proxy142.save(Unknown Source)
	at az.coders.cinemaplus.service.impl.ErrorMessageServiceImpl.createErrorMessage(ErrorMessageServiceImpl.java:51)
	at az.coders.cinemaplus.controller.admin.ErrorMessageController.createErrorMessage(ErrorMessageController.java:30)
	at java.base/jdk.internal.reflect.DirectMethodHandleAccessor.invoke(DirectMethodHandleAccessor.java:103)
	at java.base/java.lang.reflect.Method.invoke(Method.java:580)
	at org.springframework.web.method.support.InvocableHandlerMethod.doInvoke(InvocableHandlerMethod.java:258)
	at org.springframework.web.method.support.InvocableHandlerMethod.invokeForRequest(InvocableHandlerMethod.java:191)
	at org.springframework.web.servlet.mvc.method.annotation.ServletInvocableHandlerMethod.invokeAndHandle(ServletInvocableHandlerMethod.java:118)
	at org.springframework.web.servlet.mvc.method.annotation.RequestMappingHandlerAdapter.invokeHandlerMethod(RequestMappingHandlerAdapter.java:986)
	at org.springframework.web.servlet.mvc.method.annotation.RequestMappingHandlerAdapter.handleInternal(RequestMappingHandlerAdapter.java:891)
	at org.springframework.web.servlet.mvc.method.AbstractHandlerMethodAdapter.handle(AbstractHandlerMethodAdapter.java:87)
	at org.springframework.web.servlet.DispatcherServlet.doDispatch(DispatcherServlet.java:1089)
	at org.springframework.web.servlet.DispatcherServlet.doService(DispatcherServlet.java:979)
	at org.springframework.web.servlet.FrameworkServlet.processRequest(FrameworkServlet.java:1014)
	at org.springframework.web.servlet.FrameworkServlet.doPost(FrameworkServlet.java:914)
	at jakarta.servlet.http.HttpServlet.service(HttpServlet.java:590)
	at org.springframework.web.servlet.FrameworkServlet.service(FrameworkServlet.java:885)
	at jakarta.servlet.http.HttpServlet.service(HttpServlet.java:658)
	at org.apache.catalina.core.ApplicationFilterChain.internalDoFilter(ApplicationFilterChain.java:195)
	at org.apache.catalina.core.ApplicationFilterChain.doFilter(ApplicationFilterChain.java:140)
	at org.apache.tomcat.websocket.server.WsFilter.doFilter(WsFilter.java:51)
	at org.apache.catalina.core.ApplicationFilterChain.internalDoFilter(ApplicationFilterChain.java:164)
	at org.apache.catalina.core.ApplicationFilterChain.doFilter(ApplicationFilterChain.java:140)
	at az.coders.cinemaplus.config.LoggingFilter.doFilterInternal(LoggingFilter.java:28)
	at org.springframework.web.filter.OncePerRequestFilter.doFilter(OncePerRequestFilter.java:116)
	at org.apache.catalina.core.ApplicationFilterChain.internalDoFilter(ApplicationFilterChain.java:164)
	at org.apache.catalina.core.ApplicationFilterChain.doFilter(ApplicationFilterChain.java:140)
	at org.springframework.web.filter.OncePerRequestFilter.doFilter(OncePerRequestFilter.java:110)
	at org.apache.catalina.core.ApplicationFilterChain.internalDoFilter(ApplicationFilterChain.java:164)
	at org.apache.catalina.core.ApplicationFilterChain.doFilter(ApplicationFilterChain.java:140)
	at org.springframework.web.filter.CompositeFilter$VirtualFilterChain.doFilter(CompositeFilter.java:108)
	at org.springframework.security.web.FilterChainProxy.lambda$doFilterInternal$3(FilterChainProxy.java:231)
	at org.springframework.security.web.FilterChainProxy$VirtualFilterChain.doFilter(FilterChainProxy.java:365)
	at org.springframework.security.web.access.intercept.AuthorizationFilter.doFilter(AuthorizationFilter.java:101)
	at org.springframework.security.web.FilterChainProxy$VirtualFilterChain.doFilter(FilterChainProxy.java:374)
	at org.springframework.security.web.access.ExceptionTranslationFilter.doFilter(ExceptionTranslationFilter.java:126)
	at org.springframework.security.web.access.ExceptionTranslationFilter.doFilter(ExceptionTranslationFilter.java:120)
	at org.springframework.security.web.FilterChainProxy$VirtualFilterChain.doFilter(FilterChainProxy.java:374)
	at org.springframework.security.web.authentication.AnonymousAuthenticationFilter.doFilter(AnonymousAuthenticationFilter.java:100)
	at org.springframework.security.web.FilterChainProxy$VirtualFilterChain.doFilter(FilterChainProxy.java:374)
	at org.springframework.security.web.servletapi.SecurityContextHolderAwareRequestFilter.doFilter(SecurityContextHolderAwareRequestFilter.java:179)
	at org.springframework.security.web.FilterChainProxy$VirtualFilterChain.doFilter(FilterChainProxy.java:374)
	at org.springframework.security.web.savedrequest.RequestCacheAwareFilter.doFilter(RequestCacheAwareFilter.java:63)
	at org.springframework.security.web.FilterChainProxy$VirtualFilterChain.doFilter(FilterChainProxy.java:374)
	at az.coders.cinemaplus.config.JwtFilter.doFilterInternal(JwtFilter.java:42)
	at org.springframework.web.filter.OncePerRequestFilter.doFilter(OncePerRequestFilter.java:116)
	at org.springframework.security.web.FilterChainProxy$VirtualFilterChain.doFilter(FilterChainProxy.java:374)
	at org.springframework.security.web.authentication.logout.LogoutFilter.doFilter(LogoutFilter.java:107)
	at org.springframework.security.web.authentication.logout.LogoutFilter.doFilter(LogoutFilter.java:93)
	at org.springframework.security.web.FilterChainProxy$VirtualFilterChain.doFilter(FilterChainProxy.java:374)
	at org.springframework.security.web.header.HeaderWriterFilter.doHeadersAfter(HeaderWriterFilter.java:90)
	at org.springframework.security.web.header.HeaderWriterFilter.doFilterInternal(HeaderWriterFilter.java:75)
	at org.springframework.web.filter.OncePerRequestFilter.doFilter(OncePerRequestFilter.java:116)
	at org.springframework.security.web.FilterChainProxy$VirtualFilterChain.doFilter(FilterChainProxy.java:374)
	at org.springframework.security.web.context.SecurityContextHolderFilter.doFilter(SecurityContextHolderFilter.java:82)
	at org.springframework.security.web.context.SecurityContextHolderFilter.doFilter(SecurityContextHolderFilter.java:69)
	at org.springframework.security.web.FilterChainProxy$VirtualFilterChain.doFilter(FilterChainProxy.java:374)
	at org.springframework.security.web.context.request.async.WebAsyncManagerIntegrationFilter.doFilterInternal(WebAsyncManagerIntegrationFilter.java:62)
	at org.springframework.web.filter.OncePerRequestFilter.doFilter(OncePerRequestFilter.java:116)
	at org.springframework.security.web.FilterChainProxy$VirtualFilterChain.doFilter(FilterChainProxy.java:374)
	at org.springframework.security.web.session.DisableEncodeUrlFilter.doFilterInternal(DisableEncodeUrlFilter.java:42)
	at org.springframework.web.filter.OncePerRequestFilter.doFilter(OncePerRequestFilter.java:116)
	at org.springframework.security.web.FilterChainProxy$VirtualFilterChain.doFilter(FilterChainProxy.java:374)
	at org.springframework.security.web.FilterChainProxy.doFilterInternal(FilterChainProxy.java:233)
	at org.springframework.security.web.FilterChainProxy.doFilter(FilterChainProxy.java:191)
	at org.springframework.web.filter.CompositeFilter$VirtualFilterChain.doFilter(CompositeFilter.java:113)
	at org.springframework.web.servlet.handler.HandlerMappingIntrospector.lambda$createCacheFilter$3(HandlerMappingIntrospector.java:243)
	at org.springframework.web.filter.CompositeFilter$VirtualFilterChain.doFilter(CompositeFilter.java:113)
	at org.springframework.web.filter.CompositeFilter.doFilter(CompositeFilter.java:74)
	at org.springframework.security.config.annotation.web.configuration.WebMvcSecurityConfiguration$CompositeFilterChainProxy.doFilter(WebMvcSecurityConfiguration.java:238)
	at org.springframework.web.filter.DelegatingFilterProxy.invokeDelegate(DelegatingFilterProxy.java:362)
	at org.springframework.web.filter.DelegatingFilterProxy.doFilter(DelegatingFilterProxy.java:278)
	at org.apache.catalina.core.ApplicationFilterChain.internalDoFilter(ApplicationFilterChain.java:164)
	at org.apache.catalina.core.ApplicationFilterChain.doFilter(ApplicationFilterChain.java:140)
	at org.springframework.web.filter.RequestContextFilter.doFilterInternal(RequestContextFilter.java:100)
	at org.springframework.web.filter.OncePerRequestFilter.doFilter(OncePerRequestFilter.java:116)
	at org.apache.catalina.core.ApplicationFilterChain.internalDoFilter(ApplicationFilterChain.java:164)
	at org.apache.catalina.core.ApplicationFilterChain.doFilter(ApplicationFilterChain.java:140)
	at org.springframework.web.filter.FormContentFilter.doFilterInternal(FormContentFilter.java:93)
	at org.springframework.web.filter.OncePerRequestFilter.doFilter(OncePerRequestFilter.java:116)
	at org.apache.catalina.core.ApplicationFilterChain.internalDoFilter(ApplicationFilterChain.java:164)
	at org.apache.catalina.core.ApplicationFilterChain.doFilter(ApplicationFilterChain.java:140)
	at org.springframework.web.filter.CharacterEncodingFilter.doFilterInternal(CharacterEncodingFilter.java:201)
	at org.springframework.web.filter.OncePerRequestFilter.doFilter(OncePerRequestFilter.java:116)
	at org.apache.catalina.core.ApplicationFilterChain.internalDoFilter(ApplicationFilterChain.java:164)
	at org.apache.catalina.core.ApplicationFilterChain.doFilter(ApplicationFilterChain.java:140)
	at org.apache.catalina.core.StandardWrapperValve.invoke(StandardWrapperValve.java:167)
	at org.apache.catalina.core.StandardContextValve.invoke(StandardContextValve.java:90)
	at org.apache.catalina.authenticator.AuthenticatorBase.invoke(AuthenticatorBase.java:483)
	at org.apache.catalina.core.StandardHostValve.invoke(StandardHostValve.java:115)
	at org.apache.catalina.valves.ErrorReportValve.invoke(ErrorReportValve.java:93)
	at org.apache.catalina.core.StandardEngineValve.invoke(StandardEngineValve.java:74)
	at org.apache.catalina.connector.CoyoteAdapter.service(CoyoteAdapter.java:344)
	at org.apache.coyote.http11.Http11Processor.service(Http11Processor.java:397)
	at org.apache.coyote.AbstractProcessorLight.process(AbstractProcessorLight.java:63)
	at org.apache.coyote.AbstractProtocol$ConnectionHandler.process(AbstractProtocol.java:905)
	at org.apache.tomcat.util.net.NioEndpoint$SocketProcessor.doRun(NioEndpoint.java:1743)
	at org.apache.tomcat.util.net.SocketProcessorBase.run(SocketProcessorBase.java:52)
	at org.apache.tomcat.util.threads.ThreadPoolExecutor.runWorker(ThreadPoolExecutor.java:1190)
	at org.apache.tomcat.util.threads.ThreadPoolExecutor$Worker.run(ThreadPoolExecutor.java:659)
	at org.apache.tomcat.util.threads.TaskThread$WrappingRunnable.run(TaskThread.java:63)
	at java.base/java.lang.Thread.run(Thread.java:1570)
2025-04-25 19:41:34 [http-nio-8080-exec-2] ERROR o.a.c.c.C.[.[.[.[dispatcherServlet] - Servlet.service() for servlet [dispatcherServlet] in context with path [] threw exception [Request processing failed: org.springframework.orm.ObjectOptimisticLockingFailureException: Row was updated or deleted by another transaction (or unsaved-value mapping was incorrect): [az.coders.cinemaplus.entity.ErrorMessage#3]] with root cause
org.hibernate.StaleObjectStateException: Row was updated or deleted by another transaction (or unsaved-value mapping was incorrect): [az.coders.cinemaplus.entity.ErrorMessage#3]
	at org.hibernate.event.internal.DefaultMergeEventListener.entityIsDetached(DefaultMergeEventListener.java:426)
	at org.hibernate.event.internal.DefaultMergeEventListener.merge(DefaultMergeEventListener.java:214)
	at org.hibernate.event.internal.DefaultMergeEventListener.doMerge(DefaultMergeEventListener.java:152)
	at org.hibernate.event.internal.DefaultMergeEventListener.onMerge(DefaultMergeEventListener.java:136)
	at org.hibernate.event.internal.DefaultMergeEventListener.onMerge(DefaultMergeEventListener.java:89)
	at org.hibernate.event.service.internal.EventListenerGroupImpl.fireEventOnEachListener(EventListenerGroupImpl.java:127)
	at org.hibernate.internal.SessionImpl.fireMerge(SessionImpl.java:854)
	at org.hibernate.internal.SessionImpl.merge(SessionImpl.java:840)
	at java.base/jdk.internal.reflect.DirectMethodHandleAccessor.invoke(DirectMethodHandleAccessor.java:103)
	at java.base/java.lang.reflect.Method.invoke(Method.java:580)
	at org.springframework.orm.jpa.ExtendedEntityManagerCreator$ExtendedEntityManagerInvocationHandler.invoke(ExtendedEntityManagerCreator.java:364)
	at jdk.proxy2/jdk.proxy2.$Proxy130.merge(Unknown Source)
	at java.base/jdk.internal.reflect.DirectMethodHandleAccessor.invoke(DirectMethodHandleAccessor.java:103)
	at java.base/java.lang.reflect.Method.invoke(Method.java:580)
	at org.springframework.orm.jpa.SharedEntityManagerCreator$SharedEntityManagerInvocationHandler.invoke(SharedEntityManagerCreator.java:320)
	at jdk.proxy2/jdk.proxy2.$Proxy130.merge(Unknown Source)
	at org.springframework.data.jpa.repository.support.SimpleJpaRepository.save(SimpleJpaRepository.java:639)
	at java.base/jdk.internal.reflect.DirectMethodHandleAccessor.invoke(DirectMethodHandleAccessor.java:103)
	at java.base/java.lang.reflect.Method.invoke(Method.java:580)
	at org.springframework.aop.support.AopUtils.invokeJoinpointUsingReflection(AopUtils.java:359)
	at org.springframework.data.repository.core.support.RepositoryMethodInvoker$RepositoryFragmentMethodInvoker.lambda$new$0(RepositoryMethodInvoker.java:277)
	at org.springframework.data.repository.core.support.RepositoryMethodInvoker.doInvoke(RepositoryMethodInvoker.java:170)
	at org.springframework.data.repository.core.support.RepositoryMethodInvoker.invoke(RepositoryMethodInvoker.java:158)
	at org.springframework.data.repository.core.support.RepositoryComposition$RepositoryFragments.invoke(RepositoryComposition.java:515)
	at org.springframework.data.repository.core.support.RepositoryComposition.invoke(RepositoryComposition.java:284)
	at org.springframework.data.repository.core.support.RepositoryFactorySupport$ImplementationMethodExecutionInterceptor.invoke(RepositoryFactorySupport.java:731)
	at org.springframework.aop.framework.ReflectiveMethodInvocation.proceed(ReflectiveMethodInvocation.java:184)
	at org.springframework.data.repository.core.support.QueryExecutorMethodInterceptor.doInvoke(QueryExecutorMethodInterceptor.java:174)
	at org.springframework.data.repository.core.support.QueryExecutorMethodInterceptor.invoke(QueryExecutorMethodInterceptor.java:149)
	at org.springframework.aop.framework.ReflectiveMethodInvocation.proceed(ReflectiveMethodInvocation.java:184)
	at org.springframework.data.projection.DefaultMethodInvokingMethodInterceptor.invoke(DefaultMethodInvokingMethodInterceptor.java:69)
	at org.springframework.aop.framework.ReflectiveMethodInvocation.proceed(ReflectiveMethodInvocation.java:184)
	at org.springframework.transaction.interceptor.TransactionAspectSupport.invokeWithinTransaction(TransactionAspectSupport.java:380)
	at org.springframework.transaction.interceptor.TransactionInterceptor.invoke(TransactionInterceptor.java:119)
	at org.springframework.aop.framework.ReflectiveMethodInvocation.proceed(ReflectiveMethodInvocation.java:184)
	at org.springframework.dao.support.PersistenceExceptionTranslationInterceptor.invoke(PersistenceExceptionTranslationInterceptor.java:138)
	at org.springframework.aop.framework.ReflectiveMethodInvocation.proceed(ReflectiveMethodInvocation.java:184)
	at org.springframework.data.jpa.repository.support.CrudMethodMetadataPostProcessor$CrudMethodMetadataPopulatingMethodInterceptor.invoke(CrudMethodMetadataPostProcessor.java:165)
	at org.springframework.aop.framework.ReflectiveMethodInvocation.proceed(ReflectiveMethodInvocation.java:184)
	at org.springframework.aop.framework.JdkDynamicAopProxy.invoke(JdkDynamicAopProxy.java:223)
	at jdk.proxy2/jdk.proxy2.$Proxy142.save(Unknown Source)
	at az.coders.cinemaplus.service.impl.ErrorMessageServiceImpl.createErrorMessage(ErrorMessageServiceImpl.java:51)
	at az.coders.cinemaplus.controller.admin.ErrorMessageController.createErrorMessage(ErrorMessageController.java:30)
	at java.base/jdk.internal.reflect.DirectMethodHandleAccessor.invoke(DirectMethodHandleAccessor.java:103)
	at java.base/java.lang.reflect.Method.invoke(Method.java:580)
	at org.springframework.web.method.support.InvocableHandlerMethod.doInvoke(InvocableHandlerMethod.java:258)
	at org.springframework.web.method.support.InvocableHandlerMethod.invokeForRequest(InvocableHandlerMethod.java:191)
	at org.springframework.web.servlet.mvc.method.annotation.ServletInvocableHandlerMethod.invokeAndHandle(ServletInvocableHandlerMethod.java:118)
	at org.springframework.web.servlet.mvc.method.annotation.RequestMappingHandlerAdapter.invokeHandlerMethod(RequestMappingHandlerAdapter.java:986)
	at org.springframework.web.servlet.mvc.method.annotation.RequestMappingHandlerAdapter.handleInternal(RequestMappingHandlerAdapter.java:891)
	at org.springframework.web.servlet.mvc.method.AbstractHandlerMethodAdapter.handle(AbstractHandlerMethodAdapter.java:87)
	at org.springframework.web.servlet.DispatcherServlet.doDispatch(DispatcherServlet.java:1089)
	at org.springframework.web.servlet.DispatcherServlet.doService(DispatcherServlet.java:979)
	at org.springframework.web.servlet.FrameworkServlet.processRequest(FrameworkServlet.java:1014)
	at org.springframework.web.servlet.FrameworkServlet.doPost(FrameworkServlet.java:914)
	at jakarta.servlet.http.HttpServlet.service(HttpServlet.java:590)
	at org.springframework.web.servlet.FrameworkServlet.service(FrameworkServlet.java:885)
	at jakarta.servlet.http.HttpServlet.service(HttpServlet.java:658)
	at org.apache.catalina.core.ApplicationFilterChain.internalDoFilter(ApplicationFilterChain.java:195)
	at org.apache.catalina.core.ApplicationFilterChain.doFilter(ApplicationFilterChain.java:140)
	at org.apache.tomcat.websocket.server.WsFilter.doFilter(WsFilter.java:51)
	at org.apache.catalina.core.ApplicationFilterChain.internalDoFilter(ApplicationFilterChain.java:164)
	at org.apache.catalina.core.ApplicationFilterChain.doFilter(ApplicationFilterChain.java:140)
	at az.coders.cinemaplus.config.LoggingFilter.doFilterInternal(LoggingFilter.java:28)
	at org.springframework.web.filter.OncePerRequestFilter.doFilter(OncePerRequestFilter.java:116)
	at org.apache.catalina.core.ApplicationFilterChain.internalDoFilter(ApplicationFilterChain.java:164)
	at org.apache.catalina.core.ApplicationFilterChain.doFilter(ApplicationFilterChain.java:140)
	at org.springframework.web.filter.OncePerRequestFilter.doFilter(OncePerRequestFilter.java:110)
	at org.apache.catalina.core.ApplicationFilterChain.internalDoFilter(ApplicationFilterChain.java:164)
	at org.apache.catalina.core.ApplicationFilterChain.doFilter(ApplicationFilterChain.java:140)
	at org.springframework.web.filter.CompositeFilter$VirtualFilterChain.doFilter(CompositeFilter.java:108)
	at org.springframework.security.web.FilterChainProxy.lambda$doFilterInternal$3(FilterChainProxy.java:231)
	at org.springframework.security.web.FilterChainProxy$VirtualFilterChain.doFilter(FilterChainProxy.java:365)
	at org.springframework.security.web.access.intercept.AuthorizationFilter.doFilter(AuthorizationFilter.java:101)
	at org.springframework.security.web.FilterChainProxy$VirtualFilterChain.doFilter(FilterChainProxy.java:374)
	at org.springframework.security.web.access.ExceptionTranslationFilter.doFilter(ExceptionTranslationFilter.java:126)
	at org.springframework.security.web.access.ExceptionTranslationFilter.doFilter(ExceptionTranslationFilter.java:120)
	at org.springframework.security.web.FilterChainProxy$VirtualFilterChain.doFilter(FilterChainProxy.java:374)
	at org.springframework.security.web.authentication.AnonymousAuthenticationFilter.doFilter(AnonymousAuthenticationFilter.java:100)
	at org.springframework.security.web.FilterChainProxy$VirtualFilterChain.doFilter(FilterChainProxy.java:374)
	at org.springframework.security.web.servletapi.SecurityContextHolderAwareRequestFilter.doFilter(SecurityContextHolderAwareRequestFilter.java:179)
	at org.springframework.security.web.FilterChainProxy$VirtualFilterChain.doFilter(FilterChainProxy.java:374)
	at org.springframework.security.web.savedrequest.RequestCacheAwareFilter.doFilter(RequestCacheAwareFilter.java:63)
	at org.springframework.security.web.FilterChainProxy$VirtualFilterChain.doFilter(FilterChainProxy.java:374)
	at az.coders.cinemaplus.config.JwtFilter.doFilterInternal(JwtFilter.java:42)
	at org.springframework.web.filter.OncePerRequestFilter.doFilter(OncePerRequestFilter.java:116)
	at org.springframework.security.web.FilterChainProxy$VirtualFilterChain.doFilter(FilterChainProxy.java:374)
	at org.springframework.security.web.authentication.logout.LogoutFilter.doFilter(LogoutFilter.java:107)
	at org.springframework.security.web.authentication.logout.LogoutFilter.doFilter(LogoutFilter.java:93)
	at org.springframework.security.web.FilterChainProxy$VirtualFilterChain.doFilter(FilterChainProxy.java:374)
	at org.springframework.security.web.header.HeaderWriterFilter.doHeadersAfter(HeaderWriterFilter.java:90)
	at org.springframework.security.web.header.HeaderWriterFilter.doFilterInternal(HeaderWriterFilter.java:75)
	at org.springframework.web.filter.OncePerRequestFilter.doFilter(OncePerRequestFilter.java:116)
	at org.springframework.security.web.FilterChainProxy$VirtualFilterChain.doFilter(FilterChainProxy.java:374)
	at org.springframework.security.web.context.SecurityContextHolderFilter.doFilter(SecurityContextHolderFilter.java:82)
	at org.springframework.security.web.context.SecurityContextHolderFilter.doFilter(SecurityContextHolderFilter.java:69)
	at org.springframework.security.web.FilterChainProxy$VirtualFilterChain.doFilter(FilterChainProxy.java:374)
	at org.springframework.security.web.context.request.async.WebAsyncManagerIntegrationFilter.doFilterInternal(WebAsyncManagerIntegrationFilter.java:62)
	at org.springframework.web.filter.OncePerRequestFilter.doFilter(OncePerRequestFilter.java:116)
	at org.springframework.security.web.FilterChainProxy$VirtualFilterChain.doFilter(FilterChainProxy.java:374)
	at org.springframework.security.web.session.DisableEncodeUrlFilter.doFilterInternal(DisableEncodeUrlFilter.java:42)
	at org.springframework.web.filter.OncePerRequestFilter.doFilter(OncePerRequestFilter.java:116)
	at org.springframework.security.web.FilterChainProxy$VirtualFilterChain.doFilter(FilterChainProxy.java:374)
	at org.springframework.security.web.FilterChainProxy.doFilterInternal(FilterChainProxy.java:233)
	at org.springframework.security.web.FilterChainProxy.doFilter(FilterChainProxy.java:191)
	at org.springframework.web.filter.CompositeFilter$VirtualFilterChain.doFilter(CompositeFilter.java:113)
	at org.springframework.web.servlet.handler.HandlerMappingIntrospector.lambda$createCacheFilter$3(HandlerMappingIntrospector.java:243)
	at org.springframework.web.filter.CompositeFilter$VirtualFilterChain.doFilter(CompositeFilter.java:113)
	at org.springframework.web.filter.CompositeFilter.doFilter(CompositeFilter.java:74)
	at org.springframework.security.config.annotation.web.configuration.WebMvcSecurityConfiguration$CompositeFilterChainProxy.doFilter(WebMvcSecurityConfiguration.java:238)
	at org.springframework.web.filter.DelegatingFilterProxy.invokeDelegate(DelegatingFilterProxy.java:362)
	at org.springframework.web.filter.DelegatingFilterProxy.doFilter(DelegatingFilterProxy.java:278)
	at org.apache.catalina.core.ApplicationFilterChain.internalDoFilter(ApplicationFilterChain.java:164)
	at org.apache.catalina.core.ApplicationFilterChain.doFilter(ApplicationFilterChain.java:140)
	at org.springframework.web.filter.RequestContextFilter.doFilterInternal(RequestContextFilter.java:100)
	at org.springframework.web.filter.OncePerRequestFilter.doFilter(OncePerRequestFilter.java:116)
	at org.apache.catalina.core.ApplicationFilterChain.internalDoFilter(ApplicationFilterChain.java:164)
	at org.apache.catalina.core.ApplicationFilterChain.doFilter(ApplicationFilterChain.java:140)
	at org.springframework.web.filter.FormContentFilter.doFilterInternal(FormContentFilter.java:93)
	at org.springframework.web.filter.OncePerRequestFilter.doFilter(OncePerRequestFilter.java:116)
	at org.apache.catalina.core.ApplicationFilterChain.internalDoFilter(ApplicationFilterChain.java:164)
	at org.apache.catalina.core.ApplicationFilterChain.doFilter(ApplicationFilterChain.java:140)
	at org.springframework.web.filter.CharacterEncodingFilter.doFilterInternal(CharacterEncodingFilter.java:201)
	at org.springframework.web.filter.OncePerRequestFilter.doFilter(OncePerRequestFilter.java:116)
	at org.apache.catalina.core.ApplicationFilterChain.internalDoFilter(ApplicationFilterChain.java:164)
	at org.apache.catalina.core.ApplicationFilterChain.doFilter(ApplicationFilterChain.java:140)
	at org.apache.catalina.core.StandardWrapperValve.invoke(StandardWrapperValve.java:167)
	at org.apache.catalina.core.StandardContextValve.invoke(StandardContextValve.java:90)
	at org.apache.catalina.authenticator.AuthenticatorBase.invoke(AuthenticatorBase.java:483)
	at org.apache.catalina.core.StandardHostValve.invoke(StandardHostValve.java:115)
	at org.apache.catalina.valves.ErrorReportValve.invoke(ErrorReportValve.java:93)
	at org.apache.catalina.core.StandardEngineValve.invoke(StandardEngineValve.java:74)
	at org.apache.catalina.connector.CoyoteAdapter.service(CoyoteAdapter.java:344)
	at org.apache.coyote.http11.Http11Processor.service(Http11Processor.java:397)
	at org.apache.coyote.AbstractProcessorLight.process(AbstractProcessorLight.java:63)
	at org.apache.coyote.AbstractProtocol$ConnectionHandler.process(AbstractProtocol.java:905)
	at org.apache.tomcat.util.net.NioEndpoint$SocketProcessor.doRun(NioEndpoint.java:1743)
	at org.apache.tomcat.util.net.SocketProcessorBase.run(SocketProcessorBase.java:52)
	at org.apache.tomcat.util.threads.ThreadPoolExecutor.runWorker(ThreadPoolExecutor.java:1190)
	at org.apache.tomcat.util.threads.ThreadPoolExecutor$Worker.run(ThreadPoolExecutor.java:659)
	at org.apache.tomcat.util.threads.TaskThread$WrappingRunnable.run(TaskThread.java:63)
	at java.base/java.lang.Thread.run(Thread.java:1570)
2025-04-25 19:41:40 [http-nio-8080-exec-1] ERROR o.a.c.c.C.[.[.[.[dispatcherServlet] - Servlet.service() for servlet [dispatcherServlet] in context with path [] threw exception [Request processing failed: org.springframework.orm.ObjectOptimisticLockingFailureException: Row was updated or deleted by another transaction (or unsaved-value mapping was incorrect): [az.coders.cinemaplus.entity.ErrorMessage#10]] with root cause
org.hibernate.StaleObjectStateException: Row was updated or deleted by another transaction (or unsaved-value mapping was incorrect): [az.coders.cinemaplus.entity.ErrorMessage#10]
	at org.hibernate.event.internal.DefaultMergeEventListener.entityIsDetached(DefaultMergeEventListener.java:426)
	at org.hibernate.event.internal.DefaultMergeEventListener.merge(DefaultMergeEventListener.java:214)
	at org.hibernate.event.internal.DefaultMergeEventListener.doMerge(DefaultMergeEventListener.java:152)
	at org.hibernate.event.internal.DefaultMergeEventListener.onMerge(DefaultMergeEventListener.java:136)
	at org.hibernate.event.internal.DefaultMergeEventListener.onMerge(DefaultMergeEventListener.java:89)
	at org.hibernate.event.service.internal.EventListenerGroupImpl.fireEventOnEachListener(EventListenerGroupImpl.java:127)
	at org.hibernate.internal.SessionImpl.fireMerge(SessionImpl.java:854)
	at org.hibernate.internal.SessionImpl.merge(SessionImpl.java:840)
	at java.base/jdk.internal.reflect.DirectMethodHandleAccessor.invoke(DirectMethodHandleAccessor.java:103)
	at java.base/java.lang.reflect.Method.invoke(Method.java:580)
	at org.springframework.orm.jpa.ExtendedEntityManagerCreator$ExtendedEntityManagerInvocationHandler.invoke(ExtendedEntityManagerCreator.java:364)
	at jdk.proxy2/jdk.proxy2.$Proxy130.merge(Unknown Source)
	at java.base/jdk.internal.reflect.DirectMethodHandleAccessor.invoke(DirectMethodHandleAccessor.java:103)
	at java.base/java.lang.reflect.Method.invoke(Method.java:580)
	at org.springframework.orm.jpa.SharedEntityManagerCreator$SharedEntityManagerInvocationHandler.invoke(SharedEntityManagerCreator.java:320)
	at jdk.proxy2/jdk.proxy2.$Proxy130.merge(Unknown Source)
	at org.springframework.data.jpa.repository.support.SimpleJpaRepository.save(SimpleJpaRepository.java:639)
	at java.base/jdk.internal.reflect.DirectMethodHandleAccessor.invoke(DirectMethodHandleAccessor.java:103)
	at java.base/java.lang.reflect.Method.invoke(Method.java:580)
	at org.springframework.aop.support.AopUtils.invokeJoinpointUsingReflection(AopUtils.java:359)
	at org.springframework.data.repository.core.support.RepositoryMethodInvoker$RepositoryFragmentMethodInvoker.lambda$new$0(RepositoryMethodInvoker.java:277)
	at org.springframework.data.repository.core.support.RepositoryMethodInvoker.doInvoke(RepositoryMethodInvoker.java:170)
	at org.springframework.data.repository.core.support.RepositoryMethodInvoker.invoke(RepositoryMethodInvoker.java:158)
	at org.springframework.data.repository.core.support.RepositoryComposition$RepositoryFragments.invoke(RepositoryComposition.java:515)
	at org.springframework.data.repository.core.support.RepositoryComposition.invoke(RepositoryComposition.java:284)
	at org.springframework.data.repository.core.support.RepositoryFactorySupport$ImplementationMethodExecutionInterceptor.invoke(RepositoryFactorySupport.java:731)
	at org.springframework.aop.framework.ReflectiveMethodInvocation.proceed(ReflectiveMethodInvocation.java:184)
	at org.springframework.data.repository.core.support.QueryExecutorMethodInterceptor.doInvoke(QueryExecutorMethodInterceptor.java:174)
	at org.springframework.data.repository.core.support.QueryExecutorMethodInterceptor.invoke(QueryExecutorMethodInterceptor.java:149)
	at org.springframework.aop.framework.ReflectiveMethodInvocation.proceed(ReflectiveMethodInvocation.java:184)
	at org.springframework.data.projection.DefaultMethodInvokingMethodInterceptor.invoke(DefaultMethodInvokingMethodInterceptor.java:69)
	at org.springframework.aop.framework.ReflectiveMethodInvocation.proceed(ReflectiveMethodInvocation.java:184)
	at org.springframework.transaction.interceptor.TransactionAspectSupport.invokeWithinTransaction(TransactionAspectSupport.java:380)
	at org.springframework.transaction.interceptor.TransactionInterceptor.invoke(TransactionInterceptor.java:119)
	at org.springframework.aop.framework.ReflectiveMethodInvocation.proceed(ReflectiveMethodInvocation.java:184)
	at org.springframework.dao.support.PersistenceExceptionTranslationInterceptor.invoke(PersistenceExceptionTranslationInterceptor.java:138)
	at org.springframework.aop.framework.ReflectiveMethodInvocation.proceed(ReflectiveMethodInvocation.java:184)
	at org.springframework.data.jpa.repository.support.CrudMethodMetadataPostProcessor$CrudMethodMetadataPopulatingMethodInterceptor.invoke(CrudMethodMetadataPostProcessor.java:165)
	at org.springframework.aop.framework.ReflectiveMethodInvocation.proceed(ReflectiveMethodInvocation.java:184)
	at org.springframework.aop.framework.JdkDynamicAopProxy.invoke(JdkDynamicAopProxy.java:223)
	at jdk.proxy2/jdk.proxy2.$Proxy142.save(Unknown Source)
	at az.coders.cinemaplus.service.impl.ErrorMessageServiceImpl.createErrorMessage(ErrorMessageServiceImpl.java:51)
	at az.coders.cinemaplus.controller.admin.ErrorMessageController.createErrorMessage(ErrorMessageController.java:30)
	at java.base/jdk.internal.reflect.DirectMethodHandleAccessor.invoke(DirectMethodHandleAccessor.java:103)
	at java.base/java.lang.reflect.Method.invoke(Method.java:580)
	at org.springframework.web.method.support.InvocableHandlerMethod.doInvoke(InvocableHandlerMethod.java:258)
	at org.springframework.web.method.support.InvocableHandlerMethod.invokeForRequest(InvocableHandlerMethod.java:191)
	at org.springframework.web.servlet.mvc.method.annotation.ServletInvocableHandlerMethod.invokeAndHandle(ServletInvocableHandlerMethod.java:118)
	at org.springframework.web.servlet.mvc.method.annotation.RequestMappingHandlerAdapter.invokeHandlerMethod(RequestMappingHandlerAdapter.java:986)
	at org.springframework.web.servlet.mvc.method.annotation.RequestMappingHandlerAdapter.handleInternal(RequestMappingHandlerAdapter.java:891)
	at org.springframework.web.servlet.mvc.method.AbstractHandlerMethodAdapter.handle(AbstractHandlerMethodAdapter.java:87)
	at org.springframework.web.servlet.DispatcherServlet.doDispatch(DispatcherServlet.java:1089)
	at org.springframework.web.servlet.DispatcherServlet.doService(DispatcherServlet.java:979)
	at org.springframework.web.servlet.FrameworkServlet.processRequest(FrameworkServlet.java:1014)
	at org.springframework.web.servlet.FrameworkServlet.doPost(FrameworkServlet.java:914)
	at jakarta.servlet.http.HttpServlet.service(HttpServlet.java:590)
	at org.springframework.web.servlet.FrameworkServlet.service(FrameworkServlet.java:885)
	at jakarta.servlet.http.HttpServlet.service(HttpServlet.java:658)
	at org.apache.catalina.core.ApplicationFilterChain.internalDoFilter(ApplicationFilterChain.java:195)
	at org.apache.catalina.core.ApplicationFilterChain.doFilter(ApplicationFilterChain.java:140)
	at org.apache.tomcat.websocket.server.WsFilter.doFilter(WsFilter.java:51)
	at org.apache.catalina.core.ApplicationFilterChain.internalDoFilter(ApplicationFilterChain.java:164)
	at org.apache.catalina.core.ApplicationFilterChain.doFilter(ApplicationFilterChain.java:140)
	at az.coders.cinemaplus.config.LoggingFilter.doFilterInternal(LoggingFilter.java:28)
	at org.springframework.web.filter.OncePerRequestFilter.doFilter(OncePerRequestFilter.java:116)
	at org.apache.catalina.core.ApplicationFilterChain.internalDoFilter(ApplicationFilterChain.java:164)
	at org.apache.catalina.core.ApplicationFilterChain.doFilter(ApplicationFilterChain.java:140)
	at org.springframework.web.filter.OncePerRequestFilter.doFilter(OncePerRequestFilter.java:110)
	at org.apache.catalina.core.ApplicationFilterChain.internalDoFilter(ApplicationFilterChain.java:164)
	at org.apache.catalina.core.ApplicationFilterChain.doFilter(ApplicationFilterChain.java:140)
	at org.springframework.web.filter.CompositeFilter$VirtualFilterChain.doFilter(CompositeFilter.java:108)
	at org.springframework.security.web.FilterChainProxy.lambda$doFilterInternal$3(FilterChainProxy.java:231)
	at org.springframework.security.web.FilterChainProxy$VirtualFilterChain.doFilter(FilterChainProxy.java:365)
	at org.springframework.security.web.access.intercept.AuthorizationFilter.doFilter(AuthorizationFilter.java:101)
	at org.springframework.security.web.FilterChainProxy$VirtualFilterChain.doFilter(FilterChainProxy.java:374)
	at org.springframework.security.web.access.ExceptionTranslationFilter.doFilter(ExceptionTranslationFilter.java:126)
	at org.springframework.security.web.access.ExceptionTranslationFilter.doFilter(ExceptionTranslationFilter.java:120)
	at org.springframework.security.web.FilterChainProxy$VirtualFilterChain.doFilter(FilterChainProxy.java:374)
	at org.springframework.security.web.authentication.AnonymousAuthenticationFilter.doFilter(AnonymousAuthenticationFilter.java:100)
	at org.springframework.security.web.FilterChainProxy$VirtualFilterChain.doFilter(FilterChainProxy.java:374)
	at org.springframework.security.web.servletapi.SecurityContextHolderAwareRequestFilter.doFilter(SecurityContextHolderAwareRequestFilter.java:179)
	at org.springframework.security.web.FilterChainProxy$VirtualFilterChain.doFilter(FilterChainProxy.java:374)
	at org.springframework.security.web.savedrequest.RequestCacheAwareFilter.doFilter(RequestCacheAwareFilter.java:63)
	at org.springframework.security.web.FilterChainProxy$VirtualFilterChain.doFilter(FilterChainProxy.java:374)
	at az.coders.cinemaplus.config.JwtFilter.doFilterInternal(JwtFilter.java:42)
	at org.springframework.web.filter.OncePerRequestFilter.doFilter(OncePerRequestFilter.java:116)
	at org.springframework.security.web.FilterChainProxy$VirtualFilterChain.doFilter(FilterChainProxy.java:374)
	at org.springframework.security.web.authentication.logout.LogoutFilter.doFilter(LogoutFilter.java:107)
	at org.springframework.security.web.authentication.logout.LogoutFilter.doFilter(LogoutFilter.java:93)
	at org.springframework.security.web.FilterChainProxy$VirtualFilterChain.doFilter(FilterChainProxy.java:374)
	at org.springframework.security.web.header.HeaderWriterFilter.doHeadersAfter(HeaderWriterFilter.java:90)
	at org.springframework.security.web.header.HeaderWriterFilter.doFilterInternal(HeaderWriterFilter.java:75)
	at org.springframework.web.filter.OncePerRequestFilter.doFilter(OncePerRequestFilter.java:116)
	at org.springframework.security.web.FilterChainProxy$VirtualFilterChain.doFilter(FilterChainProxy.java:374)
	at org.springframework.security.web.context.SecurityContextHolderFilter.doFilter(SecurityContextHolderFilter.java:82)
	at org.springframework.security.web.context.SecurityContextHolderFilter.doFilter(SecurityContextHolderFilter.java:69)
	at org.springframework.security.web.FilterChainProxy$VirtualFilterChain.doFilter(FilterChainProxy.java:374)
	at org.springframework.security.web.context.request.async.WebAsyncManagerIntegrationFilter.doFilterInternal(WebAsyncManagerIntegrationFilter.java:62)
	at org.springframework.web.filter.OncePerRequestFilter.doFilter(OncePerRequestFilter.java:116)
	at org.springframework.security.web.FilterChainProxy$VirtualFilterChain.doFilter(FilterChainProxy.java:374)
	at org.springframework.security.web.session.DisableEncodeUrlFilter.doFilterInternal(DisableEncodeUrlFilter.java:42)
	at org.springframework.web.filter.OncePerRequestFilter.doFilter(OncePerRequestFilter.java:116)
	at org.springframework.security.web.FilterChainProxy$VirtualFilterChain.doFilter(FilterChainProxy.java:374)
	at org.springframework.security.web.FilterChainProxy.doFilterInternal(FilterChainProxy.java:233)
	at org.springframework.security.web.FilterChainProxy.doFilter(FilterChainProxy.java:191)
	at org.springframework.web.filter.CompositeFilter$VirtualFilterChain.doFilter(CompositeFilter.java:113)
	at org.springframework.web.servlet.handler.HandlerMappingIntrospector.lambda$createCacheFilter$3(HandlerMappingIntrospector.java:243)
	at org.springframework.web.filter.CompositeFilter$VirtualFilterChain.doFilter(CompositeFilter.java:113)
	at org.springframework.web.filter.CompositeFilter.doFilter(CompositeFilter.java:74)
	at org.springframework.security.config.annotation.web.configuration.WebMvcSecurityConfiguration$CompositeFilterChainProxy.doFilter(WebMvcSecurityConfiguration.java:238)
	at org.springframework.web.filter.DelegatingFilterProxy.invokeDelegate(DelegatingFilterProxy.java:362)
	at org.springframework.web.filter.DelegatingFilterProxy.doFilter(DelegatingFilterProxy.java:278)
	at org.apache.catalina.core.ApplicationFilterChain.internalDoFilter(ApplicationFilterChain.java:164)
	at org.apache.catalina.core.ApplicationFilterChain.doFilter(ApplicationFilterChain.java:140)
	at org.springframework.web.filter.RequestContextFilter.doFilterInternal(RequestContextFilter.java:100)
	at org.springframework.web.filter.OncePerRequestFilter.doFilter(OncePerRequestFilter.java:116)
	at org.apache.catalina.core.ApplicationFilterChain.internalDoFilter(ApplicationFilterChain.java:164)
	at org.apache.catalina.core.ApplicationFilterChain.doFilter(ApplicationFilterChain.java:140)
	at org.springframework.web.filter.FormContentFilter.doFilterInternal(FormContentFilter.java:93)
	at org.springframework.web.filter.OncePerRequestFilter.doFilter(OncePerRequestFilter.java:116)
	at org.apache.catalina.core.ApplicationFilterChain.internalDoFilter(ApplicationFilterChain.java:164)
	at org.apache.catalina.core.ApplicationFilterChain.doFilter(ApplicationFilterChain.java:140)
	at org.springframework.web.filter.CharacterEncodingFilter.doFilterInternal(CharacterEncodingFilter.java:201)
	at org.springframework.web.filter.OncePerRequestFilter.doFilter(OncePerRequestFilter.java:116)
	at org.apache.catalina.core.ApplicationFilterChain.internalDoFilter(ApplicationFilterChain.java:164)
	at org.apache.catalina.core.ApplicationFilterChain.doFilter(ApplicationFilterChain.java:140)
	at org.apache.catalina.core.StandardWrapperValve.invoke(StandardWrapperValve.java:167)
	at org.apache.catalina.core.StandardContextValve.invoke(StandardContextValve.java:90)
	at org.apache.catalina.authenticator.AuthenticatorBase.invoke(AuthenticatorBase.java:483)
	at org.apache.catalina.core.StandardHostValve.invoke(StandardHostValve.java:115)
	at org.apache.catalina.valves.ErrorReportValve.invoke(ErrorReportValve.java:93)
	at org.apache.catalina.core.StandardEngineValve.invoke(StandardEngineValve.java:74)
	at org.apache.catalina.connector.CoyoteAdapter.service(CoyoteAdapter.java:344)
	at org.apache.coyote.http11.Http11Processor.service(Http11Processor.java:397)
	at org.apache.coyote.AbstractProcessorLight.process(AbstractProcessorLight.java:63)
	at org.apache.coyote.AbstractProtocol$ConnectionHandler.process(AbstractProtocol.java:905)
	at org.apache.tomcat.util.net.NioEndpoint$SocketProcessor.doRun(NioEndpoint.java:1743)
	at org.apache.tomcat.util.net.SocketProcessorBase.run(SocketProcessorBase.java:52)
	at org.apache.tomcat.util.threads.ThreadPoolExecutor.runWorker(ThreadPoolExecutor.java:1190)
	at org.apache.tomcat.util.threads.ThreadPoolExecutor$Worker.run(ThreadPoolExecutor.java:659)
	at org.apache.tomcat.util.threads.TaskThread$WrappingRunnable.run(TaskThread.java:63)
	at java.base/java.lang.Thread.run(Thread.java:1570)
2025-04-25 19:57:57 [http-nio-8080-exec-1] ERROR o.a.c.c.C.[.[.[.[dispatcherServlet] - Servlet.service() for servlet [dispatcherServlet] in context with path [] threw exception [Request processing failed: org.springframework.orm.ObjectOptimisticLockingFailureException: Row was updated or deleted by another transaction (or unsaved-value mapping was incorrect): [az.coders.cinemaplus.entity.Cinema#1]] with root cause
org.hibernate.StaleObjectStateException: Row was updated or deleted by another transaction (or unsaved-value mapping was incorrect): [az.coders.cinemaplus.entity.Cinema#1]
	at org.hibernate.event.internal.DefaultMergeEventListener.entityIsDetached(DefaultMergeEventListener.java:426)
	at org.hibernate.event.internal.DefaultMergeEventListener.merge(DefaultMergeEventListener.java:214)
	at org.hibernate.event.internal.DefaultMergeEventListener.doMerge(DefaultMergeEventListener.java:152)
	at org.hibernate.event.internal.DefaultMergeEventListener.onMerge(DefaultMergeEventListener.java:136)
	at org.hibernate.event.internal.DefaultMergeEventListener.onMerge(DefaultMergeEventListener.java:89)
	at org.hibernate.event.service.internal.EventListenerGroupImpl.fireEventOnEachListener(EventListenerGroupImpl.java:127)
	at org.hibernate.internal.SessionImpl.fireMerge(SessionImpl.java:854)
	at org.hibernate.internal.SessionImpl.merge(SessionImpl.java:840)
	at java.base/jdk.internal.reflect.DirectMethodHandleAccessor.invoke(DirectMethodHandleAccessor.java:103)
	at java.base/java.lang.reflect.Method.invoke(Method.java:580)
	at org.springframework.orm.jpa.ExtendedEntityManagerCreator$ExtendedEntityManagerInvocationHandler.invoke(ExtendedEntityManagerCreator.java:364)
	at jdk.proxy2/jdk.proxy2.$Proxy128.merge(Unknown Source)
	at java.base/jdk.internal.reflect.DirectMethodHandleAccessor.invoke(DirectMethodHandleAccessor.java:103)
	at java.base/java.lang.reflect.Method.invoke(Method.java:580)
	at org.springframework.orm.jpa.SharedEntityManagerCreator$SharedEntityManagerInvocationHandler.invoke(SharedEntityManagerCreator.java:320)
	at jdk.proxy2/jdk.proxy2.$Proxy128.merge(Unknown Source)
	at org.springframework.data.jpa.repository.support.SimpleJpaRepository.save(SimpleJpaRepository.java:639)
	at java.base/jdk.internal.reflect.DirectMethodHandleAccessor.invoke(DirectMethodHandleAccessor.java:103)
	at java.base/java.lang.reflect.Method.invoke(Method.java:580)
	at org.springframework.aop.support.AopUtils.invokeJoinpointUsingReflection(AopUtils.java:359)
	at org.springframework.data.repository.core.support.RepositoryMethodInvoker$RepositoryFragmentMethodInvoker.lambda$new$0(RepositoryMethodInvoker.java:277)
	at org.springframework.data.repository.core.support.RepositoryMethodInvoker.doInvoke(RepositoryMethodInvoker.java:170)
	at org.springframework.data.repository.core.support.RepositoryMethodInvoker.invoke(RepositoryMethodInvoker.java:158)
	at org.springframework.data.repository.core.support.RepositoryComposition$RepositoryFragments.invoke(RepositoryComposition.java:515)
	at org.springframework.data.repository.core.support.RepositoryComposition.invoke(RepositoryComposition.java:284)
	at org.springframework.data.repository.core.support.RepositoryFactorySupport$ImplementationMethodExecutionInterceptor.invoke(RepositoryFactorySupport.java:731)
	at org.springframework.aop.framework.ReflectiveMethodInvocation.proceed(ReflectiveMethodInvocation.java:184)
	at org.springframework.data.repository.core.support.QueryExecutorMethodInterceptor.doInvoke(QueryExecutorMethodInterceptor.java:174)
	at org.springframework.data.repository.core.support.QueryExecutorMethodInterceptor.invoke(QueryExecutorMethodInterceptor.java:149)
	at org.springframework.aop.framework.ReflectiveMethodInvocation.proceed(ReflectiveMethodInvocation.java:184)
	at org.springframework.data.projection.DefaultMethodInvokingMethodInterceptor.invoke(DefaultMethodInvokingMethodInterceptor.java:69)
	at org.springframework.aop.framework.ReflectiveMethodInvocation.proceed(ReflectiveMethodInvocation.java:184)
	at org.springframework.transaction.interceptor.TransactionAspectSupport.invokeWithinTransaction(TransactionAspectSupport.java:380)
	at org.springframework.transaction.interceptor.TransactionInterceptor.invoke(TransactionInterceptor.java:119)
	at org.springframework.aop.framework.ReflectiveMethodInvocation.proceed(ReflectiveMethodInvocation.java:184)
	at org.springframework.dao.support.PersistenceExceptionTranslationInterceptor.invoke(PersistenceExceptionTranslationInterceptor.java:138)
	at org.springframework.aop.framework.ReflectiveMethodInvocation.proceed(ReflectiveMethodInvocation.java:184)
	at org.springframework.data.jpa.repository.support.CrudMethodMetadataPostProcessor$CrudMethodMetadataPopulatingMethodInterceptor.invoke(CrudMethodMetadataPostProcessor.java:165)
	at org.springframework.aop.framework.ReflectiveMethodInvocation.proceed(ReflectiveMethodInvocation.java:184)
	at org.springframework.aop.framework.JdkDynamicAopProxy.invoke(JdkDynamicAopProxy.java:223)
	at jdk.proxy2/jdk.proxy2.$Proxy139.save(Unknown Source)
	at az.coders.cinemaplus.service.impl.CinemaServiceImpl.createCinema(CinemaServiceImpl.java:33)
	at az.coders.cinemaplus.controller.admin.CinemaController.createCinema(CinemaController.java:28)
	at java.base/jdk.internal.reflect.DirectMethodHandleAccessor.invoke(DirectMethodHandleAccessor.java:103)
	at java.base/java.lang.reflect.Method.invoke(Method.java:580)
	at org.springframework.web.method.support.InvocableHandlerMethod.doInvoke(InvocableHandlerMethod.java:258)
	at org.springframework.web.method.support.InvocableHandlerMethod.invokeForRequest(InvocableHandlerMethod.java:191)
	at org.springframework.web.servlet.mvc.method.annotation.ServletInvocableHandlerMethod.invokeAndHandle(ServletInvocableHandlerMethod.java:118)
	at org.springframework.web.servlet.mvc.method.annotation.RequestMappingHandlerAdapter.invokeHandlerMethod(RequestMappingHandlerAdapter.java:986)
	at org.springframework.web.servlet.mvc.method.annotation.RequestMappingHandlerAdapter.handleInternal(RequestMappingHandlerAdapter.java:891)
	at org.springframework.web.servlet.mvc.method.AbstractHandlerMethodAdapter.handle(AbstractHandlerMethodAdapter.java:87)
	at org.springframework.web.servlet.DispatcherServlet.doDispatch(DispatcherServlet.java:1089)
	at org.springframework.web.servlet.DispatcherServlet.doService(DispatcherServlet.java:979)
	at org.springframework.web.servlet.FrameworkServlet.processRequest(FrameworkServlet.java:1014)
	at org.springframework.web.servlet.FrameworkServlet.doPost(FrameworkServlet.java:914)
	at jakarta.servlet.http.HttpServlet.service(HttpServlet.java:590)
	at org.springframework.web.servlet.FrameworkServlet.service(FrameworkServlet.java:885)
	at jakarta.servlet.http.HttpServlet.service(HttpServlet.java:658)
	at org.apache.catalina.core.ApplicationFilterChain.internalDoFilter(ApplicationFilterChain.java:195)
	at org.apache.catalina.core.ApplicationFilterChain.doFilter(ApplicationFilterChain.java:140)
	at org.apache.tomcat.websocket.server.WsFilter.doFilter(WsFilter.java:51)
	at org.apache.catalina.core.ApplicationFilterChain.internalDoFilter(ApplicationFilterChain.java:164)
	at org.apache.catalina.core.ApplicationFilterChain.doFilter(ApplicationFilterChain.java:140)
	at az.coders.cinemaplus.config.LoggingFilter.doFilterInternal(LoggingFilter.java:28)
	at org.springframework.web.filter.OncePerRequestFilter.doFilter(OncePerRequestFilter.java:116)
	at org.apache.catalina.core.ApplicationFilterChain.internalDoFilter(ApplicationFilterChain.java:164)
	at org.apache.catalina.core.ApplicationFilterChain.doFilter(ApplicationFilterChain.java:140)
	at org.springframework.web.filter.OncePerRequestFilter.doFilter(OncePerRequestFilter.java:110)
	at org.apache.catalina.core.ApplicationFilterChain.internalDoFilter(ApplicationFilterChain.java:164)
	at org.apache.catalina.core.ApplicationFilterChain.doFilter(ApplicationFilterChain.java:140)
	at org.springframework.web.filter.CompositeFilter$VirtualFilterChain.doFilter(CompositeFilter.java:108)
	at org.springframework.security.web.FilterChainProxy.lambda$doFilterInternal$3(FilterChainProxy.java:231)
	at org.springframework.security.web.FilterChainProxy$VirtualFilterChain.doFilter(FilterChainProxy.java:365)
	at org.springframework.security.web.access.intercept.AuthorizationFilter.doFilter(AuthorizationFilter.java:101)
	at org.springframework.security.web.FilterChainProxy$VirtualFilterChain.doFilter(FilterChainProxy.java:374)
	at org.springframework.security.web.access.ExceptionTranslationFilter.doFilter(ExceptionTranslationFilter.java:126)
	at org.springframework.security.web.access.ExceptionTranslationFilter.doFilter(ExceptionTranslationFilter.java:120)
	at org.springframework.security.web.FilterChainProxy$VirtualFilterChain.doFilter(FilterChainProxy.java:374)
	at org.springframework.security.web.authentication.AnonymousAuthenticationFilter.doFilter(AnonymousAuthenticationFilter.java:100)
	at org.springframework.security.web.FilterChainProxy$VirtualFilterChain.doFilter(FilterChainProxy.java:374)
	at org.springframework.security.web.servletapi.SecurityContextHolderAwareRequestFilter.doFilter(SecurityContextHolderAwareRequestFilter.java:179)
	at org.springframework.security.web.FilterChainProxy$VirtualFilterChain.doFilter(FilterChainProxy.java:374)
	at org.springframework.security.web.savedrequest.RequestCacheAwareFilter.doFilter(RequestCacheAwareFilter.java:63)
	at org.springframework.security.web.FilterChainProxy$VirtualFilterChain.doFilter(FilterChainProxy.java:374)
	at az.coders.cinemaplus.config.JwtFilter.doFilterInternal(JwtFilter.java:42)
	at org.springframework.web.filter.OncePerRequestFilter.doFilter(OncePerRequestFilter.java:116)
	at org.springframework.security.web.FilterChainProxy$VirtualFilterChain.doFilter(FilterChainProxy.java:374)
	at org.springframework.security.web.authentication.logout.LogoutFilter.doFilter(LogoutFilter.java:107)
	at org.springframework.security.web.authentication.logout.LogoutFilter.doFilter(LogoutFilter.java:93)
	at org.springframework.security.web.FilterChainProxy$VirtualFilterChain.doFilter(FilterChainProxy.java:374)
	at org.springframework.security.web.header.HeaderWriterFilter.doHeadersAfter(HeaderWriterFilter.java:90)
	at org.springframework.security.web.header.HeaderWriterFilter.doFilterInternal(HeaderWriterFilter.java:75)
	at org.springframework.web.filter.OncePerRequestFilter.doFilter(OncePerRequestFilter.java:116)
	at org.springframework.security.web.FilterChainProxy$VirtualFilterChain.doFilter(FilterChainProxy.java:374)
	at org.springframework.security.web.context.SecurityContextHolderFilter.doFilter(SecurityContextHolderFilter.java:82)
	at org.springframework.security.web.context.SecurityContextHolderFilter.doFilter(SecurityContextHolderFilter.java:69)
	at org.springframework.security.web.FilterChainProxy$VirtualFilterChain.doFilter(FilterChainProxy.java:374)
	at org.springframework.security.web.context.request.async.WebAsyncManagerIntegrationFilter.doFilterInternal(WebAsyncManagerIntegrationFilter.java:62)
	at org.springframework.web.filter.OncePerRequestFilter.doFilter(OncePerRequestFilter.java:116)
	at org.springframework.security.web.FilterChainProxy$VirtualFilterChain.doFilter(FilterChainProxy.java:374)
	at org.springframework.security.web.session.DisableEncodeUrlFilter.doFilterInternal(DisableEncodeUrlFilter.java:42)
	at org.springframework.web.filter.OncePerRequestFilter.doFilter(OncePerRequestFilter.java:116)
	at org.springframework.security.web.FilterChainProxy$VirtualFilterChain.doFilter(FilterChainProxy.java:374)
	at org.springframework.security.web.FilterChainProxy.doFilterInternal(FilterChainProxy.java:233)
	at org.springframework.security.web.FilterChainProxy.doFilter(FilterChainProxy.java:191)
	at org.springframework.web.filter.CompositeFilter$VirtualFilterChain.doFilter(CompositeFilter.java:113)
	at org.springframework.web.servlet.handler.HandlerMappingIntrospector.lambda$createCacheFilter$3(HandlerMappingIntrospector.java:243)
	at org.springframework.web.filter.CompositeFilter$VirtualFilterChain.doFilter(CompositeFilter.java:113)
	at org.springframework.web.filter.CompositeFilter.doFilter(CompositeFilter.java:74)
	at org.springframework.security.config.annotation.web.configuration.WebMvcSecurityConfiguration$CompositeFilterChainProxy.doFilter(WebMvcSecurityConfiguration.java:238)
	at org.springframework.web.filter.DelegatingFilterProxy.invokeDelegate(DelegatingFilterProxy.java:362)
	at org.springframework.web.filter.DelegatingFilterProxy.doFilter(DelegatingFilterProxy.java:278)
	at org.apache.catalina.core.ApplicationFilterChain.internalDoFilter(ApplicationFilterChain.java:164)
	at org.apache.catalina.core.ApplicationFilterChain.doFilter(ApplicationFilterChain.java:140)
	at org.springframework.web.filter.RequestContextFilter.doFilterInternal(RequestContextFilter.java:100)
	at org.springframework.web.filter.OncePerRequestFilter.doFilter(OncePerRequestFilter.java:116)
	at org.apache.catalina.core.ApplicationFilterChain.internalDoFilter(ApplicationFilterChain.java:164)
	at org.apache.catalina.core.ApplicationFilterChain.doFilter(ApplicationFilterChain.java:140)
	at org.springframework.web.filter.FormContentFilter.doFilterInternal(FormContentFilter.java:93)
	at org.springframework.web.filter.OncePerRequestFilter.doFilter(OncePerRequestFilter.java:116)
	at org.apache.catalina.core.ApplicationFilterChain.internalDoFilter(ApplicationFilterChain.java:164)
	at org.apache.catalina.core.ApplicationFilterChain.doFilter(ApplicationFilterChain.java:140)
	at org.springframework.web.filter.CharacterEncodingFilter.doFilterInternal(CharacterEncodingFilter.java:201)
	at org.springframework.web.filter.OncePerRequestFilter.doFilter(OncePerRequestFilter.java:116)
	at org.apache.catalina.core.ApplicationFilterChain.internalDoFilter(ApplicationFilterChain.java:164)
	at org.apache.catalina.core.ApplicationFilterChain.doFilter(ApplicationFilterChain.java:140)
	at org.apache.catalina.core.StandardWrapperValve.invoke(StandardWrapperValve.java:167)
	at org.apache.catalina.core.StandardContextValve.invoke(StandardContextValve.java:90)
	at org.apache.catalina.authenticator.AuthenticatorBase.invoke(AuthenticatorBase.java:483)
	at org.apache.catalina.core.StandardHostValve.invoke(StandardHostValve.java:115)
	at org.apache.catalina.valves.ErrorReportValve.invoke(ErrorReportValve.java:93)
	at org.apache.catalina.core.StandardEngineValve.invoke(StandardEngineValve.java:74)
	at org.apache.catalina.connector.CoyoteAdapter.service(CoyoteAdapter.java:344)
	at org.apache.coyote.http11.Http11Processor.service(Http11Processor.java:397)
	at org.apache.coyote.AbstractProcessorLight.process(AbstractProcessorLight.java:63)
	at org.apache.coyote.AbstractProtocol$ConnectionHandler.process(AbstractProtocol.java:905)
	at org.apache.tomcat.util.net.NioEndpoint$SocketProcessor.doRun(NioEndpoint.java:1743)
	at org.apache.tomcat.util.net.SocketProcessorBase.run(SocketProcessorBase.java:52)
	at org.apache.tomcat.util.threads.ThreadPoolExecutor.runWorker(ThreadPoolExecutor.java:1190)
	at org.apache.tomcat.util.threads.ThreadPoolExecutor$Worker.run(ThreadPoolExecutor.java:659)
	at org.apache.tomcat.util.threads.TaskThread$WrappingRunnable.run(TaskThread.java:63)
	at java.base/java.lang.Thread.run(Thread.java:1570)
2025-04-25 19:58:01 [http-nio-8080-exec-2] ERROR o.a.c.c.C.[.[.[.[dispatcherServlet] - Servlet.service() for servlet [dispatcherServlet] in context with path [] threw exception [Request processing failed: org.springframework.orm.ObjectOptimisticLockingFailureException: Row was updated or deleted by another transaction (or unsaved-value mapping was incorrect): [az.coders.cinemaplus.entity.Cinema#1]] with root cause
org.hibernate.StaleObjectStateException: Row was updated or deleted by another transaction (or unsaved-value mapping was incorrect): [az.coders.cinemaplus.entity.Cinema#1]
	at org.hibernate.event.internal.DefaultMergeEventListener.entityIsDetached(DefaultMergeEventListener.java:426)
	at org.hibernate.event.internal.DefaultMergeEventListener.merge(DefaultMergeEventListener.java:214)
	at org.hibernate.event.internal.DefaultMergeEventListener.doMerge(DefaultMergeEventListener.java:152)
	at org.hibernate.event.internal.DefaultMergeEventListener.onMerge(DefaultMergeEventListener.java:136)
	at org.hibernate.event.internal.DefaultMergeEventListener.onMerge(DefaultMergeEventListener.java:89)
	at org.hibernate.event.service.internal.EventListenerGroupImpl.fireEventOnEachListener(EventListenerGroupImpl.java:127)
	at org.hibernate.internal.SessionImpl.fireMerge(SessionImpl.java:854)
	at org.hibernate.internal.SessionImpl.merge(SessionImpl.java:840)
	at java.base/jdk.internal.reflect.DirectMethodHandleAccessor.invoke(DirectMethodHandleAccessor.java:103)
	at java.base/java.lang.reflect.Method.invoke(Method.java:580)
	at org.springframework.orm.jpa.ExtendedEntityManagerCreator$ExtendedEntityManagerInvocationHandler.invoke(ExtendedEntityManagerCreator.java:364)
	at jdk.proxy2/jdk.proxy2.$Proxy128.merge(Unknown Source)
	at java.base/jdk.internal.reflect.DirectMethodHandleAccessor.invoke(DirectMethodHandleAccessor.java:103)
	at java.base/java.lang.reflect.Method.invoke(Method.java:580)
	at org.springframework.orm.jpa.SharedEntityManagerCreator$SharedEntityManagerInvocationHandler.invoke(SharedEntityManagerCreator.java:320)
	at jdk.proxy2/jdk.proxy2.$Proxy128.merge(Unknown Source)
	at org.springframework.data.jpa.repository.support.SimpleJpaRepository.save(SimpleJpaRepository.java:639)
	at java.base/jdk.internal.reflect.DirectMethodHandleAccessor.invoke(DirectMethodHandleAccessor.java:103)
	at java.base/java.lang.reflect.Method.invoke(Method.java:580)
	at org.springframework.aop.support.AopUtils.invokeJoinpointUsingReflection(AopUtils.java:359)
	at org.springframework.data.repository.core.support.RepositoryMethodInvoker$RepositoryFragmentMethodInvoker.lambda$new$0(RepositoryMethodInvoker.java:277)
	at org.springframework.data.repository.core.support.RepositoryMethodInvoker.doInvoke(RepositoryMethodInvoker.java:170)
	at org.springframework.data.repository.core.support.RepositoryMethodInvoker.invoke(RepositoryMethodInvoker.java:158)
	at org.springframework.data.repository.core.support.RepositoryComposition$RepositoryFragments.invoke(RepositoryComposition.java:515)
	at org.springframework.data.repository.core.support.RepositoryComposition.invoke(RepositoryComposition.java:284)
	at org.springframework.data.repository.core.support.RepositoryFactorySupport$ImplementationMethodExecutionInterceptor.invoke(RepositoryFactorySupport.java:731)
	at org.springframework.aop.framework.ReflectiveMethodInvocation.proceed(ReflectiveMethodInvocation.java:184)
	at org.springframework.data.repository.core.support.QueryExecutorMethodInterceptor.doInvoke(QueryExecutorMethodInterceptor.java:174)
	at org.springframework.data.repository.core.support.QueryExecutorMethodInterceptor.invoke(QueryExecutorMethodInterceptor.java:149)
	at org.springframework.aop.framework.ReflectiveMethodInvocation.proceed(ReflectiveMethodInvocation.java:184)
	at org.springframework.data.projection.DefaultMethodInvokingMethodInterceptor.invoke(DefaultMethodInvokingMethodInterceptor.java:69)
	at org.springframework.aop.framework.ReflectiveMethodInvocation.proceed(ReflectiveMethodInvocation.java:184)
	at org.springframework.transaction.interceptor.TransactionAspectSupport.invokeWithinTransaction(TransactionAspectSupport.java:380)
	at org.springframework.transaction.interceptor.TransactionInterceptor.invoke(TransactionInterceptor.java:119)
	at org.springframework.aop.framework.ReflectiveMethodInvocation.proceed(ReflectiveMethodInvocation.java:184)
	at org.springframework.dao.support.PersistenceExceptionTranslationInterceptor.invoke(PersistenceExceptionTranslationInterceptor.java:138)
	at org.springframework.aop.framework.ReflectiveMethodInvocation.proceed(ReflectiveMethodInvocation.java:184)
	at org.springframework.data.jpa.repository.support.CrudMethodMetadataPostProcessor$CrudMethodMetadataPopulatingMethodInterceptor.invoke(CrudMethodMetadataPostProcessor.java:165)
	at org.springframework.aop.framework.ReflectiveMethodInvocation.proceed(ReflectiveMethodInvocation.java:184)
	at org.springframework.aop.framework.JdkDynamicAopProxy.invoke(JdkDynamicAopProxy.java:223)
	at jdk.proxy2/jdk.proxy2.$Proxy139.save(Unknown Source)
	at az.coders.cinemaplus.service.impl.CinemaServiceImpl.createCinema(CinemaServiceImpl.java:33)
	at az.coders.cinemaplus.controller.admin.CinemaController.createCinema(CinemaController.java:28)
	at java.base/jdk.internal.reflect.DirectMethodHandleAccessor.invoke(DirectMethodHandleAccessor.java:103)
	at java.base/java.lang.reflect.Method.invoke(Method.java:580)
	at org.springframework.web.method.support.InvocableHandlerMethod.doInvoke(InvocableHandlerMethod.java:258)
	at org.springframework.web.method.support.InvocableHandlerMethod.invokeForRequest(InvocableHandlerMethod.java:191)
	at org.springframework.web.servlet.mvc.method.annotation.ServletInvocableHandlerMethod.invokeAndHandle(ServletInvocableHandlerMethod.java:118)
	at org.springframework.web.servlet.mvc.method.annotation.RequestMappingHandlerAdapter.invokeHandlerMethod(RequestMappingHandlerAdapter.java:986)
	at org.springframework.web.servlet.mvc.method.annotation.RequestMappingHandlerAdapter.handleInternal(RequestMappingHandlerAdapter.java:891)
	at org.springframework.web.servlet.mvc.method.AbstractHandlerMethodAdapter.handle(AbstractHandlerMethodAdapter.java:87)
	at org.springframework.web.servlet.DispatcherServlet.doDispatch(DispatcherServlet.java:1089)
	at org.springframework.web.servlet.DispatcherServlet.doService(DispatcherServlet.java:979)
	at org.springframework.web.servlet.FrameworkServlet.processRequest(FrameworkServlet.java:1014)
	at org.springframework.web.servlet.FrameworkServlet.doPost(FrameworkServlet.java:914)
	at jakarta.servlet.http.HttpServlet.service(HttpServlet.java:590)
	at org.springframework.web.servlet.FrameworkServlet.service(FrameworkServlet.java:885)
	at jakarta.servlet.http.HttpServlet.service(HttpServlet.java:658)
	at org.apache.catalina.core.ApplicationFilterChain.internalDoFilter(ApplicationFilterChain.java:195)
	at org.apache.catalina.core.ApplicationFilterChain.doFilter(ApplicationFilterChain.java:140)
	at org.apache.tomcat.websocket.server.WsFilter.doFilter(WsFilter.java:51)
	at org.apache.catalina.core.ApplicationFilterChain.internalDoFilter(ApplicationFilterChain.java:164)
	at org.apache.catalina.core.ApplicationFilterChain.doFilter(ApplicationFilterChain.java:140)
	at az.coders.cinemaplus.config.LoggingFilter.doFilterInternal(LoggingFilter.java:28)
	at org.springframework.web.filter.OncePerRequestFilter.doFilter(OncePerRequestFilter.java:116)
	at org.apache.catalina.core.ApplicationFilterChain.internalDoFilter(ApplicationFilterChain.java:164)
	at org.apache.catalina.core.ApplicationFilterChain.doFilter(ApplicationFilterChain.java:140)
	at org.springframework.web.filter.OncePerRequestFilter.doFilter(OncePerRequestFilter.java:110)
	at org.apache.catalina.core.ApplicationFilterChain.internalDoFilter(ApplicationFilterChain.java:164)
	at org.apache.catalina.core.ApplicationFilterChain.doFilter(ApplicationFilterChain.java:140)
	at org.springframework.web.filter.CompositeFilter$VirtualFilterChain.doFilter(CompositeFilter.java:108)
	at org.springframework.security.web.FilterChainProxy.lambda$doFilterInternal$3(FilterChainProxy.java:231)
	at org.springframework.security.web.FilterChainProxy$VirtualFilterChain.doFilter(FilterChainProxy.java:365)
	at org.springframework.security.web.access.intercept.AuthorizationFilter.doFilter(AuthorizationFilter.java:101)
	at org.springframework.security.web.FilterChainProxy$VirtualFilterChain.doFilter(FilterChainProxy.java:374)
	at org.springframework.security.web.access.ExceptionTranslationFilter.doFilter(ExceptionTranslationFilter.java:126)
	at org.springframework.security.web.access.ExceptionTranslationFilter.doFilter(ExceptionTranslationFilter.java:120)
	at org.springframework.security.web.FilterChainProxy$VirtualFilterChain.doFilter(FilterChainProxy.java:374)
	at org.springframework.security.web.authentication.AnonymousAuthenticationFilter.doFilter(AnonymousAuthenticationFilter.java:100)
	at org.springframework.security.web.FilterChainProxy$VirtualFilterChain.doFilter(FilterChainProxy.java:374)
	at org.springframework.security.web.servletapi.SecurityContextHolderAwareRequestFilter.doFilter(SecurityContextHolderAwareRequestFilter.java:179)
	at org.springframework.security.web.FilterChainProxy$VirtualFilterChain.doFilter(FilterChainProxy.java:374)
	at org.springframework.security.web.savedrequest.RequestCacheAwareFilter.doFilter(RequestCacheAwareFilter.java:63)
	at org.springframework.security.web.FilterChainProxy$VirtualFilterChain.doFilter(FilterChainProxy.java:374)
	at az.coders.cinemaplus.config.JwtFilter.doFilterInternal(JwtFilter.java:42)
	at org.springframework.web.filter.OncePerRequestFilter.doFilter(OncePerRequestFilter.java:116)
	at org.springframework.security.web.FilterChainProxy$VirtualFilterChain.doFilter(FilterChainProxy.java:374)
	at org.springframework.security.web.authentication.logout.LogoutFilter.doFilter(LogoutFilter.java:107)
	at org.springframework.security.web.authentication.logout.LogoutFilter.doFilter(LogoutFilter.java:93)
	at org.springframework.security.web.FilterChainProxy$VirtualFilterChain.doFilter(FilterChainProxy.java:374)
	at org.springframework.security.web.header.HeaderWriterFilter.doHeadersAfter(HeaderWriterFilter.java:90)
	at org.springframework.security.web.header.HeaderWriterFilter.doFilterInternal(HeaderWriterFilter.java:75)
	at org.springframework.web.filter.OncePerRequestFilter.doFilter(OncePerRequestFilter.java:116)
	at org.springframework.security.web.FilterChainProxy$VirtualFilterChain.doFilter(FilterChainProxy.java:374)
	at org.springframework.security.web.context.SecurityContextHolderFilter.doFilter(SecurityContextHolderFilter.java:82)
	at org.springframework.security.web.context.SecurityContextHolderFilter.doFilter(SecurityContextHolderFilter.java:69)
	at org.springframework.security.web.FilterChainProxy$VirtualFilterChain.doFilter(FilterChainProxy.java:374)
	at org.springframework.security.web.context.request.async.WebAsyncManagerIntegrationFilter.doFilterInternal(WebAsyncManagerIntegrationFilter.java:62)
	at org.springframework.web.filter.OncePerRequestFilter.doFilter(OncePerRequestFilter.java:116)
	at org.springframework.security.web.FilterChainProxy$VirtualFilterChain.doFilter(FilterChainProxy.java:374)
	at org.springframework.security.web.session.DisableEncodeUrlFilter.doFilterInternal(DisableEncodeUrlFilter.java:42)
	at org.springframework.web.filter.OncePerRequestFilter.doFilter(OncePerRequestFilter.java:116)
	at org.springframework.security.web.FilterChainProxy$VirtualFilterChain.doFilter(FilterChainProxy.java:374)
	at org.springframework.security.web.FilterChainProxy.doFilterInternal(FilterChainProxy.java:233)
	at org.springframework.security.web.FilterChainProxy.doFilter(FilterChainProxy.java:191)
	at org.springframework.web.filter.CompositeFilter$VirtualFilterChain.doFilter(CompositeFilter.java:113)
	at org.springframework.web.servlet.handler.HandlerMappingIntrospector.lambda$createCacheFilter$3(HandlerMappingIntrospector.java:243)
	at org.springframework.web.filter.CompositeFilter$VirtualFilterChain.doFilter(CompositeFilter.java:113)
	at org.springframework.web.filter.CompositeFilter.doFilter(CompositeFilter.java:74)
	at org.springframework.security.config.annotation.web.configuration.WebMvcSecurityConfiguration$CompositeFilterChainProxy.doFilter(WebMvcSecurityConfiguration.java:238)
	at org.springframework.web.filter.DelegatingFilterProxy.invokeDelegate(DelegatingFilterProxy.java:362)
	at org.springframework.web.filter.DelegatingFilterProxy.doFilter(DelegatingFilterProxy.java:278)
	at org.apache.catalina.core.ApplicationFilterChain.internalDoFilter(ApplicationFilterChain.java:164)
	at org.apache.catalina.core.ApplicationFilterChain.doFilter(ApplicationFilterChain.java:140)
	at org.springframework.web.filter.RequestContextFilter.doFilterInternal(RequestContextFilter.java:100)
	at org.springframework.web.filter.OncePerRequestFilter.doFilter(OncePerRequestFilter.java:116)
	at org.apache.catalina.core.ApplicationFilterChain.internalDoFilter(ApplicationFilterChain.java:164)
	at org.apache.catalina.core.ApplicationFilterChain.doFilter(ApplicationFilterChain.java:140)
	at org.springframework.web.filter.FormContentFilter.doFilterInternal(FormContentFilter.java:93)
	at org.springframework.web.filter.OncePerRequestFilter.doFilter(OncePerRequestFilter.java:116)
	at org.apache.catalina.core.ApplicationFilterChain.internalDoFilter(ApplicationFilterChain.java:164)
	at org.apache.catalina.core.ApplicationFilterChain.doFilter(ApplicationFilterChain.java:140)
	at org.springframework.web.filter.CharacterEncodingFilter.doFilterInternal(CharacterEncodingFilter.java:201)
	at org.springframework.web.filter.OncePerRequestFilter.doFilter(OncePerRequestFilter.java:116)
	at org.apache.catalina.core.ApplicationFilterChain.internalDoFilter(ApplicationFilterChain.java:164)
	at org.apache.catalina.core.ApplicationFilterChain.doFilter(ApplicationFilterChain.java:140)
	at org.apache.catalina.core.StandardWrapperValve.invoke(StandardWrapperValve.java:167)
	at org.apache.catalina.core.StandardContextValve.invoke(StandardContextValve.java:90)
	at org.apache.catalina.authenticator.AuthenticatorBase.invoke(AuthenticatorBase.java:483)
	at org.apache.catalina.core.StandardHostValve.invoke(StandardHostValve.java:115)
	at org.apache.catalina.valves.ErrorReportValve.invoke(ErrorReportValve.java:93)
	at org.apache.catalina.core.StandardEngineValve.invoke(StandardEngineValve.java:74)
	at org.apache.catalina.connector.CoyoteAdapter.service(CoyoteAdapter.java:344)
	at org.apache.coyote.http11.Http11Processor.service(Http11Processor.java:397)
	at org.apache.coyote.AbstractProcessorLight.process(AbstractProcessorLight.java:63)
	at org.apache.coyote.AbstractProtocol$ConnectionHandler.process(AbstractProtocol.java:905)
	at org.apache.tomcat.util.net.NioEndpoint$SocketProcessor.doRun(NioEndpoint.java:1743)
	at org.apache.tomcat.util.net.SocketProcessorBase.run(SocketProcessorBase.java:52)
	at org.apache.tomcat.util.threads.ThreadPoolExecutor.runWorker(ThreadPoolExecutor.java:1190)
	at org.apache.tomcat.util.threads.ThreadPoolExecutor$Worker.run(ThreadPoolExecutor.java:659)
	at org.apache.tomcat.util.threads.TaskThread$WrappingRunnable.run(TaskThread.java:63)
	at java.base/java.lang.Thread.run(Thread.java:1570)
2025-04-25 19:58:13 [http-nio-8080-exec-2] ERROR o.a.c.c.C.[.[.[.[dispatcherServlet] - Servlet.service() for servlet [dispatcherServlet] in context with path [] threw exception [Request processing failed: org.springframework.orm.ObjectOptimisticLockingFailureException: Row was updated or deleted by another transaction (or unsaved-value mapping was incorrect): [az.coders.cinemaplus.entity.Cinema#1]] with root cause
org.hibernate.StaleObjectStateException: Row was updated or deleted by another transaction (or unsaved-value mapping was incorrect): [az.coders.cinemaplus.entity.Cinema#1]
	at org.hibernate.event.internal.DefaultMergeEventListener.entityIsDetached(DefaultMergeEventListener.java:426)
	at org.hibernate.event.internal.DefaultMergeEventListener.merge(DefaultMergeEventListener.java:214)
	at org.hibernate.event.internal.DefaultMergeEventListener.doMerge(DefaultMergeEventListener.java:152)
	at org.hibernate.event.internal.DefaultMergeEventListener.onMerge(DefaultMergeEventListener.java:136)
	at org.hibernate.event.internal.DefaultMergeEventListener.onMerge(DefaultMergeEventListener.java:89)
	at org.hibernate.event.service.internal.EventListenerGroupImpl.fireEventOnEachListener(EventListenerGroupImpl.java:127)
	at org.hibernate.internal.SessionImpl.fireMerge(SessionImpl.java:854)
	at org.hibernate.internal.SessionImpl.merge(SessionImpl.java:840)
	at java.base/jdk.internal.reflect.DirectMethodHandleAccessor.invoke(DirectMethodHandleAccessor.java:103)
	at java.base/java.lang.reflect.Method.invoke(Method.java:580)
	at org.springframework.orm.jpa.ExtendedEntityManagerCreator$ExtendedEntityManagerInvocationHandler.invoke(ExtendedEntityManagerCreator.java:364)
	at jdk.proxy2/jdk.proxy2.$Proxy128.merge(Unknown Source)
	at java.base/jdk.internal.reflect.DirectMethodHandleAccessor.invoke(DirectMethodHandleAccessor.java:103)
	at java.base/java.lang.reflect.Method.invoke(Method.java:580)
	at org.springframework.orm.jpa.SharedEntityManagerCreator$SharedEntityManagerInvocationHandler.invoke(SharedEntityManagerCreator.java:320)
	at jdk.proxy2/jdk.proxy2.$Proxy128.merge(Unknown Source)
	at org.springframework.data.jpa.repository.support.SimpleJpaRepository.save(SimpleJpaRepository.java:639)
	at java.base/jdk.internal.reflect.DirectMethodHandleAccessor.invoke(DirectMethodHandleAccessor.java:103)
	at java.base/java.lang.reflect.Method.invoke(Method.java:580)
	at org.springframework.aop.support.AopUtils.invokeJoinpointUsingReflection(AopUtils.java:359)
	at org.springframework.data.repository.core.support.RepositoryMethodInvoker$RepositoryFragmentMethodInvoker.lambda$new$0(RepositoryMethodInvoker.java:277)
	at org.springframework.data.repository.core.support.RepositoryMethodInvoker.doInvoke(RepositoryMethodInvoker.java:170)
	at org.springframework.data.repository.core.support.RepositoryMethodInvoker.invoke(RepositoryMethodInvoker.java:158)
	at org.springframework.data.repository.core.support.RepositoryComposition$RepositoryFragments.invoke(RepositoryComposition.java:515)
	at org.springframework.data.repository.core.support.RepositoryComposition.invoke(RepositoryComposition.java:284)
	at org.springframework.data.repository.core.support.RepositoryFactorySupport$ImplementationMethodExecutionInterceptor.invoke(RepositoryFactorySupport.java:731)
	at org.springframework.aop.framework.ReflectiveMethodInvocation.proceed(ReflectiveMethodInvocation.java:184)
	at org.springframework.data.repository.core.support.QueryExecutorMethodInterceptor.doInvoke(QueryExecutorMethodInterceptor.java:174)
	at org.springframework.data.repository.core.support.QueryExecutorMethodInterceptor.invoke(QueryExecutorMethodInterceptor.java:149)
	at org.springframework.aop.framework.ReflectiveMethodInvocation.proceed(ReflectiveMethodInvocation.java:184)
	at org.springframework.data.projection.DefaultMethodInvokingMethodInterceptor.invoke(DefaultMethodInvokingMethodInterceptor.java:69)
	at org.springframework.aop.framework.ReflectiveMethodInvocation.proceed(ReflectiveMethodInvocation.java:184)
	at org.springframework.transaction.interceptor.TransactionAspectSupport.invokeWithinTransaction(TransactionAspectSupport.java:380)
	at org.springframework.transaction.interceptor.TransactionInterceptor.invoke(TransactionInterceptor.java:119)
	at org.springframework.aop.framework.ReflectiveMethodInvocation.proceed(ReflectiveMethodInvocation.java:184)
	at org.springframework.dao.support.PersistenceExceptionTranslationInterceptor.invoke(PersistenceExceptionTranslationInterceptor.java:138)
	at org.springframework.aop.framework.ReflectiveMethodInvocation.proceed(ReflectiveMethodInvocation.java:184)
	at org.springframework.data.jpa.repository.support.CrudMethodMetadataPostProcessor$CrudMethodMetadataPopulatingMethodInterceptor.invoke(CrudMethodMetadataPostProcessor.java:165)
	at org.springframework.aop.framework.ReflectiveMethodInvocation.proceed(ReflectiveMethodInvocation.java:184)
	at org.springframework.aop.framework.JdkDynamicAopProxy.invoke(JdkDynamicAopProxy.java:223)
	at jdk.proxy2/jdk.proxy2.$Proxy139.save(Unknown Source)
	at az.coders.cinemaplus.service.impl.CinemaServiceImpl.createCinema(CinemaServiceImpl.java:33)
	at az.coders.cinemaplus.controller.admin.CinemaController.createCinema(CinemaController.java:28)
	at java.base/jdk.internal.reflect.DirectMethodHandleAccessor.invoke(DirectMethodHandleAccessor.java:103)
	at java.base/java.lang.reflect.Method.invoke(Method.java:580)
	at org.springframework.web.method.support.InvocableHandlerMethod.doInvoke(InvocableHandlerMethod.java:258)
	at org.springframework.web.method.support.InvocableHandlerMethod.invokeForRequest(InvocableHandlerMethod.java:191)
	at org.springframework.web.servlet.mvc.method.annotation.ServletInvocableHandlerMethod.invokeAndHandle(ServletInvocableHandlerMethod.java:118)
	at org.springframework.web.servlet.mvc.method.annotation.RequestMappingHandlerAdapter.invokeHandlerMethod(RequestMappingHandlerAdapter.java:986)
	at org.springframework.web.servlet.mvc.method.annotation.RequestMappingHandlerAdapter.handleInternal(RequestMappingHandlerAdapter.java:891)
	at org.springframework.web.servlet.mvc.method.AbstractHandlerMethodAdapter.handle(AbstractHandlerMethodAdapter.java:87)
	at org.springframework.web.servlet.DispatcherServlet.doDispatch(DispatcherServlet.java:1089)
	at org.springframework.web.servlet.DispatcherServlet.doService(DispatcherServlet.java:979)
	at org.springframework.web.servlet.FrameworkServlet.processRequest(FrameworkServlet.java:1014)
	at org.springframework.web.servlet.FrameworkServlet.doPost(FrameworkServlet.java:914)
	at jakarta.servlet.http.HttpServlet.service(HttpServlet.java:590)
	at org.springframework.web.servlet.FrameworkServlet.service(FrameworkServlet.java:885)
	at jakarta.servlet.http.HttpServlet.service(HttpServlet.java:658)
	at org.apache.catalina.core.ApplicationFilterChain.internalDoFilter(ApplicationFilterChain.java:195)
	at org.apache.catalina.core.ApplicationFilterChain.doFilter(ApplicationFilterChain.java:140)
	at org.apache.tomcat.websocket.server.WsFilter.doFilter(WsFilter.java:51)
	at org.apache.catalina.core.ApplicationFilterChain.internalDoFilter(ApplicationFilterChain.java:164)
	at org.apache.catalina.core.ApplicationFilterChain.doFilter(ApplicationFilterChain.java:140)
	at az.coders.cinemaplus.config.LoggingFilter.doFilterInternal(LoggingFilter.java:28)
	at org.springframework.web.filter.OncePerRequestFilter.doFilter(OncePerRequestFilter.java:116)
	at org.apache.catalina.core.ApplicationFilterChain.internalDoFilter(ApplicationFilterChain.java:164)
	at org.apache.catalina.core.ApplicationFilterChain.doFilter(ApplicationFilterChain.java:140)
	at org.springframework.web.filter.OncePerRequestFilter.doFilter(OncePerRequestFilter.java:110)
	at org.apache.catalina.core.ApplicationFilterChain.internalDoFilter(ApplicationFilterChain.java:164)
	at org.apache.catalina.core.ApplicationFilterChain.doFilter(ApplicationFilterChain.java:140)
	at org.springframework.web.filter.CompositeFilter$VirtualFilterChain.doFilter(CompositeFilter.java:108)
	at org.springframework.security.web.FilterChainProxy.lambda$doFilterInternal$3(FilterChainProxy.java:231)
	at org.springframework.security.web.FilterChainProxy$VirtualFilterChain.doFilter(FilterChainProxy.java:365)
	at org.springframework.security.web.access.intercept.AuthorizationFilter.doFilter(AuthorizationFilter.java:101)
	at org.springframework.security.web.FilterChainProxy$VirtualFilterChain.doFilter(FilterChainProxy.java:374)
	at org.springframework.security.web.access.ExceptionTranslationFilter.doFilter(ExceptionTranslationFilter.java:126)
	at org.springframework.security.web.access.ExceptionTranslationFilter.doFilter(ExceptionTranslationFilter.java:120)
	at org.springframework.security.web.FilterChainProxy$VirtualFilterChain.doFilter(FilterChainProxy.java:374)
	at org.springframework.security.web.authentication.AnonymousAuthenticationFilter.doFilter(AnonymousAuthenticationFilter.java:100)
	at org.springframework.security.web.FilterChainProxy$VirtualFilterChain.doFilter(FilterChainProxy.java:374)
	at org.springframework.security.web.servletapi.SecurityContextHolderAwareRequestFilter.doFilter(SecurityContextHolderAwareRequestFilter.java:179)
	at org.springframework.security.web.FilterChainProxy$VirtualFilterChain.doFilter(FilterChainProxy.java:374)
	at org.springframework.security.web.savedrequest.RequestCacheAwareFilter.doFilter(RequestCacheAwareFilter.java:63)
	at org.springframework.security.web.FilterChainProxy$VirtualFilterChain.doFilter(FilterChainProxy.java:374)
	at az.coders.cinemaplus.config.JwtFilter.doFilterInternal(JwtFilter.java:42)
	at org.springframework.web.filter.OncePerRequestFilter.doFilter(OncePerRequestFilter.java:116)
	at org.springframework.security.web.FilterChainProxy$VirtualFilterChain.doFilter(FilterChainProxy.java:374)
	at org.springframework.security.web.authentication.logout.LogoutFilter.doFilter(LogoutFilter.java:107)
	at org.springframework.security.web.authentication.logout.LogoutFilter.doFilter(LogoutFilter.java:93)
	at org.springframework.security.web.FilterChainProxy$VirtualFilterChain.doFilter(FilterChainProxy.java:374)
	at org.springframework.security.web.header.HeaderWriterFilter.doHeadersAfter(HeaderWriterFilter.java:90)
	at org.springframework.security.web.header.HeaderWriterFilter.doFilterInternal(HeaderWriterFilter.java:75)
	at org.springframework.web.filter.OncePerRequestFilter.doFilter(OncePerRequestFilter.java:116)
	at org.springframework.security.web.FilterChainProxy$VirtualFilterChain.doFilter(FilterChainProxy.java:374)
	at org.springframework.security.web.context.SecurityContextHolderFilter.doFilter(SecurityContextHolderFilter.java:82)
	at org.springframework.security.web.context.SecurityContextHolderFilter.doFilter(SecurityContextHolderFilter.java:69)
	at org.springframework.security.web.FilterChainProxy$VirtualFilterChain.doFilter(FilterChainProxy.java:374)
	at org.springframework.security.web.context.request.async.WebAsyncManagerIntegrationFilter.doFilterInternal(WebAsyncManagerIntegrationFilter.java:62)
	at org.springframework.web.filter.OncePerRequestFilter.doFilter(OncePerRequestFilter.java:116)
	at org.springframework.security.web.FilterChainProxy$VirtualFilterChain.doFilter(FilterChainProxy.java:374)
	at org.springframework.security.web.session.DisableEncodeUrlFilter.doFilterInternal(DisableEncodeUrlFilter.java:42)
	at org.springframework.web.filter.OncePerRequestFilter.doFilter(OncePerRequestFilter.java:116)
	at org.springframework.security.web.FilterChainProxy$VirtualFilterChain.doFilter(FilterChainProxy.java:374)
	at org.springframework.security.web.FilterChainProxy.doFilterInternal(FilterChainProxy.java:233)
	at org.springframework.security.web.FilterChainProxy.doFilter(FilterChainProxy.java:191)
	at org.springframework.web.filter.CompositeFilter$VirtualFilterChain.doFilter(CompositeFilter.java:113)
	at org.springframework.web.servlet.handler.HandlerMappingIntrospector.lambda$createCacheFilter$3(HandlerMappingIntrospector.java:243)
	at org.springframework.web.filter.CompositeFilter$VirtualFilterChain.doFilter(CompositeFilter.java:113)
	at org.springframework.web.filter.CompositeFilter.doFilter(CompositeFilter.java:74)
	at org.springframework.security.config.annotation.web.configuration.WebMvcSecurityConfiguration$CompositeFilterChainProxy.doFilter(WebMvcSecurityConfiguration.java:238)
	at org.springframework.web.filter.DelegatingFilterProxy.invokeDelegate(DelegatingFilterProxy.java:362)
	at org.springframework.web.filter.DelegatingFilterProxy.doFilter(DelegatingFilterProxy.java:278)
	at org.apache.catalina.core.ApplicationFilterChain.internalDoFilter(ApplicationFilterChain.java:164)
	at org.apache.catalina.core.ApplicationFilterChain.doFilter(ApplicationFilterChain.java:140)
	at org.springframework.web.filter.RequestContextFilter.doFilterInternal(RequestContextFilter.java:100)
	at org.springframework.web.filter.OncePerRequestFilter.doFilter(OncePerRequestFilter.java:116)
	at org.apache.catalina.core.ApplicationFilterChain.internalDoFilter(ApplicationFilterChain.java:164)
	at org.apache.catalina.core.ApplicationFilterChain.doFilter(ApplicationFilterChain.java:140)
	at org.springframework.web.filter.FormContentFilter.doFilterInternal(FormContentFilter.java:93)
	at org.springframework.web.filter.OncePerRequestFilter.doFilter(OncePerRequestFilter.java:116)
	at org.apache.catalina.core.ApplicationFilterChain.internalDoFilter(ApplicationFilterChain.java:164)
	at org.apache.catalina.core.ApplicationFilterChain.doFilter(ApplicationFilterChain.java:140)
	at org.springframework.web.filter.CharacterEncodingFilter.doFilterInternal(CharacterEncodingFilter.java:201)
	at org.springframework.web.filter.OncePerRequestFilter.doFilter(OncePerRequestFilter.java:116)
	at org.apache.catalina.core.ApplicationFilterChain.internalDoFilter(ApplicationFilterChain.java:164)
	at org.apache.catalina.core.ApplicationFilterChain.doFilter(ApplicationFilterChain.java:140)
	at org.apache.catalina.core.StandardWrapperValve.invoke(StandardWrapperValve.java:167)
	at org.apache.catalina.core.StandardContextValve.invoke(StandardContextValve.java:90)
	at org.apache.catalina.authenticator.AuthenticatorBase.invoke(AuthenticatorBase.java:483)
	at org.apache.catalina.core.StandardHostValve.invoke(StandardHostValve.java:115)
	at org.apache.catalina.valves.ErrorReportValve.invoke(ErrorReportValve.java:93)
	at org.apache.catalina.core.StandardEngineValve.invoke(StandardEngineValve.java:74)
	at org.apache.catalina.connector.CoyoteAdapter.service(CoyoteAdapter.java:344)
	at org.apache.coyote.http11.Http11Processor.service(Http11Processor.java:397)
	at org.apache.coyote.AbstractProcessorLight.process(AbstractProcessorLight.java:63)
	at org.apache.coyote.AbstractProtocol$ConnectionHandler.process(AbstractProtocol.java:905)
	at org.apache.tomcat.util.net.NioEndpoint$SocketProcessor.doRun(NioEndpoint.java:1743)
	at org.apache.tomcat.util.net.SocketProcessorBase.run(SocketProcessorBase.java:52)
	at org.apache.tomcat.util.threads.ThreadPoolExecutor.runWorker(ThreadPoolExecutor.java:1190)
	at org.apache.tomcat.util.threads.ThreadPoolExecutor$Worker.run(ThreadPoolExecutor.java:659)
	at org.apache.tomcat.util.threads.TaskThread$WrappingRunnable.run(TaskThread.java:63)
	at java.base/java.lang.Thread.run(Thread.java:1570)
2025-04-25 20:11:47 [http-nio-8080-exec-5] ERROR o.a.c.c.C.[.[.[.[dispatcherServlet] - Servlet.service() for servlet [dispatcherServlet] in context with path [] threw exception [Request processing failed: org.springframework.orm.ObjectOptimisticLockingFailureException: Row was updated or deleted by another transaction (or unsaved-value mapping was incorrect): [az.coders.cinemaplus.entity.Cinema#1073741824]] with root cause
org.hibernate.StaleObjectStateException: Row was updated or deleted by another transaction (or unsaved-value mapping was incorrect): [az.coders.cinemaplus.entity.Cinema#1073741824]
	at org.hibernate.event.internal.DefaultMergeEventListener.entityIsDetached(DefaultMergeEventListener.java:426)
	at org.hibernate.event.internal.DefaultMergeEventListener.merge(DefaultMergeEventListener.java:214)
	at org.hibernate.event.internal.DefaultMergeEventListener.doMerge(DefaultMergeEventListener.java:152)
	at org.hibernate.event.internal.DefaultMergeEventListener.onMerge(DefaultMergeEventListener.java:136)
	at org.hibernate.event.internal.DefaultMergeEventListener.onMerge(DefaultMergeEventListener.java:89)
	at org.hibernate.event.service.internal.EventListenerGroupImpl.fireEventOnEachListener(EventListenerGroupImpl.java:127)
	at org.hibernate.internal.SessionImpl.fireMerge(SessionImpl.java:854)
	at org.hibernate.internal.SessionImpl.merge(SessionImpl.java:840)
	at java.base/jdk.internal.reflect.DirectMethodHandleAccessor.invoke(DirectMethodHandleAccessor.java:103)
	at java.base/java.lang.reflect.Method.invoke(Method.java:580)
	at org.springframework.orm.jpa.ExtendedEntityManagerCreator$ExtendedEntityManagerInvocationHandler.invoke(ExtendedEntityManagerCreator.java:364)
	at jdk.proxy2/jdk.proxy2.$Proxy128.merge(Unknown Source)
	at java.base/jdk.internal.reflect.DirectMethodHandleAccessor.invoke(DirectMethodHandleAccessor.java:103)
	at java.base/java.lang.reflect.Method.invoke(Method.java:580)
	at org.springframework.orm.jpa.SharedEntityManagerCreator$SharedEntityManagerInvocationHandler.invoke(SharedEntityManagerCreator.java:320)
	at jdk.proxy2/jdk.proxy2.$Proxy128.merge(Unknown Source)
	at org.springframework.data.jpa.repository.support.SimpleJpaRepository.save(SimpleJpaRepository.java:639)
	at java.base/jdk.internal.reflect.DirectMethodHandleAccessor.invoke(DirectMethodHandleAccessor.java:103)
	at java.base/java.lang.reflect.Method.invoke(Method.java:580)
	at org.springframework.aop.support.AopUtils.invokeJoinpointUsingReflection(AopUtils.java:359)
	at org.springframework.data.repository.core.support.RepositoryMethodInvoker$RepositoryFragmentMethodInvoker.lambda$new$0(RepositoryMethodInvoker.java:277)
	at org.springframework.data.repository.core.support.RepositoryMethodInvoker.doInvoke(RepositoryMethodInvoker.java:170)
	at org.springframework.data.repository.core.support.RepositoryMethodInvoker.invoke(RepositoryMethodInvoker.java:158)
	at org.springframework.data.repository.core.support.RepositoryComposition$RepositoryFragments.invoke(RepositoryComposition.java:515)
	at org.springframework.data.repository.core.support.RepositoryComposition.invoke(RepositoryComposition.java:284)
	at org.springframework.data.repository.core.support.RepositoryFactorySupport$ImplementationMethodExecutionInterceptor.invoke(RepositoryFactorySupport.java:731)
	at org.springframework.aop.framework.ReflectiveMethodInvocation.proceed(ReflectiveMethodInvocation.java:184)
	at org.springframework.data.repository.core.support.QueryExecutorMethodInterceptor.doInvoke(QueryExecutorMethodInterceptor.java:174)
	at org.springframework.data.repository.core.support.QueryExecutorMethodInterceptor.invoke(QueryExecutorMethodInterceptor.java:149)
	at org.springframework.aop.framework.ReflectiveMethodInvocation.proceed(ReflectiveMethodInvocation.java:184)
	at org.springframework.data.projection.DefaultMethodInvokingMethodInterceptor.invoke(DefaultMethodInvokingMethodInterceptor.java:69)
	at org.springframework.aop.framework.ReflectiveMethodInvocation.proceed(ReflectiveMethodInvocation.java:184)
	at org.springframework.transaction.interceptor.TransactionAspectSupport.invokeWithinTransaction(TransactionAspectSupport.java:380)
	at org.springframework.transaction.interceptor.TransactionInterceptor.invoke(TransactionInterceptor.java:119)
	at org.springframework.aop.framework.ReflectiveMethodInvocation.proceed(ReflectiveMethodInvocation.java:184)
	at org.springframework.dao.support.PersistenceExceptionTranslationInterceptor.invoke(PersistenceExceptionTranslationInterceptor.java:138)
	at org.springframework.aop.framework.ReflectiveMethodInvocation.proceed(ReflectiveMethodInvocation.java:184)
	at org.springframework.data.jpa.repository.support.CrudMethodMetadataPostProcessor$CrudMethodMetadataPopulatingMethodInterceptor.invoke(CrudMethodMetadataPostProcessor.java:165)
	at org.springframework.aop.framework.ReflectiveMethodInvocation.proceed(ReflectiveMethodInvocation.java:184)
	at org.springframework.aop.framework.JdkDynamicAopProxy.invoke(JdkDynamicAopProxy.java:223)
	at jdk.proxy2/jdk.proxy2.$Proxy139.save(Unknown Source)
	at az.coders.cinemaplus.service.impl.CinemaServiceImpl.createCinema(CinemaServiceImpl.java:33)
	at az.coders.cinemaplus.controller.admin.CinemaController.createCinema(CinemaController.java:28)
	at java.base/jdk.internal.reflect.DirectMethodHandleAccessor.invoke(DirectMethodHandleAccessor.java:103)
	at java.base/java.lang.reflect.Method.invoke(Method.java:580)
	at org.springframework.web.method.support.InvocableHandlerMethod.doInvoke(InvocableHandlerMethod.java:258)
	at org.springframework.web.method.support.InvocableHandlerMethod.invokeForRequest(InvocableHandlerMethod.java:191)
	at org.springframework.web.servlet.mvc.method.annotation.ServletInvocableHandlerMethod.invokeAndHandle(ServletInvocableHandlerMethod.java:118)
	at org.springframework.web.servlet.mvc.method.annotation.RequestMappingHandlerAdapter.invokeHandlerMethod(RequestMappingHandlerAdapter.java:986)
	at org.springframework.web.servlet.mvc.method.annotation.RequestMappingHandlerAdapter.handleInternal(RequestMappingHandlerAdapter.java:891)
	at org.springframework.web.servlet.mvc.method.AbstractHandlerMethodAdapter.handle(AbstractHandlerMethodAdapter.java:87)
	at org.springframework.web.servlet.DispatcherServlet.doDispatch(DispatcherServlet.java:1089)
	at org.springframework.web.servlet.DispatcherServlet.doService(DispatcherServlet.java:979)
	at org.springframework.web.servlet.FrameworkServlet.processRequest(FrameworkServlet.java:1014)
	at org.springframework.web.servlet.FrameworkServlet.doPost(FrameworkServlet.java:914)
	at jakarta.servlet.http.HttpServlet.service(HttpServlet.java:590)
	at org.springframework.web.servlet.FrameworkServlet.service(FrameworkServlet.java:885)
	at jakarta.servlet.http.HttpServlet.service(HttpServlet.java:658)
	at org.apache.catalina.core.ApplicationFilterChain.internalDoFilter(ApplicationFilterChain.java:195)
	at org.apache.catalina.core.ApplicationFilterChain.doFilter(ApplicationFilterChain.java:140)
	at org.apache.tomcat.websocket.server.WsFilter.doFilter(WsFilter.java:51)
	at org.apache.catalina.core.ApplicationFilterChain.internalDoFilter(ApplicationFilterChain.java:164)
	at org.apache.catalina.core.ApplicationFilterChain.doFilter(ApplicationFilterChain.java:140)
	at az.coders.cinemaplus.config.LoggingFilter.doFilterInternal(LoggingFilter.java:28)
	at org.springframework.web.filter.OncePerRequestFilter.doFilter(OncePerRequestFilter.java:116)
	at org.apache.catalina.core.ApplicationFilterChain.internalDoFilter(ApplicationFilterChain.java:164)
	at org.apache.catalina.core.ApplicationFilterChain.doFilter(ApplicationFilterChain.java:140)
	at org.springframework.web.filter.OncePerRequestFilter.doFilter(OncePerRequestFilter.java:110)
	at org.apache.catalina.core.ApplicationFilterChain.internalDoFilter(ApplicationFilterChain.java:164)
	at org.apache.catalina.core.ApplicationFilterChain.doFilter(ApplicationFilterChain.java:140)
	at org.springframework.web.filter.CompositeFilter$VirtualFilterChain.doFilter(CompositeFilter.java:108)
	at org.springframework.security.web.FilterChainProxy.lambda$doFilterInternal$3(FilterChainProxy.java:231)
	at org.springframework.security.web.FilterChainProxy$VirtualFilterChain.doFilter(FilterChainProxy.java:365)
	at org.springframework.security.web.access.intercept.AuthorizationFilter.doFilter(AuthorizationFilter.java:101)
	at org.springframework.security.web.FilterChainProxy$VirtualFilterChain.doFilter(FilterChainProxy.java:374)
	at org.springframework.security.web.access.ExceptionTranslationFilter.doFilter(ExceptionTranslationFilter.java:126)
	at org.springframework.security.web.access.ExceptionTranslationFilter.doFilter(ExceptionTranslationFilter.java:120)
	at org.springframework.security.web.FilterChainProxy$VirtualFilterChain.doFilter(FilterChainProxy.java:374)
	at org.springframework.security.web.authentication.AnonymousAuthenticationFilter.doFilter(AnonymousAuthenticationFilter.java:100)
	at org.springframework.security.web.FilterChainProxy$VirtualFilterChain.doFilter(FilterChainProxy.java:374)
	at org.springframework.security.web.servletapi.SecurityContextHolderAwareRequestFilter.doFilter(SecurityContextHolderAwareRequestFilter.java:179)
	at org.springframework.security.web.FilterChainProxy$VirtualFilterChain.doFilter(FilterChainProxy.java:374)
	at org.springframework.security.web.savedrequest.RequestCacheAwareFilter.doFilter(RequestCacheAwareFilter.java:63)
	at org.springframework.security.web.FilterChainProxy$VirtualFilterChain.doFilter(FilterChainProxy.java:374)
	at az.coders.cinemaplus.config.JwtFilter.doFilterInternal(JwtFilter.java:42)
	at org.springframework.web.filter.OncePerRequestFilter.doFilter(OncePerRequestFilter.java:116)
	at org.springframework.security.web.FilterChainProxy$VirtualFilterChain.doFilter(FilterChainProxy.java:374)
	at org.springframework.security.web.authentication.logout.LogoutFilter.doFilter(LogoutFilter.java:107)
	at org.springframework.security.web.authentication.logout.LogoutFilter.doFilter(LogoutFilter.java:93)
	at org.springframework.security.web.FilterChainProxy$VirtualFilterChain.doFilter(FilterChainProxy.java:374)
	at org.springframework.security.web.header.HeaderWriterFilter.doHeadersAfter(HeaderWriterFilter.java:90)
	at org.springframework.security.web.header.HeaderWriterFilter.doFilterInternal(HeaderWriterFilter.java:75)
	at org.springframework.web.filter.OncePerRequestFilter.doFilter(OncePerRequestFilter.java:116)
	at org.springframework.security.web.FilterChainProxy$VirtualFilterChain.doFilter(FilterChainProxy.java:374)
	at org.springframework.security.web.context.SecurityContextHolderFilter.doFilter(SecurityContextHolderFilter.java:82)
	at org.springframework.security.web.context.SecurityContextHolderFilter.doFilter(SecurityContextHolderFilter.java:69)
	at org.springframework.security.web.FilterChainProxy$VirtualFilterChain.doFilter(FilterChainProxy.java:374)
	at org.springframework.security.web.context.request.async.WebAsyncManagerIntegrationFilter.doFilterInternal(WebAsyncManagerIntegrationFilter.java:62)
	at org.springframework.web.filter.OncePerRequestFilter.doFilter(OncePerRequestFilter.java:116)
	at org.springframework.security.web.FilterChainProxy$VirtualFilterChain.doFilter(FilterChainProxy.java:374)
	at org.springframework.security.web.session.DisableEncodeUrlFilter.doFilterInternal(DisableEncodeUrlFilter.java:42)
	at org.springframework.web.filter.OncePerRequestFilter.doFilter(OncePerRequestFilter.java:116)
	at org.springframework.security.web.FilterChainProxy$VirtualFilterChain.doFilter(FilterChainProxy.java:374)
	at org.springframework.security.web.FilterChainProxy.doFilterInternal(FilterChainProxy.java:233)
	at org.springframework.security.web.FilterChainProxy.doFilter(FilterChainProxy.java:191)
	at org.springframework.web.filter.CompositeFilter$VirtualFilterChain.doFilter(CompositeFilter.java:113)
	at org.springframework.web.servlet.handler.HandlerMappingIntrospector.lambda$createCacheFilter$3(HandlerMappingIntrospector.java:243)
	at org.springframework.web.filter.CompositeFilter$VirtualFilterChain.doFilter(CompositeFilter.java:113)
	at org.springframework.web.filter.CompositeFilter.doFilter(CompositeFilter.java:74)
	at org.springframework.security.config.annotation.web.configuration.WebMvcSecurityConfiguration$CompositeFilterChainProxy.doFilter(WebMvcSecurityConfiguration.java:238)
	at org.springframework.web.filter.DelegatingFilterProxy.invokeDelegate(DelegatingFilterProxy.java:362)
	at org.springframework.web.filter.DelegatingFilterProxy.doFilter(DelegatingFilterProxy.java:278)
	at org.apache.catalina.core.ApplicationFilterChain.internalDoFilter(ApplicationFilterChain.java:164)
	at org.apache.catalina.core.ApplicationFilterChain.doFilter(ApplicationFilterChain.java:140)
	at org.springframework.web.filter.RequestContextFilter.doFilterInternal(RequestContextFilter.java:100)
	at org.springframework.web.filter.OncePerRequestFilter.doFilter(OncePerRequestFilter.java:116)
	at org.apache.catalina.core.ApplicationFilterChain.internalDoFilter(ApplicationFilterChain.java:164)
	at org.apache.catalina.core.ApplicationFilterChain.doFilter(ApplicationFilterChain.java:140)
	at org.springframework.web.filter.FormContentFilter.doFilterInternal(FormContentFilter.java:93)
	at org.springframework.web.filter.OncePerRequestFilter.doFilter(OncePerRequestFilter.java:116)
	at org.apache.catalina.core.ApplicationFilterChain.internalDoFilter(ApplicationFilterChain.java:164)
	at org.apache.catalina.core.ApplicationFilterChain.doFilter(ApplicationFilterChain.java:140)
	at org.springframework.web.filter.CharacterEncodingFilter.doFilterInternal(CharacterEncodingFilter.java:201)
	at org.springframework.web.filter.OncePerRequestFilter.doFilter(OncePerRequestFilter.java:116)
	at org.apache.catalina.core.ApplicationFilterChain.internalDoFilter(ApplicationFilterChain.java:164)
	at org.apache.catalina.core.ApplicationFilterChain.doFilter(ApplicationFilterChain.java:140)
	at org.apache.catalina.core.StandardWrapperValve.invoke(StandardWrapperValve.java:167)
	at org.apache.catalina.core.StandardContextValve.invoke(StandardContextValve.java:90)
	at org.apache.catalina.authenticator.AuthenticatorBase.invoke(AuthenticatorBase.java:483)
	at org.apache.catalina.core.StandardHostValve.invoke(StandardHostValve.java:115)
	at org.apache.catalina.valves.ErrorReportValve.invoke(ErrorReportValve.java:93)
	at org.apache.catalina.core.StandardEngineValve.invoke(StandardEngineValve.java:74)
	at org.apache.catalina.connector.CoyoteAdapter.service(CoyoteAdapter.java:344)
	at org.apache.coyote.http11.Http11Processor.service(Http11Processor.java:397)
	at org.apache.coyote.AbstractProcessorLight.process(AbstractProcessorLight.java:63)
	at org.apache.coyote.AbstractProtocol$ConnectionHandler.process(AbstractProtocol.java:905)
	at org.apache.tomcat.util.net.NioEndpoint$SocketProcessor.doRun(NioEndpoint.java:1743)
	at org.apache.tomcat.util.net.SocketProcessorBase.run(SocketProcessorBase.java:52)
	at org.apache.tomcat.util.threads.ThreadPoolExecutor.runWorker(ThreadPoolExecutor.java:1190)
	at org.apache.tomcat.util.threads.ThreadPoolExecutor$Worker.run(ThreadPoolExecutor.java:659)
	at org.apache.tomcat.util.threads.TaskThread$WrappingRunnable.run(TaskThread.java:63)
	at java.base/java.lang.Thread.run(Thread.java:1570)
2025-04-25 20:15:10 [http-nio-8080-exec-6] ERROR o.a.c.c.C.[.[.[.[dispatcherServlet] - Servlet.service() for servlet [dispatcherServlet] in context with path [] threw exception [Request processing failed: org.springframework.orm.ObjectOptimisticLockingFailureException: Row was updated or deleted by another transaction (or unsaved-value mapping was incorrect): [az.coders.cinemaplus.entity.CinemaTranslation#10]] with root cause
org.hibernate.StaleObjectStateException: Row was updated or deleted by another transaction (or unsaved-value mapping was incorrect): [az.coders.cinemaplus.entity.CinemaTranslation#10]
	at org.hibernate.event.internal.DefaultMergeEventListener.entityIsDetached(DefaultMergeEventListener.java:426)
	at org.hibernate.event.internal.DefaultMergeEventListener.merge(DefaultMergeEventListener.java:214)
	at org.hibernate.event.internal.DefaultMergeEventListener.doMerge(DefaultMergeEventListener.java:152)
	at org.hibernate.event.internal.DefaultMergeEventListener.onMerge(DefaultMergeEventListener.java:136)
	at org.hibernate.event.service.internal.EventListenerGroupImpl.fireEventOnEachListener(EventListenerGroupImpl.java:138)
	at org.hibernate.internal.SessionImpl.fireMerge(SessionImpl.java:875)
	at org.hibernate.internal.SessionImpl.merge(SessionImpl.java:846)
	at org.hibernate.engine.spi.CascadingActions$6.cascade(CascadingActions.java:258)
	at org.hibernate.engine.spi.CascadingActions$6.cascade(CascadingActions.java:248)
	at org.hibernate.engine.internal.Cascade.cascadeToOne(Cascade.java:570)
	at org.hibernate.engine.internal.Cascade.cascadeAssociation(Cascade.java:492)
	at org.hibernate.engine.internal.Cascade.cascadeProperty(Cascade.java:253)
	at org.hibernate.engine.internal.Cascade.cascadeCollectionElements(Cascade.java:604)
	at org.hibernate.engine.internal.Cascade.cascadeCollection(Cascade.java:534)
	at org.hibernate.engine.internal.Cascade.cascadeAssociation(Cascade.java:495)
	at org.hibernate.engine.internal.Cascade.cascadeProperty(Cascade.java:253)
	at org.hibernate.engine.internal.Cascade.cascade(Cascade.java:192)
	at org.hibernate.event.internal.DefaultMergeEventListener.cascadeOnMerge(DefaultMergeEventListener.java:667)
	at org.hibernate.event.internal.DefaultMergeEventListener.entityIsDetached(DefaultMergeEventListener.java:441)
	at org.hibernate.event.internal.DefaultMergeEventListener.merge(DefaultMergeEventListener.java:214)
	at org.hibernate.event.internal.DefaultMergeEventListener.doMerge(DefaultMergeEventListener.java:152)
	at org.hibernate.event.internal.DefaultMergeEventListener.onMerge(DefaultMergeEventListener.java:136)
	at org.hibernate.event.internal.DefaultMergeEventListener.onMerge(DefaultMergeEventListener.java:89)
	at org.hibernate.event.service.internal.EventListenerGroupImpl.fireEventOnEachListener(EventListenerGroupImpl.java:127)
	at org.hibernate.internal.SessionImpl.fireMerge(SessionImpl.java:854)
	at org.hibernate.internal.SessionImpl.merge(SessionImpl.java:840)
	at java.base/jdk.internal.reflect.DirectMethodHandleAccessor.invoke(DirectMethodHandleAccessor.java:103)
	at java.base/java.lang.reflect.Method.invoke(Method.java:580)
	at org.springframework.orm.jpa.ExtendedEntityManagerCreator$ExtendedEntityManagerInvocationHandler.invoke(ExtendedEntityManagerCreator.java:364)
	at jdk.proxy2/jdk.proxy2.$Proxy128.merge(Unknown Source)
	at java.base/jdk.internal.reflect.DirectMethodHandleAccessor.invoke(DirectMethodHandleAccessor.java:103)
	at java.base/java.lang.reflect.Method.invoke(Method.java:580)
	at org.springframework.orm.jpa.SharedEntityManagerCreator$SharedEntityManagerInvocationHandler.invoke(SharedEntityManagerCreator.java:320)
	at jdk.proxy2/jdk.proxy2.$Proxy128.merge(Unknown Source)
	at org.springframework.data.jpa.repository.support.SimpleJpaRepository.save(SimpleJpaRepository.java:639)
	at java.base/jdk.internal.reflect.DirectMethodHandleAccessor.invoke(DirectMethodHandleAccessor.java:103)
	at java.base/java.lang.reflect.Method.invoke(Method.java:580)
	at org.springframework.aop.support.AopUtils.invokeJoinpointUsingReflection(AopUtils.java:359)
	at org.springframework.data.repository.core.support.RepositoryMethodInvoker$RepositoryFragmentMethodInvoker.lambda$new$0(RepositoryMethodInvoker.java:277)
	at org.springframework.data.repository.core.support.RepositoryMethodInvoker.doInvoke(RepositoryMethodInvoker.java:170)
	at org.springframework.data.repository.core.support.RepositoryMethodInvoker.invoke(RepositoryMethodInvoker.java:158)
	at org.springframework.data.repository.core.support.RepositoryComposition$RepositoryFragments.invoke(RepositoryComposition.java:515)
	at org.springframework.data.repository.core.support.RepositoryComposition.invoke(RepositoryComposition.java:284)
	at org.springframework.data.repository.core.support.RepositoryFactorySupport$ImplementationMethodExecutionInterceptor.invoke(RepositoryFactorySupport.java:731)
	at org.springframework.aop.framework.ReflectiveMethodInvocation.proceed(ReflectiveMethodInvocation.java:184)
	at org.springframework.data.repository.core.support.QueryExecutorMethodInterceptor.doInvoke(QueryExecutorMethodInterceptor.java:174)
	at org.springframework.data.repository.core.support.QueryExecutorMethodInterceptor.invoke(QueryExecutorMethodInterceptor.java:149)
	at org.springframework.aop.framework.ReflectiveMethodInvocation.proceed(ReflectiveMethodInvocation.java:184)
	at org.springframework.data.projection.DefaultMethodInvokingMethodInterceptor.invoke(DefaultMethodInvokingMethodInterceptor.java:69)
	at org.springframework.aop.framework.ReflectiveMethodInvocation.proceed(ReflectiveMethodInvocation.java:184)
	at org.springframework.transaction.interceptor.TransactionAspectSupport.invokeWithinTransaction(TransactionAspectSupport.java:380)
	at org.springframework.transaction.interceptor.TransactionInterceptor.invoke(TransactionInterceptor.java:119)
	at org.springframework.aop.framework.ReflectiveMethodInvocation.proceed(ReflectiveMethodInvocation.java:184)
	at org.springframework.dao.support.PersistenceExceptionTranslationInterceptor.invoke(PersistenceExceptionTranslationInterceptor.java:138)
	at org.springframework.aop.framework.ReflectiveMethodInvocation.proceed(ReflectiveMethodInvocation.java:184)
	at org.springframework.data.jpa.repository.support.CrudMethodMetadataPostProcessor$CrudMethodMetadataPopulatingMethodInterceptor.invoke(CrudMethodMetadataPostProcessor.java:165)
	at org.springframework.aop.framework.ReflectiveMethodInvocation.proceed(ReflectiveMethodInvocation.java:184)
	at org.springframework.aop.framework.JdkDynamicAopProxy.invoke(JdkDynamicAopProxy.java:223)
	at jdk.proxy2/jdk.proxy2.$Proxy139.save(Unknown Source)
	at az.coders.cinemaplus.service.impl.CinemaServiceImpl.updateCinema(CinemaServiceImpl.java:48)
	at az.coders.cinemaplus.controller.admin.CinemaController.updateCinema(CinemaController.java:37)
	at java.base/jdk.internal.reflect.DirectMethodHandleAccessor.invoke(DirectMethodHandleAccessor.java:103)
	at java.base/java.lang.reflect.Method.invoke(Method.java:580)
	at org.springframework.web.method.support.InvocableHandlerMethod.doInvoke(InvocableHandlerMethod.java:258)
	at org.springframework.web.method.support.InvocableHandlerMethod.invokeForRequest(InvocableHandlerMethod.java:191)
	at org.springframework.web.servlet.mvc.method.annotation.ServletInvocableHandlerMethod.invokeAndHandle(ServletInvocableHandlerMethod.java:118)
	at org.springframework.web.servlet.mvc.method.annotation.RequestMappingHandlerAdapter.invokeHandlerMethod(RequestMappingHandlerAdapter.java:986)
	at org.springframework.web.servlet.mvc.method.annotation.RequestMappingHandlerAdapter.handleInternal(RequestMappingHandlerAdapter.java:891)
	at org.springframework.web.servlet.mvc.method.AbstractHandlerMethodAdapter.handle(AbstractHandlerMethodAdapter.java:87)
	at org.springframework.web.servlet.DispatcherServlet.doDispatch(DispatcherServlet.java:1089)
	at org.springframework.web.servlet.DispatcherServlet.doService(DispatcherServlet.java:979)
	at org.springframework.web.servlet.FrameworkServlet.processRequest(FrameworkServlet.java:1014)
	at org.springframework.web.servlet.FrameworkServlet.doPut(FrameworkServlet.java:925)
	at jakarta.servlet.http.HttpServlet.service(HttpServlet.java:593)
	at org.springframework.web.servlet.FrameworkServlet.service(FrameworkServlet.java:885)
	at jakarta.servlet.http.HttpServlet.service(HttpServlet.java:658)
	at org.apache.catalina.core.ApplicationFilterChain.internalDoFilter(ApplicationFilterChain.java:195)
	at org.apache.catalina.core.ApplicationFilterChain.doFilter(ApplicationFilterChain.java:140)
	at org.apache.tomcat.websocket.server.WsFilter.doFilter(WsFilter.java:51)
	at org.apache.catalina.core.ApplicationFilterChain.internalDoFilter(ApplicationFilterChain.java:164)
	at org.apache.catalina.core.ApplicationFilterChain.doFilter(ApplicationFilterChain.java:140)
	at az.coders.cinemaplus.config.LoggingFilter.doFilterInternal(LoggingFilter.java:28)
	at org.springframework.web.filter.OncePerRequestFilter.doFilter(OncePerRequestFilter.java:116)
	at org.apache.catalina.core.ApplicationFilterChain.internalDoFilter(ApplicationFilterChain.java:164)
	at org.apache.catalina.core.ApplicationFilterChain.doFilter(ApplicationFilterChain.java:140)
	at org.springframework.web.filter.OncePerRequestFilter.doFilter(OncePerRequestFilter.java:110)
	at org.apache.catalina.core.ApplicationFilterChain.internalDoFilter(ApplicationFilterChain.java:164)
	at org.apache.catalina.core.ApplicationFilterChain.doFilter(ApplicationFilterChain.java:140)
	at org.springframework.web.filter.CompositeFilter$VirtualFilterChain.doFilter(CompositeFilter.java:108)
	at org.springframework.security.web.FilterChainProxy.lambda$doFilterInternal$3(FilterChainProxy.java:231)
	at org.springframework.security.web.FilterChainProxy$VirtualFilterChain.doFilter(FilterChainProxy.java:365)
	at org.springframework.security.web.access.intercept.AuthorizationFilter.doFilter(AuthorizationFilter.java:101)
	at org.springframework.security.web.FilterChainProxy$VirtualFilterChain.doFilter(FilterChainProxy.java:374)
	at org.springframework.security.web.access.ExceptionTranslationFilter.doFilter(ExceptionTranslationFilter.java:126)
	at org.springframework.security.web.access.ExceptionTranslationFilter.doFilter(ExceptionTranslationFilter.java:120)
	at org.springframework.security.web.FilterChainProxy$VirtualFilterChain.doFilter(FilterChainProxy.java:374)
	at org.springframework.security.web.authentication.AnonymousAuthenticationFilter.doFilter(AnonymousAuthenticationFilter.java:100)
	at org.springframework.security.web.FilterChainProxy$VirtualFilterChain.doFilter(FilterChainProxy.java:374)
	at org.springframework.security.web.servletapi.SecurityContextHolderAwareRequestFilter.doFilter(SecurityContextHolderAwareRequestFilter.java:179)
	at org.springframework.security.web.FilterChainProxy$VirtualFilterChain.doFilter(FilterChainProxy.java:374)
	at org.springframework.security.web.savedrequest.RequestCacheAwareFilter.doFilter(RequestCacheAwareFilter.java:63)
	at org.springframework.security.web.FilterChainProxy$VirtualFilterChain.doFilter(FilterChainProxy.java:374)
	at az.coders.cinemaplus.config.JwtFilter.doFilterInternal(JwtFilter.java:42)
	at org.springframework.web.filter.OncePerRequestFilter.doFilter(OncePerRequestFilter.java:116)
	at org.springframework.security.web.FilterChainProxy$VirtualFilterChain.doFilter(FilterChainProxy.java:374)
	at org.springframework.security.web.authentication.logout.LogoutFilter.doFilter(LogoutFilter.java:107)
	at org.springframework.security.web.authentication.logout.LogoutFilter.doFilter(LogoutFilter.java:93)
	at org.springframework.security.web.FilterChainProxy$VirtualFilterChain.doFilter(FilterChainProxy.java:374)
	at org.springframework.security.web.header.HeaderWriterFilter.doHeadersAfter(HeaderWriterFilter.java:90)
	at org.springframework.security.web.header.HeaderWriterFilter.doFilterInternal(HeaderWriterFilter.java:75)
	at org.springframework.web.filter.OncePerRequestFilter.doFilter(OncePerRequestFilter.java:116)
	at org.springframework.security.web.FilterChainProxy$VirtualFilterChain.doFilter(FilterChainProxy.java:374)
	at org.springframework.security.web.context.SecurityContextHolderFilter.doFilter(SecurityContextHolderFilter.java:82)
	at org.springframework.security.web.context.SecurityContextHolderFilter.doFilter(SecurityContextHolderFilter.java:69)
	at org.springframework.security.web.FilterChainProxy$VirtualFilterChain.doFilter(FilterChainProxy.java:374)
	at org.springframework.security.web.context.request.async.WebAsyncManagerIntegrationFilter.doFilterInternal(WebAsyncManagerIntegrationFilter.java:62)
	at org.springframework.web.filter.OncePerRequestFilter.doFilter(OncePerRequestFilter.java:116)
	at org.springframework.security.web.FilterChainProxy$VirtualFilterChain.doFilter(FilterChainProxy.java:374)
	at org.springframework.security.web.session.DisableEncodeUrlFilter.doFilterInternal(DisableEncodeUrlFilter.java:42)
	at org.springframework.web.filter.OncePerRequestFilter.doFilter(OncePerRequestFilter.java:116)
	at org.springframework.security.web.FilterChainProxy$VirtualFilterChain.doFilter(FilterChainProxy.java:374)
	at org.springframework.security.web.FilterChainProxy.doFilterInternal(FilterChainProxy.java:233)
	at org.springframework.security.web.FilterChainProxy.doFilter(FilterChainProxy.java:191)
	at org.springframework.web.filter.CompositeFilter$VirtualFilterChain.doFilter(CompositeFilter.java:113)
	at org.springframework.web.servlet.handler.HandlerMappingIntrospector.lambda$createCacheFilter$3(HandlerMappingIntrospector.java:243)
	at org.springframework.web.filter.CompositeFilter$VirtualFilterChain.doFilter(CompositeFilter.java:113)
	at org.springframework.web.filter.CompositeFilter.doFilter(CompositeFilter.java:74)
	at org.springframework.security.config.annotation.web.configuration.WebMvcSecurityConfiguration$CompositeFilterChainProxy.doFilter(WebMvcSecurityConfiguration.java:238)
	at org.springframework.web.filter.DelegatingFilterProxy.invokeDelegate(DelegatingFilterProxy.java:362)
	at org.springframework.web.filter.DelegatingFilterProxy.doFilter(DelegatingFilterProxy.java:278)
	at org.apache.catalina.core.ApplicationFilterChain.internalDoFilter(ApplicationFilterChain.java:164)
	at org.apache.catalina.core.ApplicationFilterChain.doFilter(ApplicationFilterChain.java:140)
	at org.springframework.web.filter.RequestContextFilter.doFilterInternal(RequestContextFilter.java:100)
	at org.springframework.web.filter.OncePerRequestFilter.doFilter(OncePerRequestFilter.java:116)
	at org.apache.catalina.core.ApplicationFilterChain.internalDoFilter(ApplicationFilterChain.java:164)
	at org.apache.catalina.core.ApplicationFilterChain.doFilter(ApplicationFilterChain.java:140)
	at org.springframework.web.filter.FormContentFilter.doFilterInternal(FormContentFilter.java:93)
	at org.springframework.web.filter.OncePerRequestFilter.doFilter(OncePerRequestFilter.java:116)
	at org.apache.catalina.core.ApplicationFilterChain.internalDoFilter(ApplicationFilterChain.java:164)
	at org.apache.catalina.core.ApplicationFilterChain.doFilter(ApplicationFilterChain.java:140)
	at org.springframework.web.filter.CharacterEncodingFilter.doFilterInternal(CharacterEncodingFilter.java:201)
	at org.springframework.web.filter.OncePerRequestFilter.doFilter(OncePerRequestFilter.java:116)
	at org.apache.catalina.core.ApplicationFilterChain.internalDoFilter(ApplicationFilterChain.java:164)
	at org.apache.catalina.core.ApplicationFilterChain.doFilter(ApplicationFilterChain.java:140)
	at org.apache.catalina.core.StandardWrapperValve.invoke(StandardWrapperValve.java:167)
	at org.apache.catalina.core.StandardContextValve.invoke(StandardContextValve.java:90)
	at org.apache.catalina.authenticator.AuthenticatorBase.invoke(AuthenticatorBase.java:483)
	at org.apache.catalina.core.StandardHostValve.invoke(StandardHostValve.java:115)
	at org.apache.catalina.valves.ErrorReportValve.invoke(ErrorReportValve.java:93)
	at org.apache.catalina.core.StandardEngineValve.invoke(StandardEngineValve.java:74)
	at org.apache.catalina.connector.CoyoteAdapter.service(CoyoteAdapter.java:344)
	at org.apache.coyote.http11.Http11Processor.service(Http11Processor.java:397)
	at org.apache.coyote.AbstractProcessorLight.process(AbstractProcessorLight.java:63)
	at org.apache.coyote.AbstractProtocol$ConnectionHandler.process(AbstractProtocol.java:905)
	at org.apache.tomcat.util.net.NioEndpoint$SocketProcessor.doRun(NioEndpoint.java:1743)
	at org.apache.tomcat.util.net.SocketProcessorBase.run(SocketProcessorBase.java:52)
	at org.apache.tomcat.util.threads.ThreadPoolExecutor.runWorker(ThreadPoolExecutor.java:1190)
	at org.apache.tomcat.util.threads.ThreadPoolExecutor$Worker.run(ThreadPoolExecutor.java:659)
	at org.apache.tomcat.util.threads.TaskThread$WrappingRunnable.run(TaskThread.java:63)
	at java.base/java.lang.Thread.run(Thread.java:1570)
